id	label_format	priority	dry_run_override
soneva-corals	raw imgs+3D	3	
benthoz15	JPEG+CSV	4	needs_yohan:the bucket prefix IMOS/AUV/ holds ~30 AUV campaigns 2007-2023 (confirmed via delimiter listing); the exact per-dive subset that makes up the published BENTHOZ-2015 9,874-image set (Bewley et al. 2015 supplementary) is not identifiable from the bucket alone
seatizen-atlas	JPEG+CSV	4	
noaa-coral-icra	parquet	3	
coralnet-small	parquet	2	
tascpc	JPEG+CSV	3	
eilat-rsmas	PNG patches	2	needs_adapter:site-scrape — page https://sci2s.ugr.es/CNN-coral-image-classification only linked StructureRSMAS.zip on this pass (host needed -k/-L, plain http 301s to https); the EILAT+RSMAS image archive itself is referenced from a same-page 'dataset' anchor that needs a follow-up fetch to resolve to an exact file URL
fathomnet-coverage	parquet	5	
fathomnet-megalodon	parquet	3	
noaa-dscrtp	CSV+JPEG URLs	4	"needs_adapter:erddap-csv-imagelist — the ERDDAP tabledap CSV lists one row per specimen record with an ImageURL column (no bulk archive); needs an adapter that streams the CSV, dedupes/filters to rows with a non-empty ImageURL, then fetches each URL individually. Endpoint: https://www.ncei.noaa.gov/erddap/tabledap/deep_sea_corals.csv?ImageURL,CatalogNumber,ScientificName,ObservationYear&ImageURL!="""""
noaa-goa-2019	JPEG	3	needs_adapter:ncei-accession — doi.org/10.25921/022n-nd48 302-redirects to an NCEI accession/archive landing page; needs a follow-up fetch of the resolved URL to find the file manifest (likely an NCEI archive info/download API, not a flat file list)
pangaea-ccz-gsr	JPEG	3	needs_adapter:pangaea — PANGAEA serves data via its own OAI/REST API (https://doi.pangaea.de/10.1594/PANGAEA.987009 resolves to a dataset page listing linked image files/collections, not a flat archive); needs a PANGAEA-dataset adapter that follows child datasets
pangaea-ofos-msm77	JPEG	3	needs_adapter:pangaea — same PANGAEA-dataset adapter need as pangaea-ccz-gsr; this DOI is one of ~50 sibling OFOS profile datasets under the MSM77 cruise series that a real ingest would need to enumerate
bodc-smartex	JPEG	3	needs_adapter:bodc-catalogue — the DOI 302-redirects to a BODC catalogue record; BODC typically serves bulk files via its own download-manager/FTP rather than flat HTTP, needs a follow-up fetch of the resolved catalogue page to find the file access route
oceancv-rovtransect	unknown	2	
deepsea-coral-cornerrise	CSV(+imgs?)	2	
oceandark	JPEG	1	needs_adapter:gdrive — the Google Sites page links to a Google Drive folder/viewer, not a direct file URL; needs a Drive-aware fetcher (or a human export to a direct zip link)
ntnu-arl-uw	rosbag	2	needs_adapter:rosbag-decoder — hf enumeration finds the 8 .bag files fine (pinned rev d79489fc4742, 148.68 GB total: 6 subset-fjord + 2 subset-mclab), but .bag is not in STREAMABLE/SPOOLED so the decode/fetch pipeline has no reader for it; needs a rosbag-to-frames extractor before this can go through hf ingest. First-pass subset if built: mclab_1+mclab_2+fjord_5 (~49 GB).
subpipe	PNG+CSV	3	
uw-img-imu-sonar	unknown	1	
galapagos-3d	models+imgs	3	
port-royal	imgs	2	
aqualoc	ROS bags/PNG	2	needs_adapter:seafile-share — the real download host is a Seafile share link (https://seafile.lirmm.fr/d/79b03788f29148ca84e5/), not a flat file list; needs a Seafile-share adapter (its API lists folder contents as JSON under /api/v2.1 given the share token)
seathru-nerf	COLMAP	3	needs_adapter:gdrive — project page links a Google Drive file id (1RzojBFvBWjUUhuJb95xJPSNP3nJwZWaT); needs a Drive-aware fetcher (large-file confirm-token handshake)
seagrassfinder	JPEG	3	
posidonia	imgs	3	
whoi-plankton	PNG	2	
openimages-marine	CSV+JPEG	3	needs_adapter:csv-url-index — s3://open-images-dataset/ is anonymously listable (confirmed 200 on ListObjectsV2) but is a flat <split>/<image_id>.jpg layout with no class prefix; a marine-only subset needs the class-filtered image-id list from the OIDv7 bbox/label CSVs first, then per-id fetch from the flat bucket — the bucket adapter alone would pull the whole ~1.9M-image corpus
liaci	PNG masks	3	needs_adapter:js-rendered-site — liaci.sintef.cloud serves a JS app shell with no data links in the raw HTML; needs either the app's underlying API endpoint (undiscovered on this pass) or a headless-browser fetch
smartbay	YOLO	3	
plasticinwater	unknown	2	
caddy	PNG stereo	2	needs_adapter:site-scrape — caddian.eu root and a guessed /index.php/downloads path (404) exposed no direct zip links on this pass; the catalog's 'zip links' note implies a subpage not yet located
vdd-c	YOLO/VOC	2	needs_adapter:drum — DRUM (Univ. of Minnesota's DSpace repository) 403s plain curl (bot-blocked); needs the DRUM/DSpace REST API (same family as trashcan/trash-icra19 in W1) rather than scraping the HTML landing page
sodd	YOLO	2	
