id	adapter	pinned_version	items	bytes	licence	label_format	dry_run	est_hours_at_100mbps	priority
soneva-corals	hf	rev-200aaf30cda9	22422	66679838872	cc-by-4.0	raw imgs+3D	ok	0.19	3
benthoz15	bucket				cc-by-4.0	JPEG+CSV	needs_yohan:the bucket prefix IMOS/AUV/ holds ~30 AUV campaigns 2007-2023 (confirmed via delimiter listing); the exact per-dive subset that makes up the published BENTHOZ-2015 9,874-image set (Bewley et al. 2015 supplementary) is not identifiable from the bucket alone		4
seatizen-atlas	zenodo	1.0.0	1	35473744193	cc-by-4.0	JPEG+CSV	ok	0.10	4
noaa-coral-icra	hf	rev-b5e722f7c11e	470	5139793904	other-hf	parquet	ok	0.01	3
coralnet-small	hf	rev-df2570887c1a	6	2155705209	unknown	parquet	ok	0.01	2
tascpc	http	observed-2026-09-25	3	0	unknown	JPEG+CSV	ok		3
eilat-rsmas	site-scrape				research-use	PNG patches	needs_adapter:site-scrape — page https://sci2s.ugr.es/CNN-coral-image-classification only linked StructureRSMAS.zip on this pass (host needed -k/-L, plain http 301s to https); the EILAT+RSMAS image archive itself is referenced from a same-page 'dataset' anchor that needs a follow-up fetch to resolve to an exact file URL		2
fathomnet-coverage	hf	rev-da92727f89f9	0	0	unknown	parquet	ok		5
fathomnet-megalodon	hf	rev-e4e11fd74821	0	0	other-hf	parquet	ok		3
noaa-dscrtp	erddap-csv-imagelist				public-domain-us-gov	CSV+JPEG URLs	"needs_adapter:erddap-csv-imagelist — the ERDDAP tabledap CSV lists one row per specimen record with an ImageURL column (no bulk archive); needs an adapter that streams the CSV, dedupes/filters to rows with a non-empty ImageURL, then fetches each URL individually. Endpoint: https://www.ncei.noaa.gov/erddap/tabledap/deep_sea_corals.csv?ImageURL,CatalogNumber,ScientificName,ObservationYear&ImageURL!="""""		4
noaa-goa-2019	ncei-accession				cc0-1.0	JPEG	needs_adapter:ncei-accession — doi.org/10.25921/022n-nd48 302-redirects to an NCEI accession/archive landing page; needs a follow-up fetch of the resolved URL to find the file manifest (likely an NCEI archive info/download API, not a flat file list)		3
pangaea-ccz-gsr	pangaea				cc-by-4.0	JPEG	needs_adapter:pangaea — PANGAEA serves data via its own OAI/REST API (https://doi.pangaea.de/10.1594/PANGAEA.987009 resolves to a dataset page listing linked image files/collections, not a flat archive); needs a PANGAEA-dataset adapter that follows child datasets		3
pangaea-ofos-msm77	pangaea				cc-by-4.0	JPEG	needs_adapter:pangaea — same PANGAEA-dataset adapter need as pangaea-ccz-gsr; this DOI is one of ~50 sibling OFOS profile datasets under the MSM77 cruise series that a real ingest would need to enumerate		3
bodc-smartex	bodc-catalogue				ogl-uk	JPEG	needs_adapter:bodc-catalogue — the DOI 302-redirects to a BODC catalogue record; BODC typically serves bulk files via its own download-manager/FTP rather than flat HTTP, needs a follow-up fetch of the resolved catalogue page to find the file access route		3
oceancv-rovtransect	hf	rev-746b1e4dd47a	0	0	mit	unknown	ok		2
deepsea-coral-cornerrise	zenodo	record-18171047	0	0	cc-by-4.0	CSV(+imgs?)	ok		2
oceandark	gdrive				unknown	JPEG	needs_adapter:gdrive — the Google Sites page links to a Google Drive folder/viewer, not a direct file URL; needs a Drive-aware fetcher (or a human export to a direct zip link)		1
ntnu-arl-uw	hf				bsd-3-clause	rosbag	needs_adapter:rosbag-decoder — hf enumeration finds the 8 .bag files fine (pinned rev d79489fc4742, 148.68 GB total: 6 subset-fjord + 2 subset-mclab), but .bag is not in STREAMABLE/SPOOLED so the decode/fetch pipeline has no reader for it; needs a rosbag-to-frames extractor before this can go through hf ingest. First-pass subset if built: mclab_1+mclab_2+fjord_5 (~49 GB).		2
subpipe	zenodo	3.0.1	3	39035988303	cc-by-4.0	PNG+CSV	ok	0.11	3
uw-img-imu-sonar	hf	rev-96385ed27da0	0	0	apache-2.0	unknown	ok		1
galapagos-3d	zenodo	record-14914807	3	2779165912	cc-by-4.0	models+imgs	ok	0.01	3
port-royal	zenodo	record-10271767	5	641863	cc-by-4.0	imgs	ok	0.00	2
aqualoc	seafile-share				cc-by-nc-sa	ROS bags/PNG	needs_adapter:seafile-share — the real download host is a Seafile share link (https://seafile.lirmm.fr/d/79b03788f29148ca84e5/), not a flat file list; needs a Seafile-share adapter (its API lists folder contents as JSON under /api/v2.1 given the share token)		2
seathru-nerf	gdrive				unknown	COLMAP	needs_adapter:gdrive — project page links a Google Drive file id (1RzojBFvBWjUUhuJb95xJPSNP3nJwZWaT); needs a Drive-aware fetcher (large-file confirm-token handshake)		3
seagrassfinder	zenodo	record-13904604	1	1907310017	cc-by-nc-nd-4.0	JPEG	ok	0.01	3
posidonia	zenodo	record-4526867	1	125314957	cc-by-4.0	imgs	ok	0.00	3
whoi-plankton	hf	rev-ba1e637e4cb8	19	9098273854	unknown	PNG	ok	0.03	2
openimages-marine	csv-url-index				cc-by-4.0	CSV+JPEG	needs_adapter:csv-url-index — s3://open-images-dataset/ is anonymously listable (confirmed 200 on ListObjectsV2) but is a flat <split>/<image_id>.jpg layout with no class prefix; a marine-only subset needs the class-filtered image-id list from the OIDv7 bbox/label CSVs first, then per-id fetch from the flat bucket — the bucket adapter alone would pull the whole ~1.9M-image corpus		3
liaci	js-rendered-site				unknown	PNG masks	needs_adapter:js-rendered-site — liaci.sintef.cloud serves a JS app shell with no data links in the raw HTML; needs either the app's underlying API endpoint (undiscovered on this pass) or a headless-browser fetch		3
smartbay	zenodo	record-17018426	1	193241624	cc-by-4.0	YOLO	ok	0.00	3
plasticinwater	hf	rev-c380143ae980	301	400695537	unknown	unknown	ok	0.00	2
caddy	site-scrape				cc-by-nc-sa	PNG stereo	needs_adapter:site-scrape — caddian.eu root and a guessed /index.php/downloads path (404) exposed no direct zip links on this pass; the catalog's 'zip links' note implies a subpage not yet located		2
vdd-c	drum				cc-by-4.0	YOLO/VOC	needs_adapter:drum — DRUM (Univ. of Minnesota's DSpace repository) 403s plain curl (bot-blocked); needs the DRUM/DSpace REST API (same family as trashcan/trash-icra19 in W1) rather than scraping the HTML landing page		2
sodd	zenodo	record-10230328	1	704458058	cc-by-4.0	YOLO	ok	0.00	2
