# Merged 5-star ingest-spec queue (INT-ingest, 2026-09-25): union of
# _queue-w0.tsv + _queue-w2a.tsv + _queue-w2b.tsv + the 6 W1-A specs, tagged by
# `wave`. Originals are kept unchanged alongside this file. 4 ids proposed by two
# slices (ozfish, seamapd21, seatizen-atlas, whoi-plankton) are deduped to one row
# each: ozfish/seamapd21 keep the w2b row (matches the needs:<kind> spec kept at
# the yaml merge); seatizen-atlas/whoi-plankton had identical items/bytes in both
# slices, kept as one row.
# priority rule: value(1-5, S57 catalog)/stated-or-measured GB for every row
# EXCEPT wave=w1a -- those 6 are pinned above the top of that range (2000-rank)
# because they are labelled benchmark data (COCO/YOLO/VQA, manager directive
# 2026-09-25), which the plain value/GB formula would otherwise rank below small
# unlabelled-pretrain sources; the value/GB priority on every other row already
# ranks labelled/benchmark formats above unlabelled ones at equal size, and
# smaller-GB sources above larger ones at equal value.
# D-R4 (2026-09-25 charter): fathomnet-coverage, fathomnet-megalodon,
# oceancv-rovtransect, deepsea-coral-cornerrise, uw-img-imu-sonar were re-dry-run
# 2026-09-25 and flipped from a false ok/0-items to needs_adapter:<reason>.
id	adapter	pinned_version	items	bytes	licence	label_format	dry_run	est_hours_at_100mbps	priority	wave
aqualoc	seafile-share	share-79b03788f29148ca84e5	34	69234799122	cc-by-nc-sa	ROS bags/PNG	ok	0.19	2	w2a
atlantis	http	-			NOASSERTION		needs_yohan:hosted on Kaggle; login/API key required (D-E: never create accounts)	0.01	1.0	w0
benthicnet	frdr-https		0		CC-BY		needs_adapter:frdr-urls-unresolved — frdr-https adapter built + tested (WP-6d-A, fixture-verified); the FRDR record page (frdr-dfdr.ca) is a JS-rendered app with no plain per-file HTTPS listing found this pass (same shape as liaci's js-rendered-site gap), so params.urls has no entries yet.		5	w0
benthoz15	bucket				cc-by-4.0	JPEG+CSV	needs_yohan:the bucket prefix IMOS/AUV/ holds ~30 AUV campaigns 2007-2023 (confirmed via delimiter listing); the exact per-dive subset that makes up the published BENTHOZ-2015 9,874-image set (Bewley et al. 2015 supplementary) is not identifiable from the bucket alone		4	w2a
bodc-smartex	bodc-catalogue				ogl-uk	JPEG	needs_adapter:bodc-catalogue — the DOI 302-redirects to a BODC catalogue record; BODC typically serves bulk files via its own download-manager/FTP rather than flat HTTP, needs a follow-up fetch of the resolved catalogue page to find the file access route		3	w2a
brackish	hf	rev-ee9d8f01ea49	14675	712437053	CC-BY-4.0		ok	0.0	5.615	w0
caddy	http-index	caddy-idx1	1		cc-by-nc-sa	PNG stereo	ok		2	w2a
coralnet	http	-			NOASSERTION		needs_yohan:CoralNet's API requires an account/API token even for source-scoped exports	?	3	w0
coralnet-public	http	-			NOASSERTION		needs_yohan:account + CoralNet ToS required for bulk/per-source export	?	5	w0
coralnet-small	hf	rev-df2570887c1a	6	2155705209	unknown	parquet	ok	0.01	2	w2a
deepfish	http	2020	1		CC-BY-4.0		ok	0.02	0.526	w0
deepreefmap	zenodo	record-10624794	1	10340125342	CC-BY-4.0		ok	0.03	0.387	w0
deepsea-coral-cornerrise	zenodo	record-18171047	0	0	cc-by-4.0	CSV(+imgs?)	needs_adapter:video		2	w2a
deepsea-mot	hf	rev-61ecbda8acb2	6598	5922079214	CC-BY-SA-4.0		ok	0.02	0.675	w0
deolhonoscorais	zenodo	v1	2	12890450293	CC-BY-4.0		ok	0.04	0.233	w0
duo	gdrive-public	gdrive-pinned	1		research (non-commercial, per upstream)	COCO	ok		?	w2b
eilat-rsmas	http-index	eilat-rsmas-idx1	2		research-use	PNG patches	ok		2	w2a
euvp	hf	rev-e3c6d08a8b07	1	189288867	research (non-commercial, per upstream)	JPEG pairs	ok	0.001	21.132	w2b
fathomnet	fathomnet	fathomnet-f4f9b794691e	2000		NOASSERTION		ok		0.007	w0
fathomnet-coverage	hf	rev-da92727f89f9	0	0	unknown	parquet	needs_adapter:parquet-index-only		5	w2a
fathomnet-megalodon	hf	rev-e4e11fd74821	0	0	other-hf	parquet	needs_adapter:parquet-index-only		3	w2a
fish-length-stereo	zenodo	record-19408363	1	25180242944	CC-BY-4.0 (Zenodo API)	images	ok	0.067	0.119	w2b
fish-vista	hf	rev-2ad04be108c9	75811	11868010411	CC-BY-4.0 / CC-BY-NC-4.0 mix (per-image, HF card)	PNG+CSV	ok	0.031	0.169	w2b
fish4knowledge	http-index	fish4knowledge-idx1	0		NOASSERTION		needs_adapter:index-unresponsive — http-index adapter built + tried live (WP-6d-A); groups.inf.ed.ac.uk/f4k returned no crawlable index this pass (host slow/unreachable), so 0 items enumerated.		5.882	w0
fishnet-2023	http	-			NOASSERTION		needs_yohan:project page only, no anonymous download; request access	?	3	w0
floating-marine-debris	github	git-427059e47f99	11	5847793	CC-BY-4.0		ok	0.0	513.014	w0
flsea	http	-			CC-BY-NC-SA-4.0		needs_yohan:Kaggle login required	?	4	w0
galapagos-3d	zenodo	record-14914807	3	2779165912	cc-by-4.0	models+imgs	ok	0.01	3	w2a
heron-reef-benthic	http	-			CC-BY-4.0		needs_adapter:needs_adapter:paper-lookup - article landing page only, actual data repository (likely a supplementary Zenodo/figshare record) not yet resolved	?	3	w0
hicrd	gdrive-public	gdrive-pinned	2		MIT (code only) / research (data, per upstream)	PNG	ok		?	w2b
lfitw	http-index	lfitw-idx1	0		NOASSERTION		needs_adapter:index-404 — http-index adapter built + tried live (WP-6d-A); the github.io URL now returns GitHub's 404 shell, not a real directory listing, so 0 items enumerated.		6.818	w0
liaci	js-rendered-site				unknown	PNG masks	needs_adapter:js-rendered-site — liaci.sintef.cloud serves a JS app shell with no data links in the raw HTML; needs either the app's underlying API endpoint (undiscovered on this pass) or a headless-browser fetch		3	w2a
lsui	gdrive-public	gdrive-pinned	2		research (non-commercial, per upstream)	PNG pairs	ok		?	w2b
luderick-seagrass	zenodo	record-7659203	1	1170972899	CC-BY-4.0 (Zenodo API)	images+json	ok	0.003	2.562	w2b
marine-animals-mm	hf	rev-a3b5ba3ff9a3	96	2534775497	CC-BY-4.0 (HF card)	parquet	ok	0.007	0.789	w2b
marine-snow	zenodo	record-6424752	2	14213316419	CC-BY-4.0 (Zenodo API)	PNG	ok	0.038	0.141	w2b
marineeval	hf	rev-cb94f5a61594	2000		CC-BY-4.0	VQA jsonl (eval hold-out)	ok		1995	w1a
marineinst20m	http	-			CC-BY-NC		needs_yohan:README has no data link, no HF dataset found; email the authors	?	5	w0
marinelife16k	hf	rev-a0e2bd2852c7	4000	458129645	CC-BY-4.0 (HF card)	parquet	ok	0.001	6.548	w2b
med-fish	zenodo	record-7534425	1	638492593	CC-BY-4.0 (Zenodo API)	JPEG+labels	ok	0.002	4.699	w2b
mermaid	bucket	list-9aff83837d7b	53143	65864161628	NOASSERTION		ok	0.18	0.076	w0
mft25	http	-			Apache-2.0		needs_yohan:project page is request-based (no anonymous download link)	?	3	w0
mouss	hf	rev-fc8851db5ff3	3689	60712244	NOASSERTION		ok	0.0	49.413	w0
mouss-seg	hf	rev-5d9d33e1794a	1846	30380649	NOASSERTION (not stated on HF card; confirm with NOAA PIFSC MOUSS project)	YOLO-seg	ok	0.000	98.747	w2b
noaa-coral-icra	hf	rev-b5e722f7c11e	470	5139793904	other-hf	parquet	ok	0.01	3	w2a
noaa-dscrtp	erddap-csv-imagelist				public-domain-us-gov	CSV+JPEG URLs	"needs_adapter:erddap-csv-imagelist — the ERDDAP tabledap CSV lists one row per specimen record with an ImageURL column (no bulk archive); needs an adapter that streams the CSV, dedupes/filters to rows with a non-empty ImageURL, then fetches each URL individually. Endpoint: https://www.ncei.noaa.gov/erddap/tabledap/deep_sea_corals.csv?ImageURL,CatalogNumber,ScientificName,ObservationYear&ImageURL!="""""		4	w2a
noaa-goa-2019	ncei-accession				cc0-1.0	JPEG	needs_adapter:ncei-accession — doi.org/10.25921/022n-nd48 302-redirects to an NCEI accession/archive landing page; needs a follow-up fetch of the resolved URL to find the file manifest (likely an NCEI archive info/download API, not a flat file list)		3	w2a
noaa-ncrmp-structural-complexity	http	-			NOASSERTION		needs_adapter:needs_adapter:site-lookup - InPort metadata record only, the underlying data host is not resolved	?	3	w0
ntnu-arl-uw	hf				bsd-3-clause	rosbag	needs_adapter:rosbag-decoder — hf enumeration finds the 8 .bag files fine (pinned rev d79489fc4742, 148.68 GB total: 6 subset-fjord + 2 subset-mclab), but .bag is not in STREAMABLE/SPOOLED so the decode/fetch pipeline has no reader for it; needs a rosbag-to-frames extractor before this can go through hf ingest. First-pass subset if built: mclab_1+mclab_2+fjord_5 (~49 GB).		2	w2a
obsea-fish	zenodo	v1		3784147485	CC-BY-4.0	YOLO txt (bbox)	ok	0.01	1994	w1a
ocean-r1	hf	rev-2b28d68647c5	42	20606311334	Apache-2.0 (HF card)	parquet	ok	0.055	0.194	w2b
oceancv-rovtransect	hf	rev-746b1e4dd47a	0	0	mit	unknown	needs_adapter:unknown-container		2	w2a
oceandark	gdrive				unknown	JPEG	needs_adapter:gdrive — the Google Sites page links to a Google Drive folder/viewer, not a direct file URL; needs a Drive-aware fetcher (or a human export to a direct zip link)		1	w2a
oceaninstruct	hf	rev-9f5558a8c8f1	0	0	MIT (HF card)	JSON	needs_adapter:json-captions	-	66.667	w2b
openimages-marine	csv-url-index				cc-by-4.0	CSV+JPEG	needs_adapter:csv-url-index — s3://open-images-dataset/ is anonymously listable (confirmed 200 on ListObjectsV2) but is a flat <split>/<image_id>.jpg layout with no class prefix; a marine-only subset needs the class-filtered image-id list from the OIDv7 bbox/label CSVs first, then per-id fetch from the flat bucket — the bucket adapter alone would pull the whole ~1.9M-image corpus		3	w2a
ozfish	pawsey-portal	ozfish-frames-2019	0		CC-BY-3.0-AU (README)	CSV+JPEG+MP4	needs_adapter:pawsey-js-migration — pawsey-portal adapter built + tried live (WP-6d-A); storage.pawsey.org.au now serves a JS-only SPA shell for the container listing (even with ?format=json), so it enumerates 0 items until Pawsey exposes a real listing route again.		?	w2b
pangaea-ccz-gsr	pangaea	PANGAEA.987009	3167		cc-by-4.0	JPEG	ok		3	w2a
pangaea-ofos-msm77	pangaea	PANGAEA.989732	870		cc-by-4.0	JPEG	ok		3	w2a
plasticinwater	hf	rev-c380143ae980	301	400695537	unknown	unknown	ok	0.00	2	w2a
port-royal	zenodo	record-10271767	5	641863	cc-by-4.0	imgs	ok	0.00	2	w2a
posidonia	zenodo	record-4526867	1	125314957	cc-by-4.0	imgs	ok	0.00	3	w2a
rcaustic	zenodo	2	1	10566641604	CC-BY-4.0 (Zenodo API)	video/imgs	ok	0.028	0.189	w2b
reef-guidance	hf	rev-2978f343129b	29606	31980066947	CC-BY-NC-SA-4.0		ok	0.09	0.094	w0
reefnet	hf	-			CC-BY-NC-SA-4.0		dead:no resolvable download_urls; duplicate registry stub of reefnet-hf (same arXiv id)	?	4	w0
reefnet-hf	hf	rev-031c5df31f00	1	1214605910	CC-BY-NC-SA-4.0		ok	0.0	3.293	w0
reefnet-species	hf	rev-924117ab279f	1	3033631	NOASSERTION		ok	0.0	988.914	w0
reefset-v1	zenodo	record-11071202	3	4938305701	CC-BY-4.0		ok	0.01	0.607	w0
ruie	needs:baidu	-	0	0	research (non-commercial, per upstream)	JPEG	needs_adapter:baidu	-	?	w2b
ruod	hf	rev-c22094e45b7f	14000		NOASSERTION	COCO (bbox, 10 classes)	ok		1996	w1a
salmon-cage	zenodo	record-4931418	0	0	CC0-1.0 (Zenodo API)	MP4	needs_adapter:video	-	0.357	w2b
sea-undistort	zenodo	v.1.0.0	1	2267334496	CC-BY-NC-SA-4.0 (Zenodo API)	PNG	ok	0.006	0.441	w2b
sea-urchin-detection	http	-			CC-BY-4.0		needs_yohan:Roboflow export requires a free API key (account, forbidden by D-E)	?	3	w0
seaclear	figshare		0		CC-BY-4.0		needs_adapter:figshare-id-unresolved — figshare adapter built + tested (WP-6d-A, fixture-verified); the exact figshare article/collection id for SeaClear's Sci Data supplementary data was not resolved this pass (author/title search on api.figshare.com/v2/articles/search did not surface it).		2.339	w0
seagrassfinder	zenodo	record-13904604	1	1907310017	cc-by-nc-nd-4.0	JPEG	ok	0.01	3	w2a
seamapd21	needs:multipart-tar	-	0	0	public domain (US federal government work)	YOLO	needs_adapter:multipart-tar	-	?	w2b
seathru	hf	rev-528fa622018c	2421	38439305674	CC-BY-NC-SA-4.0 (HF card)	RAW+TIFF depth	ok	0.102	0.104	w2b
seathru-nerf	gdrive-public	gdrive-pinned	1		unknown	COLMAP	ok		3	w2a
seatizen-atlas	zenodo	1.0.0	1	35473744193	CC-BY-4.0	JPEG+CSV	ok	0.1	0.113	w0
smartbay	zenodo	record-17018426	1	193241624	cc-by-4.0	YOLO	ok	0.00	3	w2a
sodd	zenodo	record-10230328	1	704458058	cc-by-4.0	YOLO	ok	0.00	2	w2a
soneva-corals	hf	rev-200aaf30cda9	22422	66679838872	cc-by-4.0	raw imgs+3D	ok	0.19	3	w2a
squid	zenodo	record-5744037	4	45817907950	CC-BY-NC-SA-4.0		ok	0.13	0.087	w0
subpipe	zenodo	3.0.1	3	39035988303	cc-by-4.0	PNG+CSV	ok	0.11	3	w2a
suim	hf	rev-0f07fb8db0e0	1	173794160	MIT		ok	0.0	23.016	w0
sweet-corals	hf	rev-265724cf6f1a	96895	300397994853	CC-BY-4.0		ok	0.83	0.01	w0
tascpc	http	observed-2026-09-25	3	0	unknown	JPEG+CSV	ok		3	w2a
u45	github	git-58142a16017a	450	51651008	NOASSERTION (no licence stated)	PNG	ok	0.000	19.361	w2b
ufo120	needs:gdrive	-	0	0	research (non-commercial, per upstream)	PNG pairs	needs_adapter:gdrive	-	?	w2b
uieb	hf	rev-4f34d1c3eb04	4	1487875235	NOASSERTION		ok	0.0	2.688	w0
uiis	hf	rev-44ca5db46599	4628		Apache-2.0	COCO JSON (inst, 7 classes)	ok		1997	w1a
uiis10k	hf	rev-5c4316368a8e	10048	393832528	Apache-2.0	COCO JSON (inst, 10 classes)	ok	0.00	1998	w1a
underwater-image-enhancement	hf	rev-eef27aacee4e	1	449114557	CC-BY-4.0		ok	0.0	6.68	w0
underwater-images-2542305	zenodo	record-2542305	0	0	CC-BY-4.0 (Zenodo API)	?	needs_adapter:rar	-	0.059	w2b
urpc	hf	rev-c12202f7e4a7	6575	1827915303	Apache-2.0 (HF card)	VOC/YOLO	ok	0.005	1.094	w2b
usis10k	hf	rev-b10f41ab819b	10632	460014041	Apache-2.0	COCO JSON (inst+salient, 7 classes)	ok	0.00	1999	w1a
usod10k	gdrive-public	gdrive-pinned	2		research (non-commercial, per upstream)	PNG	ok		?	w2b
usr248	needs:gdrive	-	0	0	research (non-commercial, per upstream)	PNG	needs_adapter:gdrive	-	?	w2b
uw-img-imu-sonar	hf	rev-96385ed27da0	0	0	apache-2.0	unknown	needs_adapter:unknown-empty		1	w2a
varos	zenodo	record-5567209	2	17961670090	CC-BY-4.0		ok	0.05	0.111	w0
vdd-c	drum				cc-by-4.0	YOLO/VOC	needs_adapter:drum — DRUM (Univ. of Minnesota's DSpace repository) 403s plain curl (bot-blocked); needs the DRUM/DSpace REST API (same family as trashcan/trash-icra19 in W1) rather than scraping the HTML landing page		2	w2a
viame-public	girder	girder-pinned	325	74922518907	per-dataset (mostly NOAA public domain)	mixed	ok	0.21	?	w2b
whoi-plankton	hf	rev-ba1e637e4cb8	19	9098273854	NOASSERTION	PNG	ok	0.03	0.22	w0
whoi-plankton-small	hf	rev-2d0ddc911aa8	4	1107677510	MIT		ok	0.0	2.708	w0
wildfish	hf	rev-5212c80f4d98	26	14517292127	research-only (non-commercial, per upstream)	JPEG	ok	0.038	0.207	w2b
