id	adapter	version	items	bytes	licence	format	dry_run	est_hours_at_100mbps	priority	measured_items	measured_bytes
afrl-stereo-vi	hf	rev-bdb079e7fef8	0	0	mit	?	needs_adapter:unsupported-format	-	?	-	-
benthicnet	needs:frdr-globus	-	0	0	CC-BY-4.0 (mixed per source survey)	?	needs_adapter:frdr-globus	-	?	None	None
coralnet-public	needs:coralnet-browse	-	0	0	per source (set by each source owner)	?	needs_adapter:coralnet-browse	-	?	None	None
elliott-bay-benthic	hf	rev-cd20e627ba77	1000	45301235557	cc-by-nc-4.0	?	ok	0.120	?	-	-
fathomnet	needs:fathomnet-api	-	0	0	per box: CC-BY-NC-4.0 / CC0-1.0 / CC-BY-4.0 (annotationLicense); image rights per contributor	?	needs_adapter:fathomnet-api	-	?	481126	453247058080
gbif-marine	needs:gbif-occurrence-media	-	0	0	per record: CC0-1.0 / CC-BY-4.0 / CC-BY-NC-4.0 (GBIF licence facet)	?	needs_adapter:gbif-occurrence-media	-	?	346842	None
inat-marine	needs:manifest	-	0	0	per photo (photos.csv `license`): CC0 / CC-BY / CC-BY-NC / -SA / -ND variants	?	needs_adapter:manifest	-	?	9594509	2387622827902
marineinst20m	needs:annotation-overlay	-	0	0	annotations: repo LICENSE.txt; images: per upstream dataset/website	?	needs_adapter:annotation-overlay	-	?	None	418674832
muot3m	hf	rev-4294cb6a2537	0	0	CC-BY-NC-ND-4.0 (HF card)	?	needs_adapter:video	-	?	3074016	256605899220
nautdata	hf	rev-3cf1dbd245dc	0	0	apache-2.0	?	needs_adapter:unsupported-format	-	?	-	-
nes-plankton-2022	hf	rev-18fb2e57fd77	10	1576344309	cc-by-4.0	?	ok	0.004	?	-	-
noaa-gfisher	hf	rev-1666d472567b	0	0	cc0-1.0	?	needs_adapter:unsupported-format	-	?	-	-
noaa-oceaneyes	bucket	list-a11ed85b698b	20065	1807996738	public domain (US government work) — NODD	?	ok	0.005	?	-	-
noaa-oer-video	needs:video	-	0	0	public domain (US government work)	?	needs_adapter:video	-	?	None	None
noaa-plankton-shadowgraphs	bucket	list-5502c2df8486	0	0	public domain (US government work) — NODD	?	needs_adapter:unsupported-format	-	?	-	-
plankton-interaction-videos	hf	rev-f7d40238215e	21221	5662987367	apache-2.0	?	ok	0.015	?	-	-
planktonzilla	hf	rev-7fd542ef9fc9	189	91174191772	other (HF card); per-sample licence = the originating instrument dataset (column `dataset`)	?	ok	0.242	?	17404047	91176524886
seattle-aquarium	hf	rev-78701c4efe73	6522	59049737152	CC-BY-NC-4.0 (HF card)	?	ok	0.156	?	6522	59049737152
seaturtleid2022	hf	rev-91cd6c1126c7	4	1755838391	?	?	ok	0.005	?	-	-
treeoflife-10m	needs:member-filter	-	0	0	HF card licence null; per image per upstream (EOL media licence, iNat21 photo licence) — not in the catalog.csv columns read	?	needs_adapter:member-filter	-	?	10988032	1984907071025
uwbench	hf	rev-84af94500308	7	9770800777	?	?	ok	0.026	?	-	-
wikimedia-underwater	needs:commons-api	-	0	0	per file (Commons extmetadata LicenseShortName): CC-BY-SA / CC-BY / CC0 / PD	?	needs_adapter:commons-api	-	?	14247	76955372449
imos-auv	needs:manifest	-	0	0	CC-BY-4.0 (IMOS data licence)	?	needs_adapter:manifest	-	?	None	None
