id	name	url	http_status	host	access	download_urls	size_gb	n_images	labels	n_classes	habitat	depth	regions	licence_as_stated	citation_doi	format	effort	value	value_why	overlap_risk	have	family	wave	verified	notes
nautdata	deep-sea/underwater VQA + caption (NautData, 2025)	https://huggingface.co/datasets/H-EmbodVis/NautData	200	huggingface	hf-open	hf://datasets/H-EmbodVis/NautData@3cf1dbd245dc931539a49643789fb14526b2c846	256.95 (usedStorage)	?	caption/VQA	?	underwater multi-habitat	0-deep	global	apache-2.0		hf repo	S	5	2025 underwater VQA/caption at 1M-10M scale; caption/VQA priority 4		no	caption	W3-disc	yes	sha 3cf1dbd245dc931539a49643789fb14526b2c846; gated=False; usedStorage 256953793702; spec written
uwbench	underwater vision-language benchmark (UWBench, 2025)	https://huggingface.co/datasets/da1018/UWBench	200	huggingface	hf-open	hf://datasets/da1018/UWBench@84af945003086821245a67ceba0bcc57aa93cbde	9.80 (usedStorage)	?	caption/VQA	?	underwater multi-habitat	?	global	?		hf repo	S	4	2025 VLM benchmark with captions/QA		no	caption	W3-disc	yes	sha 84af945003086821245a67ceba0bcc57aa93cbde; gated=False; usedStorage 9803243457; spec written
elliott-bay-benthic	Elliott Bay ROV benthic imagery (Seattle)	https://huggingface.co/datasets/davanstrien/Elliott_Bay_benthic_imagery	200	huggingface	hf-open	hf://datasets/davanstrien/Elliott_Bay_benthic_imagery@cd20e627ba772d0952914ffb2b30b454bf4b7ac4	45.30 (usedStorage)	?	none/metadata	?	benthic soft-bottom	shallow-mid	Puget Sound	cc-by-nc-4.0		hf repo	S	3	second Seattle ROV set, same owner as seattle-aquarium		no	benthic	W3-disc	yes	sha cd20e627ba772d0952914ffb2b30b454bf4b7ac4; gated=False; usedStorage 45301235557; spec written
afrl-stereo-vi	underwater stereo + visual-inertial sequences	https://huggingface.co/datasets/afrl-uw/stereo-vi-underwater-dataset	200	huggingface	hf-open	hf://datasets/afrl-uw/stereo-vi-underwater-dataset@bdb079e7fef85b1f956f3469bd4cc1c521f25772	26.91 (usedStorage)	?	stereo/depth	?	pool/coastal	shallow	US	mit		hf repo	S	4	stereo + IMU sequences; stereo/depth priority 5		no	stereo	W3-disc	yes	sha bdb079e7fef85b1f956f3469bd4cc1c521f25772; gated=False; usedStorage 26910574928; spec written
noaa-gfisher	NOAA SEAMAPD/GFISHER Gulf reef-fish video frames	https://huggingface.co/datasets/NMFS-OSI/GFISHER	200	huggingface	hf-open	hf://datasets/NMFS-OSI/GFISHER@1666d472567bd11b99e7ff7f25d2aca52b5b2de7	?	?	bbox	?	reef fish	20-120m	Gulf of Mexico	cc0-1.0		hf repo	S	4	NOAA video-frame fish boxes; overlaps FathomNet GCS frames		no	fish	W3-disc	yes	sha 1666d472567bd11b99e7ff7f25d2aca52b5b2de7; gated=False; usedStorage 0; spec written
seaturtleid2022	SeaTurtleID2022 re-identification	https://huggingface.co/datasets/EnmmmmOvO/SeaTurtleID2022	200	huggingface	hf-open	hf://datasets/EnmmmmOvO/SeaTurtleID2022@91cd6c1126c734bc36e493cdf5869390aa51fa48	1.76 (usedStorage)	?	instance masks + ids	?	reef	shallow	Greece	?		hf repo	S	3	re-id with segmentation masks		no	megafauna	W3-disc	yes	sha 91cd6c1126c734bc36e493cdf5869390aa51fa48; gated=False; usedStorage 1755838391; spec written
nes-plankton-2022	IFCB NE-shelf plankton classifier set 2022	https://huggingface.co/datasets/sosiklab/NES-plankton-classifier-2022-dataset	200	huggingface	hf-open	hf://datasets/sosiklab/NES-plankton-classifier-2022-dataset@18fb2e57fd7783038372d6a64f52933c9e521f33	1.58 (usedStorage)	?	cls	?	pelagic	surface	NE US shelf	cc-by-4.0		hf repo	S	3	IFCB plankton classes; overlaps planktonzilla IFCB		no	plankton	W3-disc	yes	sha 18fb2e57fd7783038372d6a64f52933c9e521f33; gated=False; usedStorage 1576344309; spec written
plankton-interaction-videos	plankton interaction videos	https://huggingface.co/datasets/bcdemattei/plankton_interaction_videos	200	huggingface	hf-open	hf://datasets/bcdemattei/plankton_interaction_videos@f7d40238215e2fa2fa9e5100ccbc882a499e55ba	5.66 (usedStorage)	?	video	?	pelagic	lab	?	apache-2.0		hf repo	S	2	video of plankton interactions		no	video	W3-disc	yes	sha f7d40238215e2fa2fa9e5100ccbc882a499e55ba; gated=False; usedStorage 5662987367; spec written
treeoflife-200m	TreeOfLife-200M (URL manifest; marine subset)	https://huggingface.co/datasets/imageomics/TreeOfLife-200M	200	huggingface	manifest	hf://datasets/imageomics/TreeOfLife-200M@5f2dc493b3dc0e544438a04038ab15faa646b749	119.90 (usedStorage)	?	cls	?	all taxa	n/a	global	cc0-1.0		hf repo	M	3	200M URL manifest incl. GBIF/EOL; marine subset via clade filter		no	taxonomy	W3-disc	yes	sha 5f2dc493b3dc0e544438a04038ab15faa646b749; gated=False; usedStorage 119903802188
biotrove	BioTrove (iNat-derived URL manifest, 161M)	https://huggingface.co/datasets/BGLab/BioTrove	200	huggingface	manifest	hf://datasets/BGLab/BioTrove@4839f424e8967fbb64066bfe1fff947e4e99b241	5.71 (usedStorage)	?	cls	?	all taxa	n/a	global	mit		hf repo	M	2	iNat-derived 161M URL manifest; overlaps inat-marine		no	taxonomy	W3-disc	yes	sha 4839f424e8967fbb64066bfe1fff947e4e99b241; gated=False; usedStorage 5708557111
noaa-oceaneyes	NOAA OceanEyes (Zooniverse-labelled fish frames)	https://storage.googleapis.com/nmfs_odp_hq/nodd_tools/datasets/oceaneyes/	200	gcs-nodd	open-direct	https://storage.googleapis.com/nmfs_odp_hq/nodd_tools/datasets/oceaneyes/	?	?	bbox (citizen, balanced samples)	?	reef fish	20-120m	Gulf of Mexico	PD (NODD)		bucket	S	4	citizen-labelled fish boxes with balanced samples		no	fish	W3-disc	yes	spec written
noaa-plankton-shadowgraphs	NOAA plankton shadowgraph images	https://storage.googleapis.com/nmfs_odp_hq/nodd_tools/datasets/plankton_shadowgraphs/	200	gcs-nodd	open-direct	https://storage.googleapis.com/nmfs_odp_hq/nodd_tools/datasets/plankton_shadowgraphs/	?	?	cls	?	pelagic	0-200m	US shelf	PD (NODD)		bucket	S	3	shadowgraph plankton imagery		no	plankton	W3-disc	yes	spec written
pangaea-bruv-video	PANGAEA BRUV video datasets (6 hits)	https://www.pangaea.de/?q=BRUV+video	200	pangaea	open-direct	https://www.pangaea.de/?q=BRUV+video	?	?	video (+ MaxN tables)	?	reef/shelf	shallow	various	?		?	M	3	BRUV video with MaxN; video/tracks priority 2		no	video	W3-disc	yes	
caltech-fish-counting	Caltech Fish Counting (sonar video, CVPR 2022)	https://github.com/visipedia/caltech-fish-counting	200	github	github	https://github.com/visipedia/caltech-fish-counting	?	?	track (sonar)	?	river	shallow	Alaska	?		?	M	2	sonar tracking video (freshwater salmon run)		no	sonar	W3-disc	yes	
uwvot400	UWVOT400 underwater visual object tracking	https://github.com/BasitAlawode/UWVOT400	200	github	github	https://github.com/BasitAlawode/UWVOT400	?	?	track	?	underwater	shallow	global	?		?	M	4	400 tracking videos; video/tracks priority 2		no	track	W3-disc	yes	
coralvos	CoralVOS coral video segmentation	https://github.com/zhengziqiang/CoralVOS	200	github	github	https://github.com/zhengziqiang/CoralVOS	?	?	video masks	?	reef	shallow	?	?		?	M	4	dense coral video segmentation		no	coral	W3-disc	yes	
mas3k	MAS3K marine animal segmentation	https://github.com/LinLi-DL/MAS	200	github	github	https://github.com/LinLi-DL/MAS	?	?	instance masks	?	underwater	shallow	global	?		?	M	3	marine animal segmentation 3k		no	instance-seg	W3-disc	yes	
hurl-image-archive	HURL (Hawaii Undersea Research Lab) image archive	https://hurlimage.soest.hawaii.edu/	000	hurl	unresolved	https://hurlimage.soest.hawaii.edu/	?	?	none/metadata	?	deep sea	deep	Hawaii/Pacific	?		?	M	4	submersible archive; host unreachable		no	deepsea	W3-disc	no	curl 000 on 2026-09-25
schmidt-ocean-data	Schmidt Ocean Institute ROV SuBastian data portal	https://data.schmidtocean.org/	000	soi	unresolved	https://data.schmidtocean.org/	?	?	video + annotations	?	deep sea	deep	global	?		?	M	5	ROV SuBastian 4K video + annotations; host unreachable		no	deepsea	W3-disc	no	curl 000 on 2026-09-25
csiro-cots	CSIRO crown-of-thorns starfish detection (GBR)	https://data.csiro.au/	?	csiro	unresolved	https://data.csiro.au/	?	?	bbox	?	reef	shallow	GBR	?		?	M	4	COTS detection video frames		no	coral	W3-disc	no	DAP search did not surface it; Kaggle copy needs login
