site_id,region,island,lat,lon
FFS-1234,NWHI,French Frigate,23.773684,-166.248636
FFS-B009,NWHI,French Frigate,23.63488,-166.185688
FFS-B010,NWHI,French Frigate,23.636691,-166.185184
FFS-B012,NWHI,French Frigate,23.873309,-166.270992
FFS-B013,NWHI,French Frigate,23.768863,-166.261296
FFS-B014,NWHI,French Frigate,23.792456,-166.253732
FFS-B015,NWHI,French Frigate,23.791782,-166.233244
HAW-B4311,MHI,Hawaii,19.59218,-155.97185
HAW-B4313,MHI,Hawaii,19.31344,-155.88832
KUR-574,NWHI,Kure,28.388002,-178.282212
KUR-B001,NWHI,Kure,28.459215,-178.346139
KUR-B002,NWHI,Kure,28.45291,-178.347106
KUR-B003,NWHI,Kure,28.450537,-178.345514
KUR-B004,NWHI,Kure,28.447603,-178.30622
KUR-B005,NWHI,Kure,28.430291,-178.282467
KUR-B006,NWHI,Kure,28.430376,-178.285245
KUR-B007,NWHI,Kure,28.430291,-178.282467
KUR-B008,NWHI,Kure,28.39062,-178.28271
KUR-B009,NWHI,Kure,28.382965,-178.341607
KUR-B010,NWHI,Kure,28.385005,-178.340911
KUR-B011,NWHI,Kure,28.38717,-178.339301
KUR-B012,NWHI,Kure,28.410867,-178.383718
KUR-B013,NWHI,Kure,28.409049,-178.3781
KUR-B014,NWHI,Kure,28.412846,-178.374414
KUR-B016,NWHI,Kure,28.422497,-178.376489
KaneoheBayMarker12,MHI,Oahu,21.48946222,-157.8352065
KawaihaeShallow,MHI,Hawaii,20.03571024,-155.8366193
LAN-B1794,MHI,Lanai,20.749795,-156.867163
LAN-B1796,MHI,Lanai,20.7362383,-156.8862783
LAN-B1800,MHI,Lanai,20.83811,-156.80956
LAN-B1803,MHI,Lanai,20.735626,-156.9104983
LAN-B1808,MHI,Lanai,20.84512,-156.81445
LAN-B1814,MHI,Lanai,20.85438,-156.82037
LAN-B1820,MHI,Lanai,20.734043,-156.895623
LAN-B1824,MHI,Lanai,20.88337,-156.85278
LAN-B1825,MHI,Lanai,20.88227,-156.85385
LAN-B1826,MHI,Lanai,20.82137,-156.80292
LAN-B1827,MHI,Lanai,20.84362,-156.81372
LIS-B001,NWHI,Lisianski,26.0634,-173.959528
LIS-B002,NWHI,Lisianski,26.078413,-173.997057
LIS-B003,NWHI,Lisianski,26.078675,-173.984708
LIS-B005,NWHI,Lisianski,26.037274,-173.879135
LIS-B008,NWHI,Lisianski,25.934964,-173.891064
LIS-B012,NWHI,Lisianski,25.988159,-174.033027
LIS-B013,NWHI,Lisianski,25.98726,-173.994483
LIS-B014,NWHI,Lisianski,25.98788,-173.966002
LIS-B028,NWHI,Lisianski,25.996363,-173.969396
LIS-B029,NWHI,Lisianski,26.001363,-173.989291
LIS-B034,NWHI,Lisianski,26.051067,-173.985168
LIS4002A,NWHI,Lisianski,26.00608271,-173.8775695
LIS4008A,NWHI,Lisianski,26.03164391,-174.0093775
LIS4014A,NWHI,Lisianski,25.94365002,-173.8803328
LIS4019,NWHI,Lisianski,26.019767,-173.87615
LIS4067A,NWHI,Lisianski,26.06340244,-173.9592833
LaehouShallow,MHI,Hawaii,19.87313644,-155.9220196
MAI-1883,MHI,Maui,20.831529,-156.114517
MAI-B2459,MHI,Maui,20.7844,-156.55482
MAI-B2466,MHI,Maui,20.72856,-156.46338
MAI-B2471,MHI,Maui,20.66751,-156.44666
MAI-B2482,MHI,Maui,20.77977,-156.54602
MAI-B2483,MHI,Maui,20.79985,-156.60167
MAI-B2488,MHI,Maui,20.80035,-156.59666
MAI-B2502,MHI,Maui,20.80379,-156.61546
MAI-B2504,MHI,Maui,20.80639,-156.6105
MAI-B2507,MHI,Maui,20.80609,-156.60535
MAI-B2516,MHI,Maui,20.78788,-156.57179
MAI-B2519,MHI,Maui,20.81616,-156.63048
MAI-B2524,MHI,Maui,20.84015,-156.65544
MAI-B2530,MHI,Maui,20.84135,-156.65717
MAI-B2533,MHI,Maui,20.83307,-156.64955
MAI-B4000,MHI,Maui,21.015309,-156.639864
MAI-B4001,MHI,Maui,21.013414,-156.641935
MAI-B4002,MHI,Maui,21.000402,-156.667246
MAI-B4003,MHI,Maui,20.955165,-156.688059
MAI-B4004,MHI,Maui,20.936506,-156.693504
MAI-B4005,MHI,Maui,20.926843,-156.69718
MAI-B4006,MHI,Maui,20.807457,-156.613894
MAI-B4007,MHI,Maui,20.617173,-156.438001
MAI-B4008,MHI,Maui,20.62009,-156.43975
MAI-B4009,MHI,Maui,20.632871,-156.451448
MAI-B4010,MHI,Maui,20.645921,-156.444898
MAI-B4011,MHI,Maui,20.913349,-156.6956
MAI-B4012,MHI,Maui,20.908091,-156.688295
MAI-B4013,MHI,Maui,20.898403,-156.686318
MAI-B4015,MHI,Maui,20.841873,-156.653811
MAI-B4016,MHI,Maui,20.795454,-156.503029
MAI-B4017,MHI,Maui,20.657883,-156.442859
MAI-B4018,MHI,Maui,20.668994,-156.443697
MAI-B4019,MHI,Maui,20.681164,-156.445094
MAI-B4020,MHI,Maui,20.691373,-156.4456
MAI-B4021,MHI,Maui,20.70448,-156.447632
MAI-B4022,MHI,Maui,20.67242,-156.44804
MAI-B4023,MHI,Maui,20.68065,-156.44725
MAI-B4024,MHI,Maui,20.71301,-156.45068
MAI-B4025,MHI,Maui,20.72635,-156.46207
MAI-B4026,MHI,Maui,20.7093,-156.44833
MAI-B4030,MHI,Maui,20.942,-156.69501
MAI-B4031,MHI,Maui,20.93688,-156.69493
MAI-B4032,MHI,Maui,20.91232,-156.69675
MAI-B4033,MHI,Maui,20.91212,-156.69637
MAI-B4034,MHI,Maui,20.90815,-156.69136
MAI-B4035,MHI,Maui,20.87842,-156.69057
MAI-B4036,MHI,Maui,20.87831,-156.68646
MAI-B4037,MHI,Maui,20.88104,-156.69102
MAI-B4038,MHI,Maui,20.80346,-156.6028
MAI-B4039,MHI,Maui,20.7863,-156.55809
MID4093,NWHI,Midway,28.27429377,-177.3811631
MOL-1622,MHI,Molokai,21.083051,-157.094472
OAH-B005,MHI,Oahu,21.47971,-157.783
OAH-B008,MHI,Oahu,21.26181,-157.76555
OAH-B010,MHI,Oahu,21.28832,-157.86533
OAH-B3008,MHI,Oahu,21.40474,-157.69006
OAH-B3014,MHI,Oahu,21.36983,-157.67747
OAH-B3015,MHI,Oahu,21.42515,-157.71553
OAH-B3017,MHI,Oahu,21.41315,-157.69749
OAH-B3020,MHI,Oahu,21.36559,-157.67978
OAH-B3022,MHI,Oahu,21.41927,-157.72507
OAH-B3023,MHI,Oahu,21.39108,-157.69485
OAH-B3027,MHI,Oahu,21.40664,-157.7014
OAH-B3029,MHI,Oahu,21.37597,-157.69206
OAH-B3032,MHI,Oahu,21.42318,-157.73706
OAH-B3034,MHI,Oahu,21.41042,-157.72983
OAH-B3036,MHI,Oahu,21.40076,-157.71352
OAH-B3072,MHI,Oahu,21.52678,-157.81578
OAH-B3075,MHI,Oahu,21.65546,-157.90891
OAH-B3078,MHI,Oahu,21.50354,-157.79672
OAH-B3081,MHI,Oahu,21.58154,-157.85832
OAH-B3084,MHI,Oahu,21.53854,-157.82323
OAH-B3085,MHI,Oahu,21.49754,-157.81325
OAH-B3087,MHI,Oahu,21.58467,-157.86522
OAH-B3088,MHI,Oahu,21.6169,-157.89626
OAH-B3093,MHI,Oahu,21.59948,-157.88087
OAH-B3095,MHI,Oahu,21.63446,-157.90584
OAH-B3101,MHI,Oahu,21.4676,-157.78337
OAH-B3104,MHI,Oahu,21.52513,-157.82239
OAH-B3105,MHI,Oahu,21.58058,-157.88444
OAH-B3106,MHI,Oahu,21.48806,-157.81126
OAH-B3108,MHI,Oahu,21.67634,-158.06158
OAH-B3111,MHI,Oahu,21.6317,-158.08913
OAH-B3113,MHI,Oahu,21.70428,-158.02632
OAH-B3116,MHI,Oahu,21.68807,-158.04333
OAH-B3121,MHI,Oahu,21.61264,-158.11618
OAH-B3223,MHI,Oahu,21.68908,-158.03491
OAH-B3224,MHI,Oahu,21.61815,-158.09941
OAH-B3225,MHI,Oahu,21.59768,-158.1167
OAH-B3229,MHI,Oahu,21.70109,-158.02042
OAH-B3231,MHI,Oahu,21.67765,-158.04977
OAH-B3232,MHI,Oahu,21.63227,-158.07932
OAH-B3234,MHI,Oahu,21.68142,-158.04118
OAH-B3237,MHI,Oahu,21.67109,-158.05327
OAH-B3240,MHI,Oahu,21.69681,-158.02365
OAH-B3242,MHI,Oahu,21.61902,-158.09084
OAH-B3243,MHI,Oahu,21.62958,-158.07751
OAH-B3246,MHI,Oahu,21.59097,-158.13522
OAH-B3247,MHI,Oahu,21.69099,-158.03186
OAH-B3249,MHI,Oahu,21.27431,-157.84122
OAH-B3257,MHI,Oahu,21.26629,-157.77156
OAH-B3258,MHI,Oahu,21.25124,-157.76851
OAH-B3259,MHI,Oahu,21.25274,-157.75037
OAH-B3260,MHI,Oahu,21.25113,-157.76486
OAH-B3263,MHI,Oahu,21.27213,-157.74751
OAH-B3266,MHI,Oahu,21.25145,-157.79489
OAH-B3268,MHI,Oahu,21.26293,-157.75102
OAH-B3277,MHI,Oahu,21.26196,-157.77679
OAH-B3281,MHI,Oahu,21.26298,-157.741
OAH-B3284,MHI,Oahu,21.26773,-157.82942
OAH-B3288,MHI,Oahu,21.2496,-157.80847
OAH-B3301,MHI,Oahu,21.27007,-157.7578
OAH-B3302,MHI,Oahu,21.29029,-158.06664
OAH-B3303,MHI,Oahu,21.29342,-158.0058
OAH-B3304,MHI,Oahu,21.29814,-157.93333
OrchidShallow,MHI,Hawaii,19.95200152,-155.8657928
PHR-4033,NWHI,Pearl & Hermes,27.823288,-175.745967
PHR-4084,NWHI,Pearl & Hermes,27.77572,-175.984095
PHR-B001,NWHI,Pearl & Hermes,27.942353,-175.863429
PHR-B002,NWHI,Pearl & Hermes,27.940545,-175.861581
PHR-B003,NWHI,Pearl & Hermes,27.95768,-175.780824
PHR-B012,NWHI,Pearl & Hermes,27.782404,-175.88199
PHR-B013,NWHI,Pearl & Hermes,27.783503,-175.883066
PHR-B015,NWHI,Pearl & Hermes,27.795874,-176.008595
PHR-B016,NWHI,Pearl & Hermes,27.793086,-175.997097
PHR-B017,NWHI,Pearl & Hermes,27.792294,-175.991574
PointLab,MHI,Oahu,21.433032,-157.786271
Site26,MHI,Hawaii,19.85339941,-155.9582648
