pair_id	sha_a	sha_b	source_a	source_b	wh_patch	wh_parent	area_ratio	cos	ncc	scale	ncc_s30	scale_s30	cross_corpus	verdict	note
C000	2823859d72bc166a2ac56f0f5632b8c20da25a6c753185451f91498f70813091	707a2f8d26a5b34b1ec2d2b66038aa2f854383be0d5b6187026a869a66e26143	mermaid-aws@2026-09-19	mermaid-aws@2026-09-19	2537x2537	2691x2691	0.8888	0.5002	0.8571	0.1259	0.8009	0.3117	0	different	unrelated scene; whole patch matched to a tiny low-texture box
C001	f60956c0f79fe4d4d345b9d7499ff99184ae0afe1d250e0ac3a4062fc1695167	cdc18b07bc9b599763c4a69c9710913efbbd8e540c2d4e36ce12d70943ce8c2a	mermaid-aws@2026-09-19	mermaid-aws@2026-09-19	2382x2372	2467x2418	0.9472	0.5007	0.8527	0.1124	0.8042	0.3117	0	different	unrelated scene; whole patch matched to a tiny low-texture box
C002	d7c5ba7c4dab0cdd0c4f097b93df114372488db386c645b1ff8bfd2ca23ed23f	6765e0aef1a5f0af5eacef07b293f8ecfca4abf25013b0c0d8de5e5d52bd5fd1	mermaid-aws@2026-09-19	mermaid-aws@2026-09-19	3048x3000	3648x3672	0.6826	0.501	0.8854	0.0896	0.6691	0.3117	0	different	unrelated scene; whole patch matched to a tiny low-texture box
C003	93caafc355fa65e42de43bd80b8ae4d7a6b2eb297df3aed33ad5637501165fe9	38a5d9acf9032cb5fa016ee2768cfaff076017b8d56b6a367f55169ff90a7997	mermaid-aws@2026-09-19	mermaid-aws@2026-09-19	2808x2800	3160x3000	0.8294	0.5014	0.8977	0.08	0.7935	0.3117	0	different	unrelated scene; whole patch matched to a tiny low-texture box
C004	d7202417f98fa0fe5b6aa3f8e02c9a9d60e62c835afd2bcec49a7462bd4a528d	df1557ed90f02fca948e791b6cc433b457f46f3daf3e06fb963d3cd3c3c70e95	v1:coralscop-masks-rs	v1:coralscop-masks-rs	1024x576	3860x2180	0.0701	0.5025	0.8783	0.08	0.8276	0.3117	0	same_scene	same video/plot, other frame; NCC box is not the patch content
C005	013054d0f808029c3358e34fb83d6c49b4fdc889bc3a4d5f89ba6266ce594d11	87b70ab75f0f6404b5b221f08f53989c8fe620d42fc532e2fa8234835d153f93	mermaid-aws@2026-09-19	mermaid-aws@2026-09-19	3401x3451	4322x4193	0.6477	0.5027	0.8563	0.08	0.6347	0.3117	0	different	unrelated scene; whole patch matched to a tiny low-texture box
C006	ca61a974e777095aa2733e994577674afd57565bc61a328bf1b4981dd842833b	93caafc355fa65e42de43bd80b8ae4d7a6b2eb297df3aed33ad5637501165fe9	mermaid-aws@2026-09-19	mermaid-aws@2026-09-19	2808x2800	3368x3000	0.7781	0.5028	0.9436	0.08	0.8725	0.3117	0	different	unrelated scene; whole patch matched to a tiny low-texture box
C007	562d91fd5fab9b0549a2cf0bbb498960bc534f59009be183d2e62c22ddb230b6	69c84f1fad4874499d78e051521e0741b2bd96cd47a63633efcb17a676cb11d9	mermaid-aws@2026-09-19	mermaid-aws@2026-09-19	2872x2840	3040x3000	0.8944	0.5032	0.8819	0.08	0.8326	0.689	0	different	unrelated scene; whole patch matched to a tiny low-texture box
C008	9e51bc9eba748f934b3223275f846c8b729dfd0fa7a686ba66f1a87735101344	db32f1a4f77782bbf369dfaa66d29adaa91a994e9004ef864f8711f3baa56cee	v1:coralscop-masks-rs	coralscapes@1.0	1044x1044	2048x1024	0.5197	0.5033	0.9338	0.08	0.8155	0.3117	1	different	unrelated scene; whole patch matched to a tiny low-texture box
C009	222d2834c9e2df6635a6cf67858bb30c78427f07c3149ca0674978aa750c4127	50dd410912c1030c9b19904e98d1c7136a19798f688b6e9f4a23fa14936f4866	mermaid-aws@2026-09-19	mermaid-aws@2026-09-19	2888x2880	3208x3000	0.8642	0.5035	0.8717	0.08	0.7732	0.3117	0	different	unrelated scene; whole patch matched to a tiny low-texture box
C010	805088e2ec1dcc8db4b4ff167d62015c2a7a431acea2c151704c89a58f2133c8	38a5d9acf9032cb5fa016ee2768cfaff076017b8d56b6a367f55169ff90a7997	mermaid-aws@2026-09-19	mermaid-aws@2026-09-19	3160x3000	3328x3000	0.9495	0.5039	0.8575	0.08	0.7584	0.3117	0	different	unrelated scene; whole patch matched to a tiny low-texture box
C011	05948b4d6a448b5926741aa1905199571a108d72c26f239e48deaba8f22528f0	013054d0f808029c3358e34fb83d6c49b4fdc889bc3a4d5f89ba6266ce594d11	mermaid-aws@2026-09-19	mermaid-aws@2026-09-19	3401x3451	3529x3598	0.9244	0.5039	0.8627	0.08	0.2558	0.3491	0	different	unrelated scene; whole patch matched to a tiny low-texture box
C012	54a6aaaee7465555105fcdab0023d62c44ced4360e6d90f566bff34703e4ba54	ff8b64df306d3bcf98c49c922bdecc651d7941f23c369ffdc01570d730907fc1	v1:coralscop-masks-rs	v1:coralscop-masks-rs	1300x740	1797x1020	0.5248	0.5043	0.8698	0.08	0.4118	0.3117	0	different	unrelated scene; whole patch matched to a tiny low-texture box
C013	7faca07ec243279144a1f5cfe54bd94796c755451a1c6068a25b66e62f037e2b	592425a1a4dc794ebf53c6b2dee55c89bfbeece7e945bb5bebb170b84937931b	mermaid-aws@2026-09-19	mermaid-aws@2026-09-19	2560x2520	3176x3000	0.6771	0.5044	0.8924	0.08	0.819	0.3117	0	different	unrelated scene; whole patch matched to a tiny low-texture box
C014	1ff89fe5e622db4b89eeba17dd9580bff0e96a88c5848c0e59216bf4e50028bf	7f3c450bf5a370da10b7a778191c1b8bdca7ba22b0dca551ef4bd5039cba6d7d	mermaid-aws@2026-09-19	mermaid-aws@2026-09-19	3040x3000	3648x3672	0.6808	0.5045	0.9278	0.1124	0.9192	0.3117	0	different	unrelated scene; whole patch matched to a tiny low-texture box
C015	7272a64e7d38808251e50bb37a8ae48bafec7a8398b67ee60a10e63f13fa3e18	65b57bb74f7add9518eb3b371abdcc350cc529f4c8eca7991a9a5dcb1383907c	mermaid-aws@2026-09-19	mermaid-aws@2026-09-19	3168x2920	3464x3000	0.8902	0.5047	0.9508	0.08	0.9159	0.4379	0	different	unrelated scene; whole patch matched to a tiny low-texture box
C016	4b2105e4ba24d67429e6861bc0f4ad7e64db647e466fbfd65256e94de008ce77	7e744c09eb8b9cb3e0c6d3c9ebd893bf63aebf7a841f5d65e707a1cafe880d88	v1:coralscop-masks-rs	v1:coralscop-masks-rs	1024x576	3860x2180	0.0701	0.5052	0.8988	0.08	0.7381	0.3491	0	same_scene	same video/plot, other frame; NCC box is not the patch content
C017	93caafc355fa65e42de43bd80b8ae4d7a6b2eb297df3aed33ad5637501165fe9	805088e2ec1dcc8db4b4ff167d62015c2a7a431acea2c151704c89a58f2133c8	mermaid-aws@2026-09-19	mermaid-aws@2026-09-19	2808x2800	3328x3000	0.7875	0.5053	0.9378	0.0896	0.8714	0.3117	0	different	unrelated scene; whole patch matched to a tiny low-texture box
C018	cc628261598b3945f768c057d7750ec6241a19aed72af5479af760d2c77ce1c9	04ecd556b69d91364b530ec6e6757641554ef7d5add25667ca79bd649c16aa74	mermaid-aws@2026-09-19	mermaid-aws@2026-09-19	2776x2752	3064x3000	0.8311	0.5057	0.8864	0.08	0.7781	0.3117	0	different	unrelated scene; whole patch matched to a tiny low-texture box
C019	563c4198245f9d8c446ed75f95747db297b0db22ceacf4e3b8736692bbaada76	6765e0aef1a5f0af5eacef07b293f8ecfca4abf25013b0c0d8de5e5d52bd5fd1	mermaid-aws@2026-09-19	mermaid-aws@2026-09-19	2992x2824	3048x3000	0.924	0.506	0.8701	0.0896	0.8698	0.3117	0	different	unrelated scene; whole patch matched to a tiny low-texture box
C020	09464dd12aff6cc6fe4cb0e6fed116b2350c0d4dc7447aaa7397f6b46f308363	c3f344d592e009b00900b69c262ee7af5ee7ce98da2cd9f0984cdd0bbccd26fa	mermaid-aws@2026-09-19	mermaid-aws@2026-09-19	2984x2920	3080x3000	0.943	0.5062	0.8738	0.08	0.8149	0.3117	0	different	unrelated scene; whole patch matched to a tiny low-texture box
C021	65b57bb74f7add9518eb3b371abdcc350cc529f4c8eca7991a9a5dcb1383907c	93caafc355fa65e42de43bd80b8ae4d7a6b2eb297df3aed33ad5637501165fe9	mermaid-aws@2026-09-19	mermaid-aws@2026-09-19	2808x2800	3168x2920	0.8499	0.5063	0.9369	0.08	0.9046	0.391	0	different	unrelated scene; whole patch matched to a tiny low-texture box
C022	6be0297518cbb91b28b20bdf58405924c847bc3370b4d766356e4b87078970bc	6765e0aef1a5f0af5eacef07b293f8ecfca4abf25013b0c0d8de5e5d52bd5fd1	mermaid-aws@2026-09-19	mermaid-aws@2026-09-19	2872x2816	3048x3000	0.8845	0.5064	0.857	0.1981	0.8488	0.3117	0	different	unrelated scene; whole patch matched to a tiny low-texture box
C023	ace951880723e9744ad6b9ec990a5f3dcaf1f9dc07a16c39c7596712f7f36181	e3713adae5abac77496b47bb847b1deca436ec6db4ddb1e77dc96688fccbdaef	v1:coralscop-masks-rs	mermaid-aws@2026-09-19	1920x1080	3200x2400	0.27	0.5065	0.8584	0.08	0.6105	0.3117	1	different	unrelated scene; whole patch matched to a tiny low-texture box
C024	f9c05d76368e1d08d69c3ca3b6644ed0d46ecdfa192f67cfa668c68091bf71a5	6be0297518cbb91b28b20bdf58405924c847bc3370b4d766356e4b87078970bc	mermaid-aws@2026-09-19	mermaid-aws@2026-09-19	2872x2816	3032x3000	0.8891	0.507	0.8947	0.2218	0.8832	0.3117	0	different	unrelated scene; region differs from patch
C025	cc628261598b3945f768c057d7750ec6241a19aed72af5479af760d2c77ce1c9	562d91fd5fab9b0549a2cf0bbb498960bc534f59009be183d2e62c22ddb230b6	mermaid-aws@2026-09-19	mermaid-aws@2026-09-19	2776x2752	2872x2840	0.9366	0.5074	0.9102	0.08	0.8672	0.3117	0	different	unrelated scene; whole patch matched to a tiny low-texture box
C026	097eddf042ca420c8c491ff9e14ec125b2929e1924aad99a38ad557eae4a5047	5595442da106bbcaaf47b70afcecc758ed18571aaf0c7d962775c5859180eeae	v1:reef-support-benthic-own	v1:reef-support-benthic-own	3205x2389	3401x2577	0.8736	0.508	0.907	0.08	0.6305	0.4379	0	different	unrelated scene; whole patch matched to a tiny low-texture box
C027	c5967704b1e6ad68a6eeb6399630d51380da899e52e054412d432781a697a0da	8af07d104d57a61b16efd31d6af250ed8ad7040c2c716d3fc2e0c1bec5bf0de4	mermaid-aws@2026-09-19	mermaid-aws@2026-09-19	3040x3000	3648x3636	0.6876	0.5082	0.8988	0.08	0.4854	0.3117	0	different	unrelated scene; whole patch matched to a tiny low-texture box
C028	c3f344d592e009b00900b69c262ee7af5ee7ce98da2cd9f0984cdd0bbccd26fa	630e93eb1f2a09a9bf007ee2eb1804f8f40cf034b9990d7ee3c0d7a5522d192d	mermaid-aws@2026-09-19	mermaid-aws@2026-09-19	2984x2920	3120x3000	0.9309	0.509	0.8525	0.2485	0.8517	0.3491	0	different	unrelated scene; region differs from patch
C029	097eddf042ca420c8c491ff9e14ec125b2929e1924aad99a38ad557eae4a5047	429b79e2cf03321d0d95d53c3e0dc5045fc5b0c45cc7eba173f6bc025f990ca6	v1:reef-support-benthic-own	v1:reef-support-benthic-own	3205x2389	3437x2557	0.8712	0.5093	0.8554	0.08	0.677	0.3117	0	different	unrelated scene; whole patch matched to a tiny low-texture box
C030	2ae11f90e461cb7b955cc7a9efbaf705f789b9a7e71986f9f255a733abc51091	5ecff84143bc1b4b8b6829a9e895d09119057115189f90018928781e44892ee3	mermaid-aws@2026-09-19	mermaid-aws@2026-09-19	3000x3000	3184x3000	0.9422	0.5094	0.8719	0.2485	0.8559	0.3117	0	different	unrelated scene; region differs from patch
C031	3ed73b97a1321a44628fe6a27bea1ad6f042b2a8637bbe68913286534a61720e	87151ae4de0646e1b6e00676ec80355d11e151d048989084271cbb09a442f82f	v1:coralscop-masks-rs	v1:coralscop-masks-rs	1128x500	1072x884	0.5952	0.5097	0.8505	0.08	0.7545	0.8643	0	same_scene	same video/plot, other frame; NCC box is not the patch content
C032	cc628261598b3945f768c057d7750ec6241a19aed72af5479af760d2c77ce1c9	2ae11f90e461cb7b955cc7a9efbaf705f789b9a7e71986f9f255a733abc51091	mermaid-aws@2026-09-19	mermaid-aws@2026-09-19	2776x2752	3000x3000	0.8488	0.5098	0.8945	0.08	0.8595	0.4904	0	different	unrelated scene; whole patch matched to a tiny low-texture box
C033	5157e3324106f07f9828408925b08c7c35a9f6cfe0603ae67951ea9f5469da82	766458cb875ffec95eb93e1bfe3a548f367e5836bd9b733abbed3fc960f4c031	v1:coralscop-masks-rs	v1:coralscop-masks-rs	1024x576	3860x2180	0.0701	0.5101	0.9377	0.08	0.8571	0.3117	0	same_scene	same video/plot, other frame; NCC box is not the patch content
C034	78711f8ffc129fbea903c36902235aaf8f1cf2c4356ea4f7f69209af91516cce	b76c667aafa4c9978f407d9577d2531a54683b19ab8a1227d0c6bad694cd29b2	v1:coralscop-masks-rs	v1:coralscop-masks-rs	520x395	1044x1044	0.1885	0.5103	0.8858	0.08	0.6109	0.689	0	different	unrelated scene; whole patch matched to a tiny low-texture box
C035	df0443c56a797e29c52107ea73e88e8cee63d482f6e2e3b336ed574582b540df	3ddd3a4a869ee759ba6a131a83299dd4e295adb14c7827beac23c5fb6242aafd	mermaid-aws@2026-09-19	mermaid-aws@2026-09-19	2504x2560	3064x3000	0.6974	0.5106	0.8916	0.08	0.8073	0.3491	0	different	unrelated scene; whole patch matched to a tiny low-texture box
C036	383283f305fcfe6439a164bb0ec1091a1a8693d4e83135c1655f476adcc212df	38ad3581b1fd1d596495f5cb1b48b1c2cb927c11d970ed35936bf1f94bd5be74	v1:coralscop-masks-rs	v1:coralscop-masks-rs	660x380	1024x576	0.4252	0.5109	0.8722	0.08	0.721	0.4904	0	same_scene	same video/plot, other frame; NCC box is not the patch content
C037	cc628261598b3945f768c057d7750ec6241a19aed72af5479af760d2c77ce1c9	f958380515a3aaa285fe9eb5c7b975843e272bd2101c6c8e7ea83dd4f7798b3f	mermaid-aws@2026-09-19	mermaid-aws@2026-09-19	2776x2752	3032x3000	0.8399	0.5116	0.8952	0.08	0.8139	0.3117	0	different	unrelated scene; whole patch matched to a tiny low-texture box
C038	9a40de3620b3f0145f59f6904c9ba56c4f51c1c76c7dbefdeb9c1d9dfdbea7e4	33d88761b1bbcbbba06a4e25e0504287799107232c9b4d89beee221ea8f458c5	mermaid-aws@2026-09-19	mermaid-aws@2026-09-19	2778x2778	2885x2885	0.9272	0.5117	0.8529	0.141	0.5767	0.3117	0	different	unrelated scene; whole patch matched to a tiny low-texture box
C039	264a398061caa8a4fad706a302517a82c65228955f7192dd0ab94c4a4900b6d4	09464dd12aff6cc6fe4cb0e6fed116b2350c0d4dc7447aaa7397f6b46f308363	mermaid-aws@2026-09-19	mermaid-aws@2026-09-19	3080x3000	3376x3000	0.9123	0.512	0.8619	0.08	0.8375	0.391	0	different	unrelated scene; whole patch matched to a tiny low-texture box
C040	1eed7cb29159135698a9e479e0acc56aa0cfdb1803478c57dd9a82fefde46e43	0ef8509a4e07ab4d9214fc67b564336028e497a1e29d85ff630ced20262f5c19	mermaid-aws@2026-09-19	mermaid-aws@2026-09-19	3000x3000	3632x3000	0.826	0.5123	0.933	0.0896	0.9318	0.391	0	different	unrelated scene; whole patch matched to a tiny low-texture box
C041	8bf9981bd2690ca690c52f3e49cd4437a09f79f66f51fee370385d5f5c948a91	d784076ff14341cd54e30dafcd9308989599e5796ec715efb93f3f5b7938fbe0	v1:coralscop-masks-rs	v1:coralscop-masks-rs	520x395	1044x1044	0.1885	0.5126	0.8624	0.08	0.4817	0.3117	0	different	unrelated scene; whole patch matched to a tiny low-texture box
C042	592425a1a4dc794ebf53c6b2dee55c89bfbeece7e945bb5bebb170b84937931b	7e8a22b4adc6b832f9d5402fed2c027a3739d147e5dbbf979824ea3cd3d92e7c	mermaid-aws@2026-09-19	mermaid-aws@2026-09-19	2560x2520	3080x3000	0.6982	0.513	0.8989	0.08	0.8466	0.3117	0	different	unrelated scene; whole patch matched to a tiny low-texture box
C043	d7202417f98fa0fe5b6aa3f8e02c9a9d60e62c835afd2bcec49a7462bd4a528d	efdb51c9e21a0eff488e69760795843ab579320eb380b4be868b7fbe298b38ff	v1:coralscop-masks-rs	v1:coralscop-masks-rs	1024x576	3860x2180	0.0701	0.5134	0.8713	0.08	0.8175	0.3117	0	same_scene	same video/plot, other frame; NCC box is not the patch content
C044	46d5afe8b30b93be39fefe5d98484a1ee6dbdaf9f73f8baac65a77d8b34ea35a	4ee04effa088f0d666a200433b924e0c2e7f8fd154e4c888b7a6815830f33fef	mermaid-aws@2026-09-19	mermaid-aws@2026-09-19	3040x3000	3660x3648	0.6831	0.5135	0.9545	0.141	0.9415	0.4379	0	different	unrelated scene; whole patch matched to a tiny low-texture box
C045	233c945fb7cb6989f196807275fe55a355a69ddf4e72707456ab6d9d28d8ad1c	6765e0aef1a5f0af5eacef07b293f8ecfca4abf25013b0c0d8de5e5d52bd5fd1	mermaid-aws@2026-09-19	mermaid-aws@2026-09-19	3048x3000	3552x3000	0.8581	0.5137	0.8719	0.0896	0.7119	0.3117	0	different	unrelated scene; whole patch matched to a tiny low-texture box
C046	5c632cc017622032b29c914d36c7ed89bdbd54d3518c2c1865f122602d25632d	93caafc355fa65e42de43bd80b8ae4d7a6b2eb297df3aed33ad5637501165fe9	mermaid-aws@2026-09-19	mermaid-aws@2026-09-19	2808x2800	3032x3000	0.8644	0.5139	0.9353	0.08	0.8634	0.7717	0	different	unrelated scene; whole patch matched to a tiny low-texture box
C047	013054d0f808029c3358e34fb83d6c49b4fdc889bc3a4d5f89ba6266ce594d11	7c9acb38ad6a31e410e6c81b0978936644ea4d3ba8a8c153fd44a5829bac889b	mermaid-aws@2026-09-19	mermaid-aws@2026-09-19	3401x3451	4240x4190	0.6607	0.5142	0.8511	0.08	0.7031	0.4904	0	different	unrelated scene; whole patch matched to a tiny low-texture box
C048	cd39641eddab8371169d372fdfcd84305fac361834a1865b5ebfa5724e817386	a04cc8cde7b140977c9e43260265771d0cb676354606c96158227426ffd00676	mermaid-aws@2026-09-19	mermaid-aws@2026-09-19	1526x1530	1689x1694	0.816	0.5143	0.8737	0.08	0.3471	0.3117	0	different	unrelated scene; whole patch matched to a tiny low-texture box
C049	b915ff94f208bed5052cf3e7ab9c23fa4c2fae7f7a34b22e3547f013f0fa039a	04ecd556b69d91364b530ec6e6757641554ef7d5add25667ca79bd649c16aa74	mermaid-aws@2026-09-19	mermaid-aws@2026-09-19	3064x3000	3296x3000	0.9296	0.5144	0.8522	0.1259	0.7423	0.3117	0	different	unrelated scene; whole patch matched to a tiny low-texture box
C050	6e37119959ea50549e47b5b2c1e32f01c1d7541239adc598944c57e9a32dd411	62c38679d7818f7db059c41958464ce6de90c388e7c929826429a2bceac30055	mermaid-aws@2026-09-19	mermaid-aws@2026-09-19	4000x3000	5568x4872	0.4424	0.5148	0.8698	0.08	0.7472	0.3117	0	different	unrelated scene; whole patch matched to a tiny low-texture box
C051	562d91fd5fab9b0549a2cf0bbb498960bc534f59009be183d2e62c22ddb230b6	b3e46c09b9ad46221d02c525846b8b8ff514decd6970117a4174f890e14068f9	mermaid-aws@2026-09-19	mermaid-aws@2026-09-19	2872x2840	3224x3000	0.8433	0.5149	0.8699	0.08	0.7773	0.3117	0	different	unrelated scene; whole patch matched to a tiny low-texture box
C052	7fc7b63cf1be8ca50ec18f031fb6ace4d77dea8c133f8a64f79769aeb89e0929	bd2a40144ae255b95623727d77136c38b6f8e8a05c0cba41d6fed563db702f6c	v1:coralscop-masks-rs	v1:coralscop-masks-rs	1024x576	3860x2180	0.0701	0.5153	0.8974	0.08	0.8865	0.3117	0	same_scene	same video/plot, other frame; NCC box is not the patch content
C053	805088e2ec1dcc8db4b4ff167d62015c2a7a431acea2c151704c89a58f2133c8	f958380515a3aaa285fe9eb5c7b975843e272bd2101c6c8e7ea83dd4f7798b3f	mermaid-aws@2026-09-19	mermaid-aws@2026-09-19	3032x3000	3328x3000	0.9111	0.5153	0.8833	0.08	0.7809	0.3117	0	different	unrelated scene; whole patch matched to a tiny low-texture box
C054	e6fab478993c42893116ff773b345cefb59295112aaa3e9cd4ff931920451342	a37f463af8fd4c7a4097aa5f4afccb39d1d882af66940c4793151fa2003bff42	mermaid-aws@2026-09-19	mermaid-aws@2026-09-19	3088x3000	3312x3000	0.9324	0.516	0.9098	0.08	0.8195	0.3117	0	different	unrelated scene; whole patch matched to a tiny low-texture box
C055	7272a64e7d38808251e50bb37a8ae48bafec7a8398b67ee60a10e63f13fa3e18	a0dc414f48cce8dfd1837228ee51c2a14c86acde26205d3c97a18fb72371006c	mermaid-aws@2026-09-19	mermaid-aws@2026-09-19	2944x3000	3464x3000	0.8499	0.5161	0.8775	0.2218	0.8677	0.4379	0	different	unrelated scene; region differs from patch
C056	7d425edb865a7526dcf280cdcbf46699fbe755877e46697363013ca03b9fd095	db4e401e89a7156eb143ed190eeb1ce62d434968cefe21cb700abe6a5d239204	v1:coralscop-masks-rs	v1:coralscop-masks-rs	1024x576	3860x2180	0.0701	0.5162	0.8531	0.08	0.7458	0.3117	0	same_scene	same video/plot, other frame; NCC box is not the patch content
C057	ca61a974e777095aa2733e994577674afd57565bc61a328bf1b4981dd842833b	0ef8509a4e07ab4d9214fc67b564336028e497a1e29d85ff630ced20262f5c19	mermaid-aws@2026-09-19	mermaid-aws@2026-09-19	3368x3000	3632x3000	0.9273	0.5164	0.9229	0.08	0.8954	0.3117	0	different	unrelated scene; whole patch matched to a tiny low-texture box
C058	63c687037fa0c01839cc6f7559ce8f6f44a197ef65f6bec4536a002375297851	6857ca6b958f80077f89b42275767deec1a258681b175b65f3a16dbad9759988	v1:coralscop-masks-rs	v1:coralscop-masks-rs	1024x576	3860x2180	0.0701	0.5166	0.9098	0.08	0.8225	0.3117	0	same_scene	same video/plot, other frame; NCC box is not the patch content
C059	46a85b93e76ead9a0f22057acbcea813b072b39ef22307e9d95492e0e576e825	93caafc355fa65e42de43bd80b8ae4d7a6b2eb297df3aed33ad5637501165fe9	mermaid-aws@2026-09-19	mermaid-aws@2026-09-19	2808x2800	2944x2928	0.9121	0.5171	0.9393	0.08	0.8752	0.3117	0	different	unrelated scene; whole patch matched to a tiny low-texture box
C060	f509f221b62eb67d68ab50c0ef8ab1e0deb0f04c67c93d546c0ba44cc27b825a	6765e0aef1a5f0af5eacef07b293f8ecfca4abf25013b0c0d8de5e5d52bd5fd1	mermaid-aws@2026-09-19	mermaid-aws@2026-09-19	3048x3000	3576x3540	0.7223	0.5173	0.8924	0.1981	0.8752	0.3117	0	different	unrelated scene; whole patch matched to a tiny low-texture box
C061	c3f344d592e009b00900b69c262ee7af5ee7ce98da2cd9f0984cdd0bbccd26fa	0e89e6b45b8b0ccd6df3a568b5bd89b31d23a99626a7a3dd1e5dbf2baa07a1a9	mermaid-aws@2026-09-19	mermaid-aws@2026-09-19	2984x2920	3064x3000	0.9479	0.5183	0.8594	0.08	0.7343	0.3117	0	different	unrelated scene; whole patch matched to a tiny low-texture box
C062	57664defd6ef946e4e20960ff742ebd00960ae6e110e4d3912bfa478b5ac86ac	50dd410912c1030c9b19904e98d1c7136a19798f688b6e9f4a23fa14936f4866	mermaid-aws@2026-09-19	mermaid-aws@2026-09-19	2888x2880	3096x3000	0.8955	0.5183	0.8725	0.08	0.7707	0.3117	0	different	unrelated scene; whole patch matched to a tiny low-texture box
C063	0237490f272252ec266f13666d268048abc997edf5a55da75d2b4c627d9f65bf	1bc827adbc82e670d08bd2e9558feb461d4a5391f4425104ebf11b0ea1a8094c	v1:reef-support-benthic-own	v1:reef-support-benthic-own	3181x2341	3357x2481	0.8941	0.5186	0.8959	0.08	0.5841	0.3117	0	different	unrelated scene; whole patch matched to a tiny low-texture box
C064	234cb1c6aa246aa93de7d05d9dd5300395fea6dda5715b1b0d162b38a2888a2d	55de111f1dd8a6ac764fa667dcb68e9ce22a7bb45fbd042b31165b1f11292372	mermaid-aws@2026-09-19	mermaid-aws@2026-09-19	3032x3000	3288x3000	0.9221	0.519	0.8537	0.08	0.7717	0.3117	0	different	unrelated scene; whole patch matched to a tiny low-texture box
C065	5c632cc017622032b29c914d36c7ed89bdbd54d3518c2c1865f122602d25632d	805088e2ec1dcc8db4b4ff167d62015c2a7a431acea2c151704c89a58f2133c8	mermaid-aws@2026-09-19	mermaid-aws@2026-09-19	3032x3000	3328x3000	0.9111	0.5192	0.851	0.08	0.8444	0.689	0	different	unrelated scene; whole patch matched to a tiny low-texture box
C066	fe94875007e98d01cbbdc46cbf7f91030c5e54678a6eae28b3862cecd51da2f9	a0dc414f48cce8dfd1837228ee51c2a14c86acde26205d3c97a18fb72371006c	mermaid-aws@2026-09-19	mermaid-aws@2026-09-19	2944x3000	3216x3000	0.9154	0.5194	0.8617	0.1124	0.853	0.3117	0	different	unrelated scene; whole patch matched to a tiny low-texture box
C067	543d4464291c22f1a68b696eeb3dad2c6f3a9482cfcfcc18afcfa5addcb56cb5	366cb6fd88892d613073608041d193ee4a29b48ecd7dc8ed08bbf9dcb6e0b58e	mermaid-aws@2026-09-19	mermaid-aws@2026-09-19	3056x3000	3531x3000	0.8655	0.5196	0.9544	0.08	0.8862	0.3117	0	different	unrelated scene; whole patch matched to a tiny low-texture box
C068	0cad94b7afa5a939d589dbec946557f1a872db25b0ca06d4fa1856efdabdefc0	387e9d9cdd61acddae3832b7539026e9c3d58edf694b78e4e8e8bf455e9d4758	v1:reef-support-benthic-own	v1:reef-support-benthic-own	3353x2521	4173x3162	0.6406	0.5204	0.9075	0.08	0.7994	0.3117	0	different	unrelated scene; whole patch matched to a tiny low-texture box
C069	48f7fac991366f27b3523d56a9e3df921eb40ec49f480c0e1d60c41defbfc152	4f433ff7c867073ff3b1a5093fc05ec4d84aae1b6dc141e2924adc483f03e1f0	v1:coralscop-masks-rs	v1:coralscop-masks-rs	660x380	1024x576	0.4252	0.5211	0.8557	0.08	0.5987	0.4379	0	same_scene	same video/plot, other frame; NCC box is not the patch content
C070	ca61a974e777095aa2733e994577674afd57565bc61a328bf1b4981dd842833b	366cb6fd88892d613073608041d193ee4a29b48ecd7dc8ed08bbf9dcb6e0b58e	mermaid-aws@2026-09-19	mermaid-aws@2026-09-19	3056x3000	3368x3000	0.9074	0.5222	0.9631	0.1004	0.9153	0.3117	0	different	unrelated scene; whole patch matched to a tiny low-texture box
C071	562d91fd5fab9b0549a2cf0bbb498960bc534f59009be183d2e62c22ddb230b6	d590c06cfdc19a1ee5271f9c61c16caf32afafcedd98f34af924f12bb26857bc	mermaid-aws@2026-09-19	mermaid-aws@2026-09-19	2872x2840	3016x3000	0.9015	0.5227	0.8791	0.08	0.8349	0.3117	0	different	unrelated scene; whole patch matched to a tiny low-texture box
C072	234cb1c6aa246aa93de7d05d9dd5300395fea6dda5715b1b0d162b38a2888a2d	366cb6fd88892d613073608041d193ee4a29b48ecd7dc8ed08bbf9dcb6e0b58e	mermaid-aws@2026-09-19	mermaid-aws@2026-09-19	3056x3000	3288x3000	0.9294	0.5234	0.955	0.08	0.8974	0.3117	0	different	unrelated scene; whole patch matched to a tiny low-texture box
C073	630e93eb1f2a09a9bf007ee2eb1804f8f40cf034b9990d7ee3c0d7a5522d192d	50dd410912c1030c9b19904e98d1c7136a19798f688b6e9f4a23fa14936f4866	mermaid-aws@2026-09-19	mermaid-aws@2026-09-19	2888x2880	3120x3000	0.8886	0.5234	0.8588	0.08	0.767	0.3117	0	different	unrelated scene; whole patch matched to a tiny low-texture box
C074	57664defd6ef946e4e20960ff742ebd00960ae6e110e4d3912bfa478b5ac86ac	b915ff94f208bed5052cf3e7ab9c23fa4c2fae7f7a34b22e3547f013f0fa039a	mermaid-aws@2026-09-19	mermaid-aws@2026-09-19	3096x3000	3296x3000	0.9393	0.5234	0.8536	0.2485	0.836	0.3117	0	different	unrelated scene; region differs from patch
C075	06248c7e1fcb2eb3c5d9a3344acaad18bb9abd9f2c3cfda5d630cbd854c72ae6	4a3698068ab9b8f2167936ad545dee6fb106e152fb0bba3a718edbeb371664bf	mermaid-aws@2026-09-19	mermaid-aws@2026-09-19	3288x3000	3276x3204	0.9398	0.5235	0.8698	0.3117	0.8698	0.3117	0	different	unrelated scene; region differs from patch
C076	cc0b82f6c9b771369123d445f6fb769ee03d606d35adc6dd841e8d52ae9bd939	65b57bb74f7add9518eb3b371abdcc350cc529f4c8eca7991a9a5dcb1383907c	mermaid-aws@2026-09-19	mermaid-aws@2026-09-19	3168x2920	3256x3000	0.947	0.5238	0.9427	0.08	0.8707	0.3491	0	different	unrelated scene; whole patch matched to a tiny low-texture box
C077	76b4e6df39ec6e9f0f9968174b746d90d685d77f7a1401103c129c6b615664d2	94d1127af1240de9818c52af748717ecc0386cbdd78a9b4fb3c7d8c87f305321	mermaid-aws@2026-09-19	mermaid-aws@2026-09-19	2882x2882	3000x3000	0.9229	0.5238	0.8798	0.08	0.7334	0.3117	0	different	unrelated scene; whole patch matched to a tiny low-texture box
C078	57664defd6ef946e4e20960ff742ebd00960ae6e110e4d3912bfa478b5ac86ac	562d91fd5fab9b0549a2cf0bbb498960bc534f59009be183d2e62c22ddb230b6	mermaid-aws@2026-09-19	mermaid-aws@2026-09-19	2872x2840	3096x3000	0.8782	0.5238	0.8834	0.08	0.8393	0.3117	0	different	unrelated scene; whole patch matched to a tiny low-texture box
C079	fc932a87d141a69d7dbf0a8e6109d9c8954bfc555a708e82909e8a11fbe90601	a0dc414f48cce8dfd1837228ee51c2a14c86acde26205d3c97a18fb72371006c	mermaid-aws@2026-09-19	mermaid-aws@2026-09-19	2840x2864	2944x3000	0.9209	0.5242	0.8577	0.5493	0.8577	0.5493	0	different	unrelated scene; region differs from patch
C080	0e89e6b45b8b0ccd6df3a568b5bd89b31d23a99626a7a3dd1e5dbf2baa07a1a9	6be0297518cbb91b28b20bdf58405924c847bc3370b4d766356e4b87078970bc	mermaid-aws@2026-09-19	mermaid-aws@2026-09-19	2872x2816	3064x3000	0.8798	0.5244	0.8941	0.1769	0.8151	0.3117	0	different	unrelated scene; whole patch matched to a tiny low-texture box
C081	562d91fd5fab9b0549a2cf0bbb498960bc534f59009be183d2e62c22ddb230b6	e6fab478993c42893116ff773b345cefb59295112aaa3e9cd4ff931920451342	mermaid-aws@2026-09-19	mermaid-aws@2026-09-19	2872x2840	3312x3000	0.8209	0.5246	0.8905	0.08	0.8217	0.391	0	different	unrelated scene; whole patch matched to a tiny low-texture box
C082	4bf51df6fd319b3420b3602b0d691a184fefcce5affe199a63ed6d53a0005055	d7202417f98fa0fe5b6aa3f8e02c9a9d60e62c835afd2bcec49a7462bd4a528d	v1:coralscop-masks-rs	v1:coralscop-masks-rs	1024x576	3860x2180	0.0701	0.5251	0.906	0.08	0.8522	0.3117	0	same_scene	same video/plot, other frame; NCC box is not the patch content
C083	0ebeaa7da3bd836b5af40f20950b2a7db5b780631335ff2a23801610813616f3	583cf5b41db5eff45716bf5133659e743ac5da47ba11abd75313bccd734ab9da	mermaid-aws@2026-09-19	mermaid-aws@2026-09-19	2512x2512	2641x2641	0.9047	0.5254	0.9082	0.08	0.8453	0.4904	0	different	unrelated scene; whole patch matched to a tiny low-texture box
C084	2ae11f90e461cb7b955cc7a9efbaf705f789b9a7e71986f9f255a733abc51091	234cb1c6aa246aa93de7d05d9dd5300395fea6dda5715b1b0d162b38a2888a2d	mermaid-aws@2026-09-19	mermaid-aws@2026-09-19	3000x3000	3288x3000	0.9124	0.5258	0.8681	0.1004	0.8325	0.3491	0	different	unrelated scene; whole patch matched to a tiny low-texture box
C085	2823859d72bc166a2ac56f0f5632b8c20da25a6c753185451f91498f70813091	9a40de3620b3f0145f59f6904c9ba56c4f51c1c76c7dbefdeb9c1d9dfdbea7e4	mermaid-aws@2026-09-19	mermaid-aws@2026-09-19	2537x2537	2778x2778	0.834	0.5259	0.8949	0.08	0.7753	0.3491	0	different	unrelated scene; whole patch matched to a tiny low-texture box
C086	2823859d72bc166a2ac56f0f5632b8c20da25a6c753185451f91498f70813091	02178cd373f67ccec72688e19d1aef0c603c59c5565cd12c003749d191636137	mermaid-aws@2026-09-19	mermaid-aws@2026-09-19	2537x2537	2789x2789	0.8275	0.5259	0.8834	0.08	0.8004	0.3117	0	different	unrelated scene; whole patch matched to a tiny low-texture box
C087	562d91fd5fab9b0549a2cf0bbb498960bc534f59009be183d2e62c22ddb230b6	0293fdd39a6601ad5aec80dc8fa093dcf583eecbf9773f178108b157850b21ce	mermaid-aws@2026-09-19	mermaid-aws@2026-09-19	2872x2840	3088x3000	0.8804	0.5267	0.8786	0.08	0.7706	0.3117	0	different	unrelated scene; whole patch matched to a tiny low-texture box
C088	273e15b03c9c8a27a28e51f099e0d41a8be88267847a10f46568d3a23c1198d9	4b2105e4ba24d67429e6861bc0f4ad7e64db647e466fbfd65256e94de008ce77	v1:coralscop-masks-rs	v1:coralscop-masks-rs	1024x576	3860x2180	0.0701	0.5267	0.8833	0.08	0.8244	0.3117	0	same_scene	same video/plot, other frame; NCC box is not the patch content
C089	0237490f272252ec266f13666d268048abc997edf5a55da75d2b4c627d9f65bf	1c239520ae03c496798c5f030ee8156e0362c7a8dde07c6f67d6f2b36ccc2dfc	v1:reef-support-benthic-own	v1:reef-support-benthic-own	3181x2341	3401x2549	0.859	0.5272	0.8998	0.08	0.8175	0.4904	0	different	unrelated scene; whole patch matched to a tiny low-texture box
C090	ca61a974e777095aa2733e994577674afd57565bc61a328bf1b4981dd842833b	6765e0aef1a5f0af5eacef07b293f8ecfca4abf25013b0c0d8de5e5d52bd5fd1	mermaid-aws@2026-09-19	mermaid-aws@2026-09-19	3048x3000	3368x3000	0.905	0.5274	0.8751	0.0896	0.8332	0.3117	0	different	unrelated scene; whole patch matched to a tiny low-texture box
C091	1465e18b3dd0ab0eca32bcd9541671929ba76251360376c036ac2579bd1a05e8	d784076ff14341cd54e30dafcd9308989599e5796ec715efb93f3f5b7938fbe0	v1:coralscop-masks-rs	v1:coralscop-masks-rs	520x395	1044x1044	0.1885	0.5293	0.8622	0.08	0.3993	0.5493	0	different	unrelated scene; whole patch matched to a tiny low-texture box
C092	46d5afe8b30b93be39fefe5d98484a1ee6dbdaf9f73f8baac65a77d8b34ea35a	6765e0aef1a5f0af5eacef07b293f8ecfca4abf25013b0c0d8de5e5d52bd5fd1	mermaid-aws@2026-09-19	mermaid-aws@2026-09-19	3048x3000	3660x3648	0.6849	0.5297	0.9234	0.2783	0.9223	0.3117	0	different	unrelated scene; region differs from patch
C093	cc628261598b3945f768c057d7750ec6241a19aed72af5479af760d2c77ce1c9	d861b4525db4e62d7f3fa5616100d630fe83e9998ee9db80c0bd07063b517fb6	mermaid-aws@2026-09-19	mermaid-aws@2026-09-19	2776x2752	3008x3000	0.8466	0.5301	0.9034	0.08	0.8826	0.8643	0	different	unrelated scene; whole patch matched to a tiny low-texture box
C094	50dd410912c1030c9b19904e98d1c7136a19798f688b6e9f4a23fa14936f4866	5367ee581edc9093c8070978c5dbc82e8d9ce93f6dad2ecb558706b1b697e922	mermaid-aws@2026-09-19	mermaid-aws@2026-09-19	2888x2880	3072x3000	0.9025	0.5308	0.8666	0.08	0.7905	0.3117	0	different	unrelated scene; whole patch matched to a tiny low-texture box
C095	4ee04effa088f0d666a200433b924e0c2e7f8fd154e4c888b7a6815830f33fef	ca61a974e777095aa2733e994577674afd57565bc61a328bf1b4981dd842833b	mermaid-aws@2026-09-19	mermaid-aws@2026-09-19	3040x3000	3368x3000	0.9026	0.5309	0.9536	0.08	0.9239	0.3117	0	different	unrelated scene; whole patch matched to a tiny low-texture box
C096	0237490f272252ec266f13666d268048abc997edf5a55da75d2b4c627d9f65bf	713e5af8f897a990a9f98ee595124b80cc1275d410f2891c766b8480bbdab849	v1:reef-support-benthic-own	v1:reef-support-benthic-own	3181x2341	3205x2493	0.932	0.531	0.8791	0.08	0.7094	0.3117	0	different	unrelated scene; whole patch matched to a tiny low-texture box
C097	df0443c56a797e29c52107ea73e88e8cee63d482f6e2e3b336ed574582b540df	f9c05d76368e1d08d69c3ca3b6644ed0d46ecdfa192f67cfa668c68091bf71a5	mermaid-aws@2026-09-19	mermaid-aws@2026-09-19	2504x2560	3032x3000	0.7047	0.5311	0.907	0.08	0.841	0.3117	0	different	unrelated scene; whole patch matched to a tiny low-texture box
C098	562d91fd5fab9b0549a2cf0bbb498960bc534f59009be183d2e62c22ddb230b6	101a3fa12aa72444bf0a0bc3e1960603c1c519db7260152f6b86d60a4772b390	mermaid-aws@2026-09-19	mermaid-aws@2026-09-19	2872x2840	3096x3000	0.8782	0.5319	0.8853	0.08	0.8303	0.3491	0	different	unrelated scene; whole patch matched to a tiny low-texture box
C099	d784076ff14341cd54e30dafcd9308989599e5796ec715efb93f3f5b7938fbe0	f2503cb76a21e50bd091f8a095ba1a5b3d91520df68f36c60925e65d606e9399	v1:coralscop-masks-rs	v1:coralscop-masks-rs	520x395	1044x1044	0.1885	0.532	0.8572	0.08	0.4327	0.3117	0	different	unrelated scene; whole patch matched to a tiny low-texture box
C100	fe94875007e98d01cbbdc46cbf7f91030c5e54678a6eae28b3862cecd51da2f9	562d91fd5fab9b0549a2cf0bbb498960bc534f59009be183d2e62c22ddb230b6	mermaid-aws@2026-09-19	mermaid-aws@2026-09-19	2872x2840	3216x3000	0.8454	0.5324	0.8794	0.0896	0.8479	0.3117	0	different	unrelated scene; whole patch matched to a tiny low-texture box
C101	c3f344d592e009b00900b69c262ee7af5ee7ce98da2cd9f0984cdd0bbccd26fa	234cb1c6aa246aa93de7d05d9dd5300395fea6dda5715b1b0d162b38a2888a2d	mermaid-aws@2026-09-19	mermaid-aws@2026-09-19	2984x2920	3288x3000	0.8833	0.5326	0.8512	0.08	0.8429	0.3117	0	different	unrelated scene; whole patch matched to a tiny low-texture box
C102	9075b940982e722375445b8c49f25304dabe2b305c7753e2b68a339586edbd61	dfe5961fa6c6d06e36d561a329c38d887e3f72ca8e8f8fa6acd7edb369096cb8	v1:reef-support-benthic-own	v1:reef-support-benthic-own	3257x2421	3377x2561	0.9117	0.5335	0.9505	0.1769	0.9455	0.3117	0	same_scene	same video/plot, other frame; NCC box is not the patch content
C103	35f5d77fac0104f771b8c0e9aa31b67f8f6ac69066acf59b0c9f837b18671cb1	9765920913f2c76fb1caf5aca34cd1e692dcd0c16778ca3b888a7e9c5a3d7df1	v1:coralscop-masks-rs	mermaid-aws@2026-09-19	1920x1080	3648x3648	0.1558	0.5344	0.8782	0.08	0.8232	0.3117	1	different	unrelated scene; whole patch matched to a tiny low-texture box
C104	cc0b82f6c9b771369123d445f6fb769ee03d606d35adc6dd841e8d52ae9bd939	a0dc414f48cce8dfd1837228ee51c2a14c86acde26205d3c97a18fb72371006c	mermaid-aws@2026-09-19	mermaid-aws@2026-09-19	2944x3000	3256x3000	0.9042	0.5357	0.8783	0.1769	0.843	0.391	0	different	unrelated scene; whole patch matched to a tiny low-texture box
C105	543d4464291c22f1a68b696eeb3dad2c6f3a9482cfcfcc18afcfa5addcb56cb5	4a3698068ab9b8f2167936ad545dee6fb106e152fb0bba3a718edbeb371664bf	mermaid-aws@2026-09-19	mermaid-aws@2026-09-19	3288x3000	3531x3000	0.9312	0.5365	0.9124	0.391	0.9124	0.391	0	different	unrelated scene; region differs from patch
C106	562d91fd5fab9b0549a2cf0bbb498960bc534f59009be183d2e62c22ddb230b6	f5c26d009cb7c31c260f6af01e6177ab04af978c931bfed78a7191f654a89740	mermaid-aws@2026-09-19	mermaid-aws@2026-09-19	2872x2840	3008x3000	0.9039	0.5372	0.8855	0.08	0.8389	0.3117	0	different	unrelated scene; whole patch matched to a tiny low-texture box
C107	c3f344d592e009b00900b69c262ee7af5ee7ce98da2cd9f0984cdd0bbccd26fa	4a3698068ab9b8f2167936ad545dee6fb106e152fb0bba3a718edbeb371664bf	mermaid-aws@2026-09-19	mermaid-aws@2026-09-19	2984x2920	3288x3000	0.8833	0.5381	0.854	0.08	0.8215	0.3491	0	different	unrelated scene; whole patch matched to a tiny low-texture box
C108	46d5afe8b30b93be39fefe5d98484a1ee6dbdaf9f73f8baac65a77d8b34ea35a	7f3c450bf5a370da10b7a778191c1b8bdca7ba22b0dca551ef4bd5039cba6d7d	mermaid-aws@2026-09-19	mermaid-aws@2026-09-19	3040x3000	3660x3648	0.6831	0.5385	0.9461	0.2783	0.9442	0.4904	0	different	unrelated scene; region differs from patch
C109	d3da5cdb00b0b19070e824ec65a2812fd0c4fd2e999955149b7f96bd5482f8d2	e20712cc7b673a097b7a2e97c4bbff7449ef93a7a3e3c12da41b7fa54ba2d43c	v1:roboflow-coral-reef-classification-v3i	v1:coralscop-masks-rs	640x640	740x740	0.748	0.5385	0.8907	0.08	0.8517	0.3117	0	same_scene	same video/plot, other frame; NCC box is not the patch content
C110	cc0b82f6c9b771369123d445f6fb769ee03d606d35adc6dd841e8d52ae9bd939	6765e0aef1a5f0af5eacef07b293f8ecfca4abf25013b0c0d8de5e5d52bd5fd1	mermaid-aws@2026-09-19	mermaid-aws@2026-09-19	3048x3000	3256x3000	0.9361	0.5386	0.8875	0.1769	0.8849	0.391	0	different	unrelated scene; whole patch matched to a tiny low-texture box
C111	04ace51ae87e424e212aafc95cfba34413ff96c259194f9909ab531f013ae947	91d905c1c6844557c6175b9b44ff3a7f9a4359eba96c4318b7d96663707be4e7	v1:coralscop-masks-rs	v1:coralscop-masks-rs	520x395	1044x1044	0.1885	0.5386	0.9177	0.08	0.5944	0.8643	0	different	unrelated scene; whole patch matched to a tiny low-texture box
C112	234cb1c6aa246aa93de7d05d9dd5300395fea6dda5715b1b0d162b38a2888a2d	6765e0aef1a5f0af5eacef07b293f8ecfca4abf25013b0c0d8de5e5d52bd5fd1	mermaid-aws@2026-09-19	mermaid-aws@2026-09-19	3048x3000	3288x3000	0.927	0.5391	0.8739	0.0896	0.8511	0.3117	0	different	unrelated scene; whole patch matched to a tiny low-texture box
C113	2ae11f90e461cb7b955cc7a9efbaf705f789b9a7e71986f9f255a733abc51091	4a3698068ab9b8f2167936ad545dee6fb106e152fb0bba3a718edbeb371664bf	mermaid-aws@2026-09-19	mermaid-aws@2026-09-19	3000x3000	3288x3000	0.9124	0.5391	0.8687	0.5493	0.8687	0.5493	0	different	unrelated scene; region differs from patch
C114	8af07d104d57a61b16efd31d6af250ed8ad7040c2c716d3fc2e0c1bec5bf0de4	543d4464291c22f1a68b696eeb3dad2c6f3a9482cfcfcc18afcfa5addcb56cb5	mermaid-aws@2026-09-19	mermaid-aws@2026-09-19	3040x3000	3531x3000	0.8609	0.5392	0.8707	0.08	0.8333	0.6152	0	different	unrelated scene; whole patch matched to a tiny low-texture box
C115	e6fab478993c42893116ff773b345cefb59295112aaa3e9cd4ff931920451342	a0dc414f48cce8dfd1837228ee51c2a14c86acde26205d3c97a18fb72371006c	mermaid-aws@2026-09-19	mermaid-aws@2026-09-19	2944x3000	3312x3000	0.8889	0.5405	0.8644	0.1769	0.8101	0.3117	0	different	unrelated scene; whole patch matched to a tiny low-texture box
C116	4aae5f0011dab506bd95c37f4a268319432217603808eef03dbba791f4f2e00c	63c687037fa0c01839cc6f7559ce8f6f44a197ef65f6bec4536a002375297851	v1:coralscop-masks-rs	v1:coralscop-masks-rs	1024x576	3860x2180	0.0701	0.5411	0.8614	0.0896	0.8064	0.3117	0	same_scene	same video/plot, other frame; NCC box is not the patch content
C117	e6fab478993c42893116ff773b345cefb59295112aaa3e9cd4ff931920451342	faeb7c57d96436ca74fda93dda129ead9d9c5bf2bccc9c9ebc72da585d03bf95	mermaid-aws@2026-09-19	mermaid-aws@2026-09-19	3112x3000	3312x3000	0.9396	0.5425	0.8552	0.08	0.7976	0.3117	0	different	unrelated scene; whole patch matched to a tiny low-texture box
C118	765210fa85aad36505e00127bca0d07e652088dfc074c8e5492955d12bb27491	93caafc355fa65e42de43bd80b8ae4d7a6b2eb297df3aed33ad5637501165fe9	mermaid-aws@2026-09-19	mermaid-aws@2026-09-19	2808x2800	3040x3000	0.8621	0.5436	0.9302	0.08	0.8868	0.3117	0	different	unrelated scene; whole patch matched to a tiny low-texture box
C119	6be0297518cbb91b28b20bdf58405924c847bc3370b4d766356e4b87078970bc	0293fdd39a6601ad5aec80dc8fa093dcf583eecbf9773f178108b157850b21ce	mermaid-aws@2026-09-19	mermaid-aws@2026-09-19	2872x2816	3088x3000	0.873	0.5439	0.8818	0.1769	0.757	0.3117	0	different	unrelated scene; whole patch matched to a tiny low-texture box
C120	c5967704b1e6ad68a6eeb6399630d51380da899e52e054412d432781a697a0da	805088e2ec1dcc8db4b4ff167d62015c2a7a431acea2c151704c89a58f2133c8	mermaid-aws@2026-09-19	mermaid-aws@2026-09-19	3328x3000	3648x3636	0.7527	0.5443	0.8616	0.08	0.4813	0.3117	0	different	unrelated scene; whole patch matched to a tiny low-texture box
C121	562d91fd5fab9b0549a2cf0bbb498960bc534f59009be183d2e62c22ddb230b6	a37f463af8fd4c7a4097aa5f4afccb39d1d882af66940c4793151fa2003bff42	mermaid-aws@2026-09-19	mermaid-aws@2026-09-19	2872x2840	3088x3000	0.8804	0.5446	0.8771	0.08	0.8409	0.391	0	different	unrelated scene; whole patch matched to a tiny low-texture box
C122	f509f221b62eb67d68ab50c0ef8ab1e0deb0f04c67c93d546c0ba44cc27b825a	805088e2ec1dcc8db4b4ff167d62015c2a7a431acea2c151704c89a58f2133c8	mermaid-aws@2026-09-19	mermaid-aws@2026-09-19	3328x3000	3576x3540	0.7887	0.5447	0.8614	0.1981	0.8553	0.3117	0	different	unrelated scene; whole patch matched to a tiny low-texture box
C123	264a398061caa8a4fad706a302517a82c65228955f7192dd0ab94c4a4900b6d4	65b57bb74f7add9518eb3b371abdcc350cc529f4c8eca7991a9a5dcb1383907c	mermaid-aws@2026-09-19	mermaid-aws@2026-09-19	3168x2920	3376x3000	0.9134	0.5448	0.9492	0.08	0.8781	0.3117	0	different	unrelated scene; whole patch matched to a tiny low-texture box
C124	264a398061caa8a4fad706a302517a82c65228955f7192dd0ab94c4a4900b6d4	a0dc414f48cce8dfd1837228ee51c2a14c86acde26205d3c97a18fb72371006c	mermaid-aws@2026-09-19	mermaid-aws@2026-09-19	2944x3000	3376x3000	0.872	0.5448	0.8721	0.1981	0.861	0.3117	0	different	unrelated scene; whole patch matched to a tiny low-texture box
C125	9337fd097ac71b7fb3202a79411f9e3381178ecc31c420310cb72fc65f638cc2	b7defa179fce01582841a8e5f3d98e2a480696e8e9be2736782d32a4b2c460be	v1:reef-support-benthic-own	v1:reef-support-benthic-own	3269x2517	3393x2569	0.944	0.5457	0.8571	0.08	0.8088	0.3117	0	different	unrelated scene; whole patch matched to a tiny low-texture box
C126	46d5afe8b30b93be39fefe5d98484a1ee6dbdaf9f73f8baac65a77d8b34ea35a	366cb6fd88892d613073608041d193ee4a29b48ecd7dc8ed08bbf9dcb6e0b58e	mermaid-aws@2026-09-19	mermaid-aws@2026-09-19	3056x3000	3660x3648	0.6867	0.5467	0.9621	0.1579	0.9513	0.3117	0	different	unrelated scene; whole patch matched to a tiny low-texture box
C127	14c079f4c1a2fbc7c4c56829c780ea714ec94a4a0ace57bc9d42ed8de89013b3	4948d2b4a3d94fd2e02b5db7e3ca0428392459099e47bd34f85162e4e65c89fc	v1:coralscop-masks-rs	v1:coralscop-masks-rs	1280x720	1353x1020	0.6678	0.5472	0.9562	0.689	0.9562	0.689	0	derivative	true crop, parent region = patch
C128	1eed7cb29159135698a9e479e0acc56aa0cfdb1803478c57dd9a82fefde46e43	543d4464291c22f1a68b696eeb3dad2c6f3a9482cfcfcc18afcfa5addcb56cb5	mermaid-aws@2026-09-19	mermaid-aws@2026-09-19	3000x3000	3531x3000	0.8496	0.5475	0.936	0.0896	0.9085	0.3117	0	different	unrelated scene; whole patch matched to a tiny low-texture box
C129	562d91fd5fab9b0549a2cf0bbb498960bc534f59009be183d2e62c22ddb230b6	5367ee581edc9093c8070978c5dbc82e8d9ce93f6dad2ecb558706b1b697e922	mermaid-aws@2026-09-19	mermaid-aws@2026-09-19	2872x2840	3072x3000	0.885	0.5478	0.8777	0.08	0.8326	0.3117	0	different	unrelated scene; whole patch matched to a tiny low-texture box
C130	563c4198245f9d8c446ed75f95747db297b0db22ceacf4e3b8736692bbaada76	4ee04effa088f0d666a200433b924e0c2e7f8fd154e4c888b7a6815830f33fef	mermaid-aws@2026-09-19	mermaid-aws@2026-09-19	2992x2824	3040x3000	0.9265	0.548	0.8999	0.4379	0.8999	0.4379	0	different	unrelated scene; region differs from patch
C131	cc628261598b3945f768c057d7750ec6241a19aed72af5479af760d2c77ce1c9	a1edc699e45afa14a1ae30e7f738055dd7b32965dbdf5bcf5db34450c04d5bb7	mermaid-aws@2026-09-19	mermaid-aws@2026-09-19	2776x2752	3024x3000	0.8421	0.5485	0.8904	0.08	0.7789	0.3117	0	different	unrelated scene; whole patch matched to a tiny low-texture box
C132	8e54d39b4223e5e93ad9b6cfc1c21d43bacf9897638a46c9598740120d08a41d	d11a656c939d4f8c3a4f9eb6da02e10c97c3f0d6194f01b2be1a0a0900f960a8	mermaid-aws@2026-09-19	mermaid-aws@2026-09-19	2824x2864	3000x3000	0.8987	0.5486	0.9506	0.1579	0.8964	0.3117	0	different	unrelated scene; whole patch matched to a tiny low-texture box
C133	c3f344d592e009b00900b69c262ee7af5ee7ce98da2cd9f0984cdd0bbccd26fa	805088e2ec1dcc8db4b4ff167d62015c2a7a431acea2c151704c89a58f2133c8	mermaid-aws@2026-09-19	mermaid-aws@2026-09-19	2984x2920	3328x3000	0.8727	0.5489	0.8719	0.08	0.8473	0.8643	0	different	unrelated scene; whole patch matched to a tiny low-texture box
C134	563c4198245f9d8c446ed75f95747db297b0db22ceacf4e3b8736692bbaada76	543d4464291c22f1a68b696eeb3dad2c6f3a9482cfcfcc18afcfa5addcb56cb5	mermaid-aws@2026-09-19	mermaid-aws@2026-09-19	2992x2824	3531x3000	0.7976	0.5494	0.8741	0.08	0.8535	0.3117	0	different	unrelated scene; whole patch matched to a tiny low-texture box
C135	7118c132847cafe09a84b9701110a95e129450ca4105deed517700a4f8c943e6	d2101ae39ee7318069372c0c1b42743a1208708864eebce5c27ece1ad90352ab	v1:coralscop-masks-rs	v1:coralscop-masks-rs	1024x576	3860x2180	0.0701	0.5496	0.9183	0.1004	0.8819	0.3491	0	same_scene	same video/plot, other frame; NCC box is not the patch content
C136	8af07d104d57a61b16efd31d6af250ed8ad7040c2c716d3fc2e0c1bec5bf0de4	0ef8509a4e07ab4d9214fc67b564336028e497a1e29d85ff630ced20262f5c19	mermaid-aws@2026-09-19	mermaid-aws@2026-09-19	3040x3000	3632x3000	0.837	0.55	0.8895	0.08	0.8544	0.5493	0	different	unrelated scene; whole patch matched to a tiny low-texture box
C137	562d91fd5fab9b0549a2cf0bbb498960bc534f59009be183d2e62c22ddb230b6	5ab9d4865ea7f032db424d9b0ebf8b19124c7cd4de6d282c464d2f117a28d0a5	mermaid-aws@2026-09-19	mermaid-aws@2026-09-19	2872x2840	3088x3000	0.8804	0.5509	0.8676	0.08	0.8102	0.3117	0	different	unrelated scene; whole patch matched to a tiny low-texture box
C138	46d5afe8b30b93be39fefe5d98484a1ee6dbdaf9f73f8baac65a77d8b34ea35a	d11a656c939d4f8c3a4f9eb6da02e10c97c3f0d6194f01b2be1a0a0900f960a8	mermaid-aws@2026-09-19	mermaid-aws@2026-09-19	3000x3000	3660x3648	0.6741	0.5513	0.9417	0.1981	0.9302	0.5493	0	different	unrelated scene; whole patch matched to a tiny low-texture box
C139	46d5afe8b30b93be39fefe5d98484a1ee6dbdaf9f73f8baac65a77d8b34ea35a	b09fccd7e927c8a4fd09db79b226aacf97b9a704e511f01c80684a7236edc88a	mermaid-aws@2026-09-19	mermaid-aws@2026-09-19	3024x3000	3660x3648	0.6795	0.5543	0.8824	0.08	0.8662	0.3491	0	different	unrelated scene; whole patch matched to a tiny low-texture box
C140	99f3757146afcc326120760a1d42f99b719284a943380ffc6645eaba2bc165ef	faed9cb3a93b7008c1a45a7e767ab6e0563014d1f4c99a1e6c2277c75fa7fd88	v1:reef-support-benthic-own	v1:reef-support-benthic-own	3297x2397	3361x2517	0.9342	0.5577	0.8677	0.08	0.7115	0.3491	0	different	unrelated scene; whole patch matched to a tiny low-texture box
C141	4ee04effa088f0d666a200433b924e0c2e7f8fd154e4c888b7a6815830f33fef	0ef8509a4e07ab4d9214fc67b564336028e497a1e29d85ff630ced20262f5c19	mermaid-aws@2026-09-19	mermaid-aws@2026-09-19	3040x3000	3632x3000	0.837	0.558	0.9587	0.08	0.9383	0.3117	0	different	unrelated scene; whole patch matched to a tiny low-texture box
C142	e6fab478993c42893116ff773b345cefb59295112aaa3e9cd4ff931920451342	65b57bb74f7add9518eb3b371abdcc350cc529f4c8eca7991a9a5dcb1383907c	mermaid-aws@2026-09-19	mermaid-aws@2026-09-19	3168x2920	3312x3000	0.931	0.5593	0.9446	0.08	0.8342	0.3117	0	different	unrelated scene; whole patch matched to a tiny low-texture box
C143	9fc9ed1d03c432656af1a3d371aa1ca696288df54c71401c4cbdf5e47c8e11b3	a5923604a3c1c4550aee9cfd460a6f56b3ebab85f89af4ada11553b5905288c4	v1:coralscop-masks-rs	v1:coralscop-masks-rs	660x380	1024x576	0.4252	0.56	0.8775	0.08	0.7166	0.391	0	same_scene	same video/plot, other frame; NCC box is not the patch content
C144	543d4464291c22f1a68b696eeb3dad2c6f3a9482cfcfcc18afcfa5addcb56cb5	7f3c450bf5a370da10b7a778191c1b8bdca7ba22b0dca551ef4bd5039cba6d7d	mermaid-aws@2026-09-19	mermaid-aws@2026-09-19	3040x3000	3531x3000	0.8609	0.5624	0.9267	0.08	0.8821	0.3117	0	different	unrelated scene; whole patch matched to a tiny low-texture box
C145	0679fbdd3e21bd4cb3ac044cab6729bac1ef7f09d14c04bc75222407266b8294	9e489b36caa8ae97bf1ab3e90258405058d9e9cc9f3f9de221d84c2a4bf61196	v1:coralscop-masks-rs	v1:coralscop-masks-rs	1044x1044	2020x1020	0.529	0.5626	0.8667	0.08	0.8026	0.3117	0	different	unrelated scene; whole patch matched to a tiny low-texture box
C146	df0443c56a797e29c52107ea73e88e8cee63d482f6e2e3b336ed574582b540df	5d651f575777d7ddbb0de6e1104f587eb6a8d345a6c511b062ab85f3f6df93c8	mermaid-aws@2026-09-19	mermaid-aws@2026-09-19	2504x2560	2920x2920	0.7518	0.5634	0.9155	0.08	0.8493	0.391	0	different	unrelated scene; whole patch matched to a tiny low-texture box
C147	c5967704b1e6ad68a6eeb6399630d51380da899e52e054412d432781a697a0da	543d4464291c22f1a68b696eeb3dad2c6f3a9482cfcfcc18afcfa5addcb56cb5	mermaid-aws@2026-09-19	mermaid-aws@2026-09-19	3531x3000	3648x3636	0.7986	0.5637	0.8564	0.2218	0.5497	0.3117	0	different	unrelated scene; region differs from patch
C148	c0d8369e2c7cbef25f3ba55cf05cc6551a96ae6e71118e5d6900987ce7d7c4aa	e7906044272094a38cc2470795210b09c02808c003a286e92772908a2a35e939	v1:coralscop-masks-rs	v1:coralscop-masks-rs	1024x576	3860x2180	0.0701	0.5648	0.8858	0.08	0.6391	0.3117	0	same_scene	same video/plot, other frame; NCC box is not the patch content
C149	c3f344d592e009b00900b69c262ee7af5ee7ce98da2cd9f0984cdd0bbccd26fa	3ddd3a4a869ee759ba6a131a83299dd4e295adb14c7827beac23c5fb6242aafd	mermaid-aws@2026-09-19	mermaid-aws@2026-09-19	2984x2920	3064x3000	0.9479	0.5667	0.8532	0.08	0.8329	0.3491	0	different	unrelated scene; whole patch matched to a tiny low-texture box
C150	4a3698068ab9b8f2167936ad545dee6fb106e152fb0bba3a718edbeb371664bf	a0dc414f48cce8dfd1837228ee51c2a14c86acde26205d3c97a18fb72371006c	mermaid-aws@2026-09-19	mermaid-aws@2026-09-19	2944x3000	3288x3000	0.8954	0.5683	0.8764	0.2485	0.8637	0.3117	0	different	unrelated scene; region differs from patch
C151	0ab125c45e9e931dac5a1d3fc17fba5b82313b6330480aaec75cc72d4a29bd37	b66e34f77ac33c3ca53673651921e1fb7c6bfe32d154d77fc889f09c8cec0a6c	v1:reef-support-benthic-own	v1:reef-support-benthic-own	3169x2369	3225x2489	0.9353	0.5709	0.8501	0.0896	0.7909	0.3117	0	same_scene	same video/plot, other frame; NCC box is not the patch content
C152	df0443c56a797e29c52107ea73e88e8cee63d482f6e2e3b336ed574582b540df	65b57bb74f7add9518eb3b371abdcc350cc529f4c8eca7991a9a5dcb1383907c	mermaid-aws@2026-09-19	mermaid-aws@2026-09-19	2504x2560	3168x2920	0.693	0.5718	0.9138	0.08	0.8625	0.391	0	different	unrelated scene; whole patch matched to a tiny low-texture box
C153	07d4a3f9ce391f5a00ff72e5f6d3808a459acf0e76019f94a6923e1799ff05a8	0cad94b7afa5a939d589dbec946557f1a872db25b0ca06d4fa1856efdabdefc0	v1:reef-support-benthic-own	v1:reef-support-benthic-own	3153x2397	3353x2521	0.8941	0.5737	0.8515	0.0896	0.7951	0.3117	0	same_scene	same video/plot, other frame; NCC box is not the patch content
C154	4ee04effa088f0d666a200433b924e0c2e7f8fd154e4c888b7a6815830f33fef	805088e2ec1dcc8db4b4ff167d62015c2a7a431acea2c151704c89a58f2133c8	mermaid-aws@2026-09-19	mermaid-aws@2026-09-19	3040x3000	3328x3000	0.9135	0.5765	0.9473	0.08	0.9257	0.3117	0	different	unrelated scene; whole patch matched to a tiny low-texture box
C155	1b588d821352a92adaa3a310c33071ef6f3071aca2e597455313cec3a669adb4	df0443c56a797e29c52107ea73e88e8cee63d482f6e2e3b336ed574582b540df	mermaid-aws@2026-09-19	mermaid-aws@2026-09-19	2504x2560	3032x3000	0.7047	0.5768	0.9036	0.08	0.8613	0.3117	0	different	unrelated scene; whole patch matched to a tiny low-texture box
C156	2ae11f90e461cb7b955cc7a9efbaf705f789b9a7e71986f9f255a733abc51091	805088e2ec1dcc8db4b4ff167d62015c2a7a431acea2c151704c89a58f2133c8	mermaid-aws@2026-09-19	mermaid-aws@2026-09-19	3000x3000	3328x3000	0.9014	0.5771	0.8702	0.3491	0.8702	0.3491	0	different	unrelated scene; region differs from patch
C157	583e37b77df76d2b1b8760140c5bbd9e23e8cc4d805693942ea16f277eecacb7	d2101ae39ee7318069372c0c1b42743a1208708864eebce5c27ece1ad90352ab	v1:coralscop-masks-rs	v1:coralscop-masks-rs	1024x576	3860x2180	0.0701	0.5788	0.893	0.08	0.8309	0.3117	0	same_scene	same video/plot, other frame; NCC box is not the patch content
C158	b7a2fa578226ff30e87162a01aa4bbebe7657c0ee6b7576aafc81577beff5b7c	e7906044272094a38cc2470795210b09c02808c003a286e92772908a2a35e939	v1:coralscop-masks-rs	v1:coralscop-masks-rs	1024x576	3860x2180	0.0701	0.5815	0.8591	0.08	0.71	0.4904	0	same_scene	same video/plot, other frame; NCC box is not the patch content
C159	4a3698068ab9b8f2167936ad545dee6fb106e152fb0bba3a718edbeb371664bf	6765e0aef1a5f0af5eacef07b293f8ecfca4abf25013b0c0d8de5e5d52bd5fd1	mermaid-aws@2026-09-19	mermaid-aws@2026-09-19	3048x3000	3288x3000	0.927	0.583	0.9223	0.5493	0.9223	0.5493	0	different	unrelated scene; region differs from patch
C160	c52e53f93618a911f15d3e55d7d52212c29462dd3c96db750a12d6fa5684a0c1	93caafc355fa65e42de43bd80b8ae4d7a6b2eb297df3aed33ad5637501165fe9	mermaid-aws@2026-09-19	mermaid-aws@2026-09-19	2808x2800	2920x2952	0.9121	0.5844	0.9457	0.08	0.8603	0.3117	0	different	unrelated scene; whole patch matched to a tiny low-texture box
C161	fc932a87d141a69d7dbf0a8e6109d9c8954bfc555a708e82909e8a11fbe90601	df0443c56a797e29c52107ea73e88e8cee63d482f6e2e3b336ed574582b540df	mermaid-aws@2026-09-19	mermaid-aws@2026-09-19	2504x2560	2840x2864	0.7881	0.5858	0.9085	0.08	0.8224	0.5493	0	different	unrelated scene; whole patch matched to a tiny low-texture box
C162	543d4464291c22f1a68b696eeb3dad2c6f3a9482cfcfcc18afcfa5addcb56cb5	805088e2ec1dcc8db4b4ff167d62015c2a7a431acea2c151704c89a58f2133c8	mermaid-aws@2026-09-19	mermaid-aws@2026-09-19	3328x3000	3531x3000	0.9425	0.592	0.8914	0.689	0.8914	0.689	0	different	unrelated scene; region differs from patch
C163	1cc3343978c8a4f09c6a4dcc58d194e790a4166f6b867a16e24a03e8f28f6629	f7eb5a54d2c87dd0bf75ec7833f3be2ee01ea20649f9ed08b46204de1da0960d	v1:coralscop-masks-rs	v1:coralscop-masks-rs	1044x1044	2020x1020	0.529	0.5937	0.9092	0.0896	0.8391	0.3117	0	different	unrelated scene; whole patch matched to a tiny low-texture box
C164	c3f344d592e009b00900b69c262ee7af5ee7ce98da2cd9f0984cdd0bbccd26fa	e6fab478993c42893116ff773b345cefb59295112aaa3e9cd4ff931920451342	mermaid-aws@2026-09-19	mermaid-aws@2026-09-19	2984x2920	3312x3000	0.8769	0.5951	0.8722	0.08	0.7351	0.3117	0	different	unrelated scene; whole patch matched to a tiny low-texture box
C165	2ae11f90e461cb7b955cc7a9efbaf705f789b9a7e71986f9f255a733abc51091	543d4464291c22f1a68b696eeb3dad2c6f3a9482cfcfcc18afcfa5addcb56cb5	mermaid-aws@2026-09-19	mermaid-aws@2026-09-19	3000x3000	3531x3000	0.8496	0.5966	0.8604	0.1981	0.8406	0.3117	0	different	unrelated scene; whole patch matched to a tiny low-texture box
C166	332db5dddc05decf6484dd23d69811fdf923de1705cee0ca521591a435591eb1	99f3757146afcc326120760a1d42f99b719284a943380ffc6645eaba2bc165ef	v1:reef-support-benthic-own	v1:reef-support-benthic-own	3297x2397	4196x3113	0.605	0.6017	0.8861	0.08	0.4677	0.3117	0	different	unrelated scene; whole patch matched to a tiny low-texture box
C167	42888d29750d10cc9869b875580221f07eaf83405365e6ae04b5ca3cf206e1e4	d2101ae39ee7318069372c0c1b42743a1208708864eebce5c27ece1ad90352ab	v1:coralscop-masks-rs	v1:coralscop-masks-rs	1024x576	3860x2180	0.0701	0.6029	0.8535	0.08	0.6958	0.391	0	same_scene	same video/plot, other frame; NCC box is not the patch content
C168	89e5ef6be7b41f217687b44b5bcfe1ac35652dc4b8499b4dda043cdb5de5c417	8eebf094958953d08f41b66dd62ea4fed23487df6e305dd6a35e45f2c2d43d27	v1:coralscop-masks-rs	v1:coralscop-masks-rs	1024x576	3860x2180	0.0701	0.6092	0.8761	0.08	0.7893	0.689	0	same_scene	same video/plot, other frame; NCC box is not the patch content
C169	805088e2ec1dcc8db4b4ff167d62015c2a7a431acea2c151704c89a58f2133c8	6765e0aef1a5f0af5eacef07b293f8ecfca4abf25013b0c0d8de5e5d52bd5fd1	mermaid-aws@2026-09-19	mermaid-aws@2026-09-19	3048x3000	3328x3000	0.9159	0.6097	0.896	0.3491	0.896	0.3491	0	different	unrelated scene; region differs from patch
C170	4ee04effa088f0d666a200433b924e0c2e7f8fd154e4c888b7a6815830f33fef	543d4464291c22f1a68b696eeb3dad2c6f3a9482cfcfcc18afcfa5addcb56cb5	mermaid-aws@2026-09-19	mermaid-aws@2026-09-19	3040x3000	3531x3000	0.8609	0.6123	0.9373	0.08	0.903	0.3117	0	different	unrelated scene; whole patch matched to a tiny low-texture box
C171	514d75b6484a565e126f3d18f16730d63689b05511889ae56a79c85126873a21	b78384fa618f2ed0656f4d3681bba662459d107bd46cf759d02f82512c27e967	v1:roboflow-coral-bleaching-general-v1-yolov8s	v1:coralscop-masks-rs	640x640	740x740	0.748	0.6125	0.8551	0.08	0.6604	0.3491	0	same_scene	same video/plot, other frame; NCC box is not the patch content
C172	9b5ba5901c49109bd34da195445327c51bca9c5d39c27cec468ae034e4d8c779	b78384fa618f2ed0656f4d3681bba662459d107bd46cf759d02f82512c27e967	v1:roboflow-coral-bleaching-final-v6i	v1:coralscop-masks-rs	640x640	740x740	0.748	0.6126	0.8551	0.08	0.6604	0.3491	0	same_scene	same video/plot, other frame; NCC box is not the patch content
C173	c3f344d592e009b00900b69c262ee7af5ee7ce98da2cd9f0984cdd0bbccd26fa	543d4464291c22f1a68b696eeb3dad2c6f3a9482cfcfcc18afcfa5addcb56cb5	mermaid-aws@2026-09-19	mermaid-aws@2026-09-19	2984x2920	3531x3000	0.8226	0.617	0.8657	0.6152	0.8657	0.6152	0	different	unrelated scene; region differs from patch
C174	0a3fd7f6e8dc813b6e6e811cc657c8ae26b60f76afdfae208e9849bf88c31586	f64602496971a8486503be1287a4a096966785c45dde53212e20043f12fe13a2	v1:coralscop-masks-rs	v1:coralscop-masks-rs	948x720	1336x1020	0.5009	0.6204	0.9729	0.968	0.9729	0.968	0	derivative	letterbox re-crop, region = patch
C175	6db120e6acccdc8a59e7fdfcc23f5a1a0664dd491145f90a6bea23ba778dc63e	89bac6690a70dc5450f0c6bd43944bf65291ab72315a7f27ee03c6ba65deeaf8	v1:coralscop-masks-rs	v1:coralscop-masks-rs	1280x720	1797x1020	0.5028	0.6248	0.8535	0.08	0.7639	0.5493	0	same_scene	same video/plot, other frame; NCC box is not the patch content
C176	99f3757146afcc326120760a1d42f99b719284a943380ffc6645eaba2bc165ef	ca8c89c0ac1ad1a768e4971580b281869d94ddada315e79a4d557120662314db	v1:reef-support-benthic-own	v1:reef-support-benthic-own	3297x2397	3413x2549	0.9084	0.6251	0.8709	0.0896	0.7954	0.3117	0	different	unrelated scene; whole patch matched to a tiny low-texture box
C177	4fb9899f3e28ece9f7e71c55d2b2e5ab0960b2d4cd0e9ca1abd6d3b20211bbbe	625496a4e56257dd3ee4ff334c6065242f83f475e7f23973a88d058cd1bde26e	v1:coralscop-masks-rs	v1:coralscop-masks-rs	1044x788	1353x1020	0.5961	0.6258	0.8634	0.08	0.675	0.3117	0	same_scene	same video/plot, other frame; NCC box is not the patch content
C178	543d4464291c22f1a68b696eeb3dad2c6f3a9482cfcfcc18afcfa5addcb56cb5	6765e0aef1a5f0af5eacef07b293f8ecfca4abf25013b0c0d8de5e5d52bd5fd1	mermaid-aws@2026-09-19	mermaid-aws@2026-09-19	3048x3000	3531x3000	0.8632	0.6337	0.8955	0.0896	0.8823	0.3117	0	different	unrelated scene; whole patch matched to a tiny low-texture box
C179	2f001b769ad95fadfbedd4d10dae8bd0f5d2b572f7c3ee57cde6cee25a423c32	c8d6a9fa444b72e808d7554a0182758b524c99e2d4ec526f7e8c708021951fb6	v1:coralscop-masks-rs	v1:coralscop-masks-rs	1024x576	3860x2180	0.0701	0.6554	0.8526	0.0896	0.6531	0.6152	0	same_scene	same video/plot, other frame; NCC box is not the patch content
C180	63c687037fa0c01839cc6f7559ce8f6f44a197ef65f6bec4536a002375297851	f9ad8c4c300994abb43f2ca17bebbad232ffb77a5c0f5879be411b3ec0ea3e45	v1:coralscop-masks-rs	v1:coralscop-masks-rs	1024x576	3860x2180	0.0701	0.6656	0.8652	0.0896	0.7995	0.3117	0	same_scene	same video/plot, other frame; NCC box is not the patch content
C181	2ae486f82e7d6674a7835bfeb0f366ef89630bac8d93116c0cb20a88c65b14e4	383283f305fcfe6439a164bb0ec1091a1a8693d4e83135c1655f476adcc212df	v1:coralscop-masks-rs	v1:coralscop-masks-rs	660x380	1024x576	0.4252	0.6788	0.8848	0.08	0.6593	0.8643	0	same_scene	same video/plot, other frame; NCC box is not the patch content
C182	81a1e7d1f44c1f86b2dad6cb95e2b92830b09c2a9b52f4d48c664509e003df97	fb1e2919af39c1e43db08d07f4760a8b9a61dec3bbad777e01c723b3c371297a	v1:coralscop-masks-rs	v1:coralscop-masks-rs	948x720	1336x1020	0.5009	0.6904	0.9285	0.968	0.9285	0.968	0	derivative	letterbox re-crop, region = patch
C183	6cd2004738dae944c7d9ed89984c96b7ec316ae517cb3c6c16c1e03f31ac0938	c238366dcb8576d6138bca00f85adc5f609a03a33394f4083c410957725d16a8	v1:coralscop-masks-rs	v1:coralscop-masks-rs	660x380	1024x576	0.4252	0.7052	0.8661	0.08	0.6846	0.4904	0	same_scene	same video/plot, other frame; NCC box is not the patch content
C184	4488e120c51d8e53e1e93d4722e9cabbc3088c6b8599b09532d9f69f43b9fac1	ed1e1a1baafc41c3b65dc57eef2a1aefebe5a40bd686519ddc7f00d4d951dfc9	v1:coralscop-masks-rs	v1:coralscop-masks-rs	660x380	1024x576	0.4252	0.7476	0.8727	0.08	0.6014	0.3491	0	same_scene	same video/plot, other frame; NCC box is not the patch content
