idx	kind	image_sha256	source_id	score_band	face_score_max	person_score_max	n_face_boxes	n_person_boxes	heuristic_face_identifiable	heuristic_occluded	face_true	person_true	identifiable	occluded_by_mask_or_regulator	note
0	face	8ffc2fdb5211596dc5349e9d0ae7ce0c42dea229639167e38fa2bcd528ad2c3c	coralscop-masks-rs	high(0.85-1.0)	0.8826	0.0	1	0	1	0	1	0	0	1	distant diver, mask/regulator, too small to identify
1	face	d47bcff3348010b94ccb8adc339f6354ad8d5b813cff3efb370f8a721e917733	noaa-pifsc-bleaching	high(0.85-1.0)	0.8562	0.0	1	0	1	0	0	0	0	0	coral/rock texture, polyp cluster, or scan-line artifact pattern-matched as a face (false positive)
2	face	a2fe1c194b164bf41fbd8df4014862bc7b2591032a20cd2870b0ff2426a4fc62	reef-support-benthic-own	high(0.85-1.0)	0.861	0.0	2	0	1	0	0	0	0	0	coral/rock texture, polyp cluster, or scan-line artifact pattern-matched as a face (false positive)
3	face	76b4014a2e67e69e47d10908f8b7b583b28a2d1e217d162b3bcd6c8cdad6c1ee	roboflow-coral-bleaching-final-v6i	high(0.85-1.0)	0.8627	0.0	1	0	1	0	0	0	0	0	coral/rock texture, polyp cluster, or scan-line artifact pattern-matched as a face (false positive)
4	face	ed5ad2f1966dc7c1a50f96ada9239f32a4ca590d473982a10c78a6c32bee4c73	roboflow-coral-bleaching-general-v1-yolov8s	high(0.85-1.0)	0.8642	0.0	1	0	1	0	0	0	0	0	coral/rock texture, polyp cluster, or scan-line artifact pattern-matched as a face (false positive)
5	face	95a6e7a6ee2f80e24dad2c6b85c662f4f14af51839279257c3dd10f8f4e8b001	roboflow-coral-reef-bleach-detection-v2i	high(0.85-1.0)	0.9153	0.6708	1	1	1	0	1	0	1	0	TV news chyron inset photo, clear face
6	face	62693334f027e31b66b1c99414c4ad5696c46074ae38e1e06a454e01e8a315cf	coralscop-masks-rs	low(0.6-0.7)	0.6208	0.0	1	0	0	0	0	0	0	0	coral/rock texture, polyp cluster, or scan-line artifact pattern-matched as a face (false positive)
7	face	5622c431b1f5f604a55bef56c22437d32b281046c585b81cc16361ca7c551035	noaa-pifsc-bleaching	low(0.6-0.7)	0.6104	0.0	1	0	0	0	0	0	0	0	coral/rock texture, polyp cluster, or scan-line artifact pattern-matched as a face (false positive)
8	face	8c58414b9338ba22d668d043f697d9a7323a43ee66b993713a406f4e1a9d2466	reef-support-benthic-own	low(0.6-0.7)	0.6615	0.0	1	0	0	0	0	0	0	0	coral/rock texture, polyp cluster, or scan-line artifact pattern-matched as a face (false positive)
9	face	57170e156d3bc4331048f8807a76e65fffdcdc5d7efdd44a16bf6f439cb014d9	roboflow-coral-bleaching-final-v6i	low(0.6-0.7)	0.6858	0.0	1	0	0	0	0	0	0	0	coral/rock texture, polyp cluster, or scan-line artifact pattern-matched as a face (false positive)
10	face	06aa92041db5b8b29c518e9098b9d9a203c53f814cdc0554cc77da13b5d4f646	roboflow-coral-bleaching-general-v1-yolov8s	low(0.6-0.7)	0.6057	0.0	1	0	0	0	0	0	0	0	coral/rock texture, polyp cluster, or scan-line artifact pattern-matched as a face (false positive)
11	face	f0eb2bddf600527614d8d62bcf5cf6d7c25634d6aad51484724dd96fbc0f0e78	roboflow-coral-classification-copy-changed-v13i	low(0.6-0.7)	0.6669	0.0	1	0	0	0	0	0	0	0	coral/rock texture, polyp cluster, or scan-line artifact pattern-matched as a face (false positive)
12	face	b2f17f6a232b5caaca2c0fabb4af8d81ce3db0d8202b266f96caa967ea876cc8	roboflow-coral-reef-bleach-detection-v2i	low(0.6-0.7)	0.6082	0.6133	1	1	0	0	1	1	0	1	diver mask+regulator obscures face
13	face	5bac4b7971fee63a36eeb24ff2e610159b19b2a8f36eb52645bef6d299e7780c	roboflow-coral-reef-classification-v3i	low(0.6-0.7)	0.6255	0.0	1	0	0	0	0	0	0	0	coral/rock texture, polyp cluster, or scan-line artifact pattern-matched as a face (false positive)
14	face	12b3b9f3cc6115c769c45447799d13504c675cb12f649582bdf0ffe7ee48b0e0	coralscop-masks-rs	mid(0.7-0.85)	0.7369	0.0	3	0	0	0	0	0	0	0	coral/rock texture, polyp cluster, or scan-line artifact pattern-matched as a face (false positive)
15	face	d73c55bdf813f0de1ae39a69a2516c13a5548cb1e928bf8871776067f0126f1f	noaa-pifsc-bleaching	mid(0.7-0.85)	0.8209	0.0	1	0	0	1	0	0	0	0	coral/rock texture, polyp cluster, or scan-line artifact pattern-matched as a face (false positive)
16	face	50e9bc5c6fc9b8ca1b125af3f5b784727d7fb5abe8e4b911663275507be8dd39	reef-support-benthic-own	mid(0.7-0.85)	0.8027	0.0	1	0	0	0	0	0	0	0	coral/rock texture, polyp cluster, or scan-line artifact pattern-matched as a face (false positive)
17	face	aef0fd35836e12116a8e96c9bea3abc85bd1aec02589ce2dfe58a45bafc709dd	roboflow-coral-bleaching-final-v6i	mid(0.7-0.85)	0.7147	0.0	1	0	0	0	0	0	0	0	coral/rock texture, polyp cluster, or scan-line artifact pattern-matched as a face (false positive)
18	face	601ffde2b61bd5f6cc0bcb8318a2126ff2019d9e3db056ba01b8bdac8571c49f	roboflow-coral-bleaching-general-v1-yolov8s	mid(0.7-0.85)	0.7125	0.0	1	0	0	0	0	0	0	0	coral/rock texture, polyp cluster, or scan-line artifact pattern-matched as a face (false positive)
19	face	5dcd1bf4055a27ba0ed61f0a913c4b8ab195decc353afe693a1422d430a556f6	roboflow-coral-classification-copy-changed-v13i	mid(0.7-0.85)	0.8125	0.0	1	0	1	0	0	0	0	0	coral/rock texture, polyp cluster, or scan-line artifact pattern-matched as a face (false positive)
20	face	e1a71d9478b2c41af09c01c6ba1054ec14b60244a2b27e179fc2aa96a8a5a4cc	roboflow-coral-reef-bleach-detection-v2i	mid(0.7-0.85)	0.84	0.9886	1	1	1	0	1	1	1	0	TV interview, clear frontal face
21	face	43620ac5438a5dfdbcef5514ebf32ab5795dee90abb3dbece0ff567144201dfe	roboflow-coral-reef-classification-v3i	mid(0.7-0.85)	0.7341	0.0	1	0	0	0	0	0	0	0	coral/rock texture, polyp cluster, or scan-line artifact pattern-matched as a face (false positive)
22	face	86af80d29c7b216cce0c3ba658369ded180da2e79378837bf5591ef5e028c465	coralscop-masks-rs	high(0.85-1.0)	0.8561	0.5276	1	1	1	0	1	1	0	1	diver mask+regulator obscures face
23	face	a5cc4453564518af8471286fd2e60a15f7f0ff3dffa8718dbab445ddce81886a	roboflow-coral-reef-bleach-detection-v2i	high(0.85-1.0)	0.8959	0.9521	2	2	1	0	1	1	1	0	TV interview, two people, both faces clear
24	face	c9d956b7524613e0621e1163826c24c643df0395d1d5dc99023cd46c408c3187	coralscop-masks-rs	low(0.6-0.7)	0.6274	0.0	1	0	0	0	0	0	0	0	coral/rock texture, polyp cluster, or scan-line artifact pattern-matched as a face (false positive)
25	face	4568794eb17ff1239940f892f9bfca7e7137f164193e01ee7788eb60df36a9a8	noaa-pifsc-bleaching	low(0.6-0.7)	0.6183	0.0	1	0	0	0	0	0	0	0	coral/rock texture, polyp cluster, or scan-line artifact pattern-matched as a face (false positive)
26	face	3c76b07bbc8d1a27f5a378f720c9084ea384a0e0ade591cce93306e1843d7aa3	reef-support-benthic-own	low(0.6-0.7)	0.6038	0.0	1	0	0	0	0	0	0	0	coral/rock texture, polyp cluster, or scan-line artifact pattern-matched as a face (false positive)
27	face	567a0d37e8c95ce69847ab2206662b907fdfd8288ca104c3275a8dab6f2140f4	roboflow-coral-bleaching-final-v6i	low(0.6-0.7)	0.6101	0.0	1	0	0	0	0	0	0	0	coral/rock texture, polyp cluster, or scan-line artifact pattern-matched as a face (false positive)
28	face	af5f472bd2480b323a26dcae57530d6765c75f0d07cd27ec8b197eacc174a14a	roboflow-coral-bleaching-general-v1-yolov8s	low(0.6-0.7)	0.6237	0.0	1	0	0	0	0	0	0	0	coral/rock texture, polyp cluster, or scan-line artifact pattern-matched as a face (false positive)
29	face	1dc4f263738f9bf49ac2d16d8abffb7e148a6aa4040bdf430ffa80587bb1c99b	roboflow-coral-classification-copy-changed-v13i	low(0.6-0.7)	0.6413	0.0	1	0	0	0	0	0	0	0	coral/rock texture, polyp cluster, or scan-line artifact pattern-matched as a face (false positive)
30	face	d1a158a5bad85d0e99d84a098e170c3e2e21dd2c89ffef9b8e23c3984f40801c	roboflow-coral-reef-bleach-detection-v2i	low(0.6-0.7)	0.6153	0.0	1	0	0	0	0	0	0	0	coral/rock texture, polyp cluster, or scan-line artifact pattern-matched as a face (false positive)
31	face	32f3cc2933dfbd68104f6dac7f6da752f74daaba410987a1e66b6bf2e0119a78	roboflow-coral-reef-classification-v3i	low(0.6-0.7)	0.6487	0.0	1	0	0	0	0	0	0	0	coral/rock texture, polyp cluster, or scan-line artifact pattern-matched as a face (false positive)
32	face	32fbb8fa495b6ec527e091db90cbc4b9813df33169d0ff9fda7520bd592db211	coralscop-masks-rs	mid(0.7-0.85)	0.778	0.0	1	0	0	0	0	0	0	0	coral/rock texture, polyp cluster, or scan-line artifact pattern-matched as a face (false positive)
33	face	d180d7de5ec0e0023eb609c00fd8adb6ed7fcfedf7998950a210faed3f9fb088	noaa-pifsc-bleaching	mid(0.7-0.85)	0.7067	0.0	1	0	0	0	0	0	0	0	coral/rock texture, polyp cluster, or scan-line artifact pattern-matched as a face (false positive)
34	face	d240f13319d0e5ac8957c307b58a37f8808ec9c66cd22b71afa4005a1fd76d61	reef-support-benthic-own	mid(0.7-0.85)	0.7118	0.0	1	0	0	0	0	0	0	0	coral/rock texture, polyp cluster, or scan-line artifact pattern-matched as a face (false positive)
35	face	b08a25ae9d272401127dbbcff768ea8ef8861d969f2c57680c3c19623eac650c	roboflow-coral-bleaching-final-v6i	mid(0.7-0.85)	0.7028	0.0	2	0	0	0	0	0	0	0	coral/rock texture, polyp cluster, or scan-line artifact pattern-matched as a face (false positive)
36	face	ec18f9360abe28e91e4c7ea11abc8fd64e453aaa1c630eb7c3c581c56e4237d9	roboflow-coral-bleaching-general-v1-yolov8s	mid(0.7-0.85)	0.7028	0.0	2	0	0	0	0	0	0	0	coral/rock texture, polyp cluster, or scan-line artifact pattern-matched as a face (false positive)
37	face	a658f1b18c018f37b88cb28e8519ffe11421b3ec33cd5a11b2bf5ead2cecc8da	roboflow-coral-classification-copy-changed-v13i	mid(0.7-0.85)	0.7016	0.0	1	0	0	0	0	0	0	0	coral/rock texture, polyp cluster, or scan-line artifact pattern-matched as a face (false positive)
38	face	80ac88429ca651471e27b590bbcbd78ce3ef19aa23d6e55558ea155df40f566c	roboflow-coral-reef-bleach-detection-v2i	mid(0.7-0.85)	0.8367	0.9931	2	2	1	0	1	1	1	0	TV interview, two people, both faces clear
39	face	95296c96341e9328cbc29f222a4bd15fe34d82885e23d9e53bda09a9054a32ed	roboflow-coral-reef-classification-v3i	mid(0.7-0.85)	0.7842	0.0	1	0	0	0	0	0	0	0	coral/rock texture, polyp cluster, or scan-line artifact pattern-matched as a face (false positive)
40	face	2579f4f6464699caaa0619e7e13972b1c4a6d361a87089f8ec2dbf0deb2c7795	coralscop-masks-rs	high(0.85-1.0)	0.854	0.9209	1	1	1	0	1	1	1	1	diver full-face clear-visor mask, face resolvable through it
41	face	1f6f573f53ce253913ffc29a0edfb427ab302f32827744c3bfbfc2b06252609e	roboflow-coral-reef-bleach-detection-v2i	high(0.85-1.0)	0.873	0.9885	1	1	1	0	1	1	1	0	interview, single person, clear face
42	face	5b6449fd0778d01d4acad25a86b03cf2cbbc63287fb33833f4d2e201d71edfcd	coralscop-masks-rs	low(0.6-0.7)	0.6173	0.0	1	0	0	0	0	0	0	0	coral/rock texture, polyp cluster, or scan-line artifact pattern-matched as a face (false positive)
43	face	d17b2d2f4a17ef2643b4e3d9f95baa41012bddbe8165f0e14b09430f82cfe0e8	noaa-pifsc-bleaching	low(0.6-0.7)	0.6437	0.0	1	0	0	0	0	0	0	0	coral/rock texture, polyp cluster, or scan-line artifact pattern-matched as a face (false positive)
44	face	47ecda308ec629cd42e665363933923874bd912de461fd1f3889c3779e38318d	reef-support-benthic-own	low(0.6-0.7)	0.6283	0.0	1	0	0	0	0	0	0	0	coral/rock texture, polyp cluster, or scan-line artifact pattern-matched as a face (false positive)
45	face	602a73361e455b9306e147feb78cd7ab57e6b1017a65e89809fa7a3db0707bcf	roboflow-coral-bleaching-final-v6i	low(0.6-0.7)	0.6857	0.0	1	0	0	0	0	0	0	0	coral/rock texture, polyp cluster, or scan-line artifact pattern-matched as a face (false positive)
46	face	bbeb053cf9e39ceb95814a65ae4fdacb6c79faea766cfba168748e2aeebcf83d	roboflow-coral-bleaching-general-v1-yolov8s	low(0.6-0.7)	0.6805	0.0	1	0	0	0	0	0	0	0	coral/rock texture, polyp cluster, or scan-line artifact pattern-matched as a face (false positive)
47	face	eb9caa3ac037ee59c6b94f6ce9983ff450ca5ea16566bd1243e83c3016d3ff9c	roboflow-coral-classification-copy-changed-v13i	low(0.6-0.7)	0.6797	0.0	1	0	0	0	0	0	0	0	coral/rock texture, polyp cluster, or scan-line artifact pattern-matched as a face (false positive)
48	face	bcf0c68cc70c09db27df05d20fbceaf49ba757a5cd702d974f740356021145b1	roboflow-coral-reef-bleach-detection-v2i	low(0.6-0.7)	0.6063	0.0	1	0	0	0	0	0	0	0	coral/rock texture, polyp cluster, or scan-line artifact pattern-matched as a face (false positive)
49	face	69008d756d2ccc5b20ada21907ba39c4b34d655a742cfc6ba3b270960a328c7f	roboflow-coral-reef-classification-v3i	low(0.6-0.7)	0.625	0.0	1	0	0	0	0	0	0	0	coral/rock texture, polyp cluster, or scan-line artifact pattern-matched as a face (false positive)
50	face	a53efcf1544ca8d2612ae34681dbcdd3fedabe5f2d67caa6675f40794b37a9e7	coralscop-masks-rs	mid(0.7-0.85)	0.765	0.0	1	0	0	0	0	0	0	0	coral/rock texture, polyp cluster, or scan-line artifact pattern-matched as a face (false positive)
51	face	d80783a487d1592c42779910a47f4e920c19415401a9a6fd9c20ffda6f1ae469	noaa-pifsc-bleaching	mid(0.7-0.85)	0.8241	0.0	1	0	1	0	0	0	0	0	coral/rock texture, polyp cluster, or scan-line artifact pattern-matched as a face (false positive)
52	face	a24b37c61a21d70d70ef71340196d843c0afacc09abe8b8cef629ba28396bdf8	reef-support-benthic-own	mid(0.7-0.85)	0.787	0.0	1	0	0	0	0	0	0	0	coral/rock texture, polyp cluster, or scan-line artifact pattern-matched as a face (false positive)
53	face	3ead3b108536e791d8553fed49b4c213b59f46964724dbf3f0a6312e5475af42	roboflow-coral-bleaching-final-v6i	mid(0.7-0.85)	0.7466	0.0	1	0	0	0	0	0	0	0	coral/rock texture, polyp cluster, or scan-line artifact pattern-matched as a face (false positive)
54	face	3c9818b331df68c3f5e05891e75b0be8a1c02fcc5f5bb1dc7394264ad8f5355d	roboflow-coral-bleaching-general-v1-yolov8s	mid(0.7-0.85)	0.7976	0.0	1	0	0	0	0	0	0	0	coral/rock texture, polyp cluster, or scan-line artifact pattern-matched as a face (false positive)
55	face	b7a01de083f527d6952455dd7ed5b96980093ca0f819703987c7575f3d4d0836	roboflow-coral-classification-copy-changed-v13i	mid(0.7-0.85)	0.817	0.0	1	0	1	0	0	0	0	0	coral/rock texture, polyp cluster, or scan-line artifact pattern-matched as a face (false positive)
56	face	230adfbf3f57480473770f89747d64a83541c1c208902522acbe12ca5beb5746	roboflow-coral-reef-bleach-detection-v2i	mid(0.7-0.85)	0.7314	0.0	1	0	0	0	0	0	0	0	coral/rock texture, polyp cluster, or scan-line artifact pattern-matched as a face (false positive)
57	face	0d51c9927e68af88e21c497f53a27eb9ae9d2538a237bffd09bb041abf512cf5	roboflow-coral-reef-classification-v3i	mid(0.7-0.85)	0.8045	0.0	10	0	1	0	0	0	0	0	coral/rock texture, polyp cluster, or scan-line artifact pattern-matched as a face (false positive)
58	face	a33b9099887bfda8817d1404f80c9110fa729516bd9d61e1bb33eea14c6baad1	coralscop-masks-rs	high(0.85-1.0)	0.8536	0.0	1	0	1	0	0	0	0	0	coral/rock texture, polyp cluster, or scan-line artifact pattern-matched as a face (false positive)
59	face	a52daebaba0b77b521d33f0004d0f7abfd215d9b5248847ad3977860e3ac2322	roboflow-coral-reef-bleach-detection-v2i	high(0.85-1.0)	0.8617	0.0	1	0	1	0	1	0	1	0	TV news chyron inset photo, clear face
60	face	1283570678fe2e522f12b669941a92506720703210806a603a4e682481623d4b	coralscop-masks-rs	low(0.6-0.7)	0.631	0.0	1	0	0	0	0	0	0	0	coral/rock texture, polyp cluster, or scan-line artifact pattern-matched as a face (false positive)
61	face	312351dcacb9abb970558ddec3de67c3a9646bffc966ad191683b8983f3dbf9d	noaa-pifsc-bleaching	low(0.6-0.7)	0.655	0.0	1	0	0	0	0	0	0	0	coral/rock texture, polyp cluster, or scan-line artifact pattern-matched as a face (false positive)
62	face	3e6cd19379d5e83880192333293e46c2a91b66596108147e6d3f94be167a506b	reef-support-benthic-own	low(0.6-0.7)	0.6522	0.0	1	0	0	0	0	0	0	0	coral/rock texture, polyp cluster, or scan-line artifact pattern-matched as a face (false positive)
63	face	8551e03caf5a59a6acba49ca781203bf922ffe96389ecd4806afdd8140285358	roboflow-coral-bleaching-final-v6i	low(0.6-0.7)	0.6926	0.0	1	0	0	0	0	0	0	0	coral/rock texture, polyp cluster, or scan-line artifact pattern-matched as a face (false positive)
64	face	32b12c9e862cdd1d73f471d3d7596dab402bd1c0939ca47a037f2b025e39ef32	roboflow-coral-bleaching-general-v1-yolov8s	low(0.6-0.7)	0.6276	0.0	1	0	0	0	0	0	0	0	coral/rock texture, polyp cluster, or scan-line artifact pattern-matched as a face (false positive)
65	face	bfc3aec735ef650e42d94de96ac8b4cb2d82be997651c023e989375054c62125	roboflow-coral-classification-copy-changed-v13i	low(0.6-0.7)	0.6646	0.0	1	0	0	0	0	0	0	0	coral/rock texture, polyp cluster, or scan-line artifact pattern-matched as a face (false positive)
66	face	3aa649af026acc3c9a614d9a4893527d966ccee0ed5ee89f68c95e215d24ae77	roboflow-coral-reef-bleach-detection-v2i	low(0.6-0.7)	0.6138	0.0	1	0	0	0	0	0	0	0	coral/rock texture, polyp cluster, or scan-line artifact pattern-matched as a face (false positive)
67	face	5541a7fa2762cdae806400aba59c41672bc75a5b5ba18f20122f897f55f596ce	roboflow-coral-reef-classification-v3i	low(0.6-0.7)	0.6297	0.0	1	0	0	0	0	0	0	0	coral/rock texture, polyp cluster, or scan-line artifact pattern-matched as a face (false positive)
68	face	f165c69d10f1e963d953d5f3b25ff99e5f8dff84d90b56c7002a15704a2a200a	coralscop-masks-rs	mid(0.7-0.85)	0.7557	0.0	2	0	0	0	0	0	0	0	coral/rock texture, polyp cluster, or scan-line artifact pattern-matched as a face (false positive)
69	face	102cac8b274269027a5382fb2d7c2419ba727bc2919465993dfe587df9927175	noaa-pifsc-bleaching	mid(0.7-0.85)	0.7228	0.0	1	0	0	0	0	0	0	0	coral/rock texture, polyp cluster, or scan-line artifact pattern-matched as a face (false positive)
70	face	872899326627a51139671a584ada663c7aa63b8408d40064e398d36d875cd008	reef-support-benthic-own	mid(0.7-0.85)	0.7415	0.0	1	0	0	0	0	0	0	0	coral/rock texture, polyp cluster, or scan-line artifact pattern-matched as a face (false positive)
71	face	deafc853c680429bf6279827ff9c4d2421dc5d797a01073482c1b1d0c24a8858	roboflow-coral-bleaching-final-v6i	mid(0.7-0.85)	0.797	0.0	1	0	0	0	0	0	0	0	coral/rock texture, polyp cluster, or scan-line artifact pattern-matched as a face (false positive)
72	face	3338029cd28751225bbc469f85d9961cd56491aeb830de8f1f4cb59422c54a6b	roboflow-coral-bleaching-general-v1-yolov8s	mid(0.7-0.85)	0.7012	0.0	1	0	0	0	0	0	0	0	coral/rock texture, polyp cluster, or scan-line artifact pattern-matched as a face (false positive)
73	face	79743658b21ca9375c37b439e0b960c68a0213bf392cfba116b91030c6c805b2	roboflow-coral-classification-copy-changed-v13i	mid(0.7-0.85)	0.7344	0.0	1	0	0	0	0	0	0	0	coral/rock texture, polyp cluster, or scan-line artifact pattern-matched as a face (false positive)
74	face	d1ae64c71666f5a0d8f7da134baaae82fb10a73ab8332ea1688a2fc95738a16d	roboflow-coral-reef-bleach-detection-v2i	mid(0.7-0.85)	0.7244	0.0	1	0	0	0	0	0	0	0	coral/rock texture, polyp cluster, or scan-line artifact pattern-matched as a face (false positive)
75	face	1399d266bf6d2c38bd087f8f2939e7662024b79ab5655467b20ec6db3891aaad	roboflow-coral-reef-classification-v3i	mid(0.7-0.85)	0.8089	0.0	1	0	1	0	0	0	0	0	coral/rock texture, polyp cluster, or scan-line artifact pattern-matched as a face (false positive)
76	face	eaf26232f0591f046649e9f0dce41b3adea72b0031689c8b458a15a3d117b17d	coralscop-masks-rs	high(0.85-1.0)	0.8584	0.0	1	0	1	0	1	1	1	1	night diver, mask visible, face resolvable
77	face	282c26ec45713488e114d1bb2da0ef65e417fdf2485eab153e48b443d1eb355f	roboflow-coral-reef-bleach-detection-v2i	high(0.85-1.0)	0.9142	0.8068	1	1	1	0	1	0	1	0	TV interview split-screen, clear face
78	face	3e0a229045ea0abdfd93d92e1e762fbc59979fc07a2e4d497572d4f5ae984197	coralscop-masks-rs	low(0.6-0.7)	0.6889	0.0	1	0	0	0	0	0	0	0	coral/rock texture, polyp cluster, or scan-line artifact pattern-matched as a face (false positive)
79	face	d1f07110fcdcc0291ea8b9ab97175eb2f58d4c745aa1b15da2cd23c9200272d3	noaa-pifsc-bleaching	low(0.6-0.7)	0.6818	0.0	1	0	0	0	0	0	0	0	coral/rock texture, polyp cluster, or scan-line artifact pattern-matched as a face (false positive)
80	face	b707c0415953e12f0e8d8864afbf2466865f5a2baba99710b0ca5531ce08d487	reef-support-benthic-own	low(0.6-0.7)	0.6058	0.0	1	0	0	0	0	0	0	0	coral/rock texture, polyp cluster, or scan-line artifact pattern-matched as a face (false positive)
81	face	e83616faeb0997339aa7f41a7d89936ac4c984ca9fd901cfbbb1a516c640dc35	roboflow-coral-bleaching-final-v6i	low(0.6-0.7)	0.6476	0.0	1	0	0	0	0	0	0	0	coral/rock texture, polyp cluster, or scan-line artifact pattern-matched as a face (false positive)
82	face	9c989f2acaf478862ca821a4f2fd561a1999933764c8b1af3c98834eda212e40	roboflow-coral-bleaching-general-v1-yolov8s	low(0.6-0.7)	0.6423	0.0	1	0	0	0	0	0	0	0	coral/rock texture, polyp cluster, or scan-line artifact pattern-matched as a face (false positive)
83	face	43996ca504b2386def2f843274991306c465d8907a7c37711b0b6aca586048e7	roboflow-coral-classification-copy-changed-v13i	low(0.6-0.7)	0.6817	0.0	1	0	0	0	0	0	0	0	coral/rock texture, polyp cluster, or scan-line artifact pattern-matched as a face (false positive)
84	face	0116c36026c17b19f37f9c35d9c00be6f786ad49bb2f7618982ea8dd1f0d0aa3	roboflow-coral-reef-bleach-detection-v2i	low(0.6-0.7)	0.6159	0.0	1	0	0	0	0	0	0	0	coral/rock texture, polyp cluster, or scan-line artifact pattern-matched as a face (false positive)
85	face	a07281313d9065f46cf4ed2214854c327b1db10218b0a4ca595d64ef21911b21	roboflow-coral-reef-classification-v3i	low(0.6-0.7)	0.6973	0.0	3	0	0	0	0	0	0	0	coral/rock texture, polyp cluster, or scan-line artifact pattern-matched as a face (false positive)
86	face	2d8085b2ba4eb26ea6603291d43ab41fcbeaaf2977b27aec55707af42e38d052	coralscop-masks-rs	mid(0.7-0.85)	0.7657	0.0	1	0	0	0	0	0	0	0	coral/rock texture, polyp cluster, or scan-line artifact pattern-matched as a face (false positive)
87	face	83c83340ae2f4656680a1eb42819b6e53140298546a2c0e5df1f30dae5721ee3	noaa-pifsc-bleaching	mid(0.7-0.85)	0.7088	0.0	1	0	0	0	0	0	0	0	coral/rock texture, polyp cluster, or scan-line artifact pattern-matched as a face (false positive)
88	face	26c03169d100e3520d716dfbb90e7e89a04a561048655d2c52981d268f2c4071	reef-support-benthic-own	mid(0.7-0.85)	0.8112	0.0	3	0	1	0	0	0	0	0	coral/rock texture, polyp cluster, or scan-line artifact pattern-matched as a face (false positive)
89	face	25a3f32e3ae5673671cca37420055a9c7652961dd66c621552a8978fdcacc027	roboflow-coral-bleaching-final-v6i	mid(0.7-0.85)	0.8122	0.0	1	0	1	0	0	0	0	0	coral/rock texture, polyp cluster, or scan-line artifact pattern-matched as a face (false positive)
90	face	b5228ca5d80b5dcaede307a1453cfe2e585942c9dfda40e4012a6eaaaa25c530	roboflow-coral-bleaching-general-v1-yolov8s	mid(0.7-0.85)	0.738	0.0	1	0	0	0	0	0	0	0	coral/rock texture, polyp cluster, or scan-line artifact pattern-matched as a face (false positive)
91	face	df1ee1a679393b3ccb2295982a8d9005aa1d831ad0ebbe8c25fcba7fb16992c0	roboflow-coral-classification-copy-changed-v13i	mid(0.7-0.85)	0.7714	0.0	1	0	0	0	0	0	0	0	coral/rock texture, polyp cluster, or scan-line artifact pattern-matched as a face (false positive)
92	face	2785c7645863478fe189b9ce92791c3d8ad87fcd89f5b679aef988079bd50048	roboflow-coral-reef-bleach-detection-v2i	mid(0.7-0.85)	0.7931	0.0	4	0	0	0	0	0	0	0	coral/rock texture, polyp cluster, or scan-line artifact pattern-matched as a face (false positive)
93	face	1042acf055976947025f9d92f790fd9909b1dd617c06decbe34c28d5ae718ef4	roboflow-coral-reef-classification-v3i	mid(0.7-0.85)	0.7521	0.0	1	0	0	0	0	0	0	0	coral/rock texture, polyp cluster, or scan-line artifact pattern-matched as a face (false positive)
94	face	4fb9899f3e28ece9f7e71c55d2b2e5ab0960b2d4cd0e9ca1abd6d3b20211bbbe	coralscop-masks-rs	high(0.85-1.0)	0.8714	0.0	3	0	1	0	0	0	0	0	coral/rock texture, polyp cluster, or scan-line artifact pattern-matched as a face (false positive)
95	face	129ebc3d4b3022c6239fe2c8ec1f376e732280e721cb0a5f0c6d8a5ba23a902f	roboflow-coral-reef-bleach-detection-v2i	high(0.85-1.0)	0.9107	0.7794	1	1	1	0	1	1	1	0	TV interview, clear face
96	face	1242e64921d840e1e6a9b47c24fd2d6ddaeb5de2c8b23383abd7f84dac021593	coralscop-masks-rs	low(0.6-0.7)	0.6602	0.0	1	0	0	0	0	0	0	0	coral/rock texture, polyp cluster, or scan-line artifact pattern-matched as a face (false positive)
97	face	a86d61a610bb98ba10178b1c0af40f9ab71152ddc6911eb739f77db9490c77b7	noaa-pifsc-bleaching	low(0.6-0.7)	0.6098	0.0	1	0	0	0	0	0	0	0	coral/rock texture, polyp cluster, or scan-line artifact pattern-matched as a face (false positive)
98	face	b61129a1d02cd11b4ed59b5996f53c6ffff2553323b10bacb2ee851466ecdaec	reef-support-benthic-own	low(0.6-0.7)	0.6562	0.0	1	0	0	0	0	0	0	0	coral/rock texture, polyp cluster, or scan-line artifact pattern-matched as a face (false positive)
99	face	5bd379b33698ec58acd423a843fd98038ec6a470b2c2092d90be7980d3298de8	roboflow-coral-bleaching-final-v6i	low(0.6-0.7)	0.6868	0.0	1	0	0	0	0	0	0	0	coral/rock texture, polyp cluster, or scan-line artifact pattern-matched as a face (false positive)
100	face	ec2fa91fba065f6a0cbb79b6e53b3cd864326fa108c83fe0f17f4a9757f72c0d	roboflow-coral-bleaching-general-v1-yolov8s	low(0.6-0.7)	0.6171	0.0	1	0	0	0	0	0	0	0	coral/rock texture, polyp cluster, or scan-line artifact pattern-matched as a face (false positive)
101	face	1e5f1116b91fcb31ff9337b45920eb4da05a8b97e3ab5f353cb7c1d40b498d62	roboflow-coral-classification-copy-changed-v13i	low(0.6-0.7)	0.6199	0.0	1	0	0	0	0	0	0	0	coral/rock texture, polyp cluster, or scan-line artifact pattern-matched as a face (false positive)
102	face	2e50a026ba9703237cfc8a44981e9990b885d9512fe7c5680cbd19e14a499dc9	roboflow-coral-reef-bleach-detection-v2i	low(0.6-0.7)	0.6321	0.0	1	0	0	0	0	0	0	0	coral/rock texture, polyp cluster, or scan-line artifact pattern-matched as a face (false positive)
103	face	68d50b07838b867dc0915635d0a72aa5df98303402644877f56b0a78de72b407	roboflow-coral-reef-classification-v3i	low(0.6-0.7)	0.6912	0.0	1	0	0	0	0	0	0	0	coral/rock texture, polyp cluster, or scan-line artifact pattern-matched as a face (false positive)
104	face	57e133b5d5f5c118c1b398a7364ceab72d8312af49fdddab0e250397d22e17b0	coralscop-masks-rs	mid(0.7-0.85)	0.7901	0.0	1	0	0	0	0	0	0	0	coral/rock texture, polyp cluster, or scan-line artifact pattern-matched as a face (false positive)
105	face	3580f61e42fa441c96e0f49eeba863207edd4e9c0583473e7ee2b305bba3050d	noaa-pifsc-bleaching	mid(0.7-0.85)	0.7724	0.0	1	0	0	0	0	0	0	0	coral/rock texture, polyp cluster, or scan-line artifact pattern-matched as a face (false positive)
106	face	ce19f861fad2a3971d613f5599b3fe8536704accaf6376c1dfea7cbc6de5cf99	reef-support-benthic-own	mid(0.7-0.85)	0.7167	0.0	1	0	0	0	0	0	0	0	coral/rock texture, polyp cluster, or scan-line artifact pattern-matched as a face (false positive)
107	face	e5b172c995cf352d4a14a55b528d3c0e3a9633099b21bd637687ad1ffefbe6c8	roboflow-coral-bleaching-final-v6i	mid(0.7-0.85)	0.715	0.0	1	0	0	0	0	0	0	0	coral/rock texture, polyp cluster, or scan-line artifact pattern-matched as a face (false positive)
108	face	2a9e67972a244fad26e0fcdc6dafbaf4630c2a29525d94e5ef2cb1dba3c652d2	roboflow-coral-bleaching-general-v1-yolov8s	mid(0.7-0.85)	0.7462	0.0	1	0	0	0	0	0	0	0	coral/rock texture, polyp cluster, or scan-line artifact pattern-matched as a face (false positive)
109	face	ccb564b9d3d5e420041b3136e79846ed753e54921c98b9a4ce0e41e943500ffa	roboflow-coral-classification-copy-changed-v13i	mid(0.7-0.85)	0.7246	0.0	1	0	0	0	0	0	0	0	coral/rock texture, polyp cluster, or scan-line artifact pattern-matched as a face (false positive)
110	face	08225e018193207a1ebbb025dd3158efa22e40ae5df03d615e309bf957a86734	roboflow-coral-reef-bleach-detection-v2i	mid(0.7-0.85)	0.7339	0.0	1	0	0	0	0	0	0	0	coral/rock texture, polyp cluster, or scan-line artifact pattern-matched as a face (false positive)
111	face	31efc8bd4e0972a53519486f1757a37a229697d90a6173eab0a6a93e280450e2	roboflow-coral-reef-classification-v3i	mid(0.7-0.85)	0.7778	0.0	2	0	0	0	0	0	0	0	coral/rock texture, polyp cluster, or scan-line artifact pattern-matched as a face (false positive)
112	face	eaddd7e5af02485888ee62ef4380b34c6c4b3a0a6183e8b130cc5e9a4aa1ef54	coralscop-masks-rs	high(0.85-1.0)	0.8551	0.0	2	0	1	0	0	0	0	0	coral/rock texture, polyp cluster, or scan-line artifact pattern-matched as a face (false positive)
113	face	2accb5f5853e640bf75aabab5092b3dd22b0e4e080bba59deef5b58ba443d9c0	roboflow-coral-reef-bleach-detection-v2i	high(0.85-1.0)	0.9135	0.7809	1	1	1	0	1	1	1	0	TV interview, clear face
114	face	99f72a33d5a44447005fab752479cd13a971bfb508bb473bbe6e1235c288169b	coralscop-masks-rs	low(0.6-0.7)	0.6339	0.0	1	0	0	0	0	0	0	0	coral/rock texture, polyp cluster, or scan-line artifact pattern-matched as a face (false positive)
115	face	68d52a4ee2724de22a5e96b8e55271dbc60a340bebc079a0581f3003e5371a8f	noaa-pifsc-bleaching	low(0.6-0.7)	0.61	0.0	1	0	0	1	0	0	0	0	coral/rock texture, polyp cluster, or scan-line artifact pattern-matched as a face (false positive)
116	face	ebbe499dc2fdf7a0bff79b67f9615e0a1dc187a8e08f314323b8f5fdb920e847	reef-support-benthic-own	low(0.6-0.7)	0.6434	0.0	2	0	0	0	0	0	0	0	coral/rock texture, polyp cluster, or scan-line artifact pattern-matched as a face (false positive)
117	face	0d97c8f36d1027d1b7f822c9c930de7c5ad35b11cb06764530344a97fc9096b9	roboflow-coral-bleaching-final-v6i	low(0.6-0.7)	0.6136	0.0	1	0	0	0	0	0	0	0	coral/rock texture, polyp cluster, or scan-line artifact pattern-matched as a face (false positive)
118	face	d8dd3e3324fae500629028dc1f317b65c7abca47ffcbd9af2181ba0665c3b13a	roboflow-coral-bleaching-general-v1-yolov8s	low(0.6-0.7)	0.6926	0.0	1	0	0	0	0	0	0	0	coral/rock texture, polyp cluster, or scan-line artifact pattern-matched as a face (false positive)
119	face	a7a3851799a2d4f5cb4f5a38fb651ab91046c0a9c9c3201e716469197f958467	roboflow-coral-classification-copy-changed-v13i	low(0.6-0.7)	0.689	0.0	1	0	0	0	0	0	0	0	coral/rock texture, polyp cluster, or scan-line artifact pattern-matched as a face (false positive)
120	face	21e6a28f3a3fb61c1a203e7ce90968c1b7b87ff4adcfd6e32be950a2b5267743	roboflow-coral-reef-bleach-detection-v2i	low(0.6-0.7)	0.6297	0.0	1	0	0	0	0	0	0	0	coral/rock texture, polyp cluster, or scan-line artifact pattern-matched as a face (false positive)
121	face	aa261a7c3bea05161c1ec3bac7d006d49d51eb6deacbf0499e4e015d9d6652d9	roboflow-coral-reef-classification-v3i	low(0.6-0.7)	0.6356	0.6988	1	1	0	0	0	0	0	0	coral/rock texture, polyp cluster, or scan-line artifact pattern-matched as a face (false positive)
122	face	3183132a8faaed5c7247b0520aa1121fe34f06bc932dd3864315c3967988b304	coralscop-masks-rs	mid(0.7-0.85)	0.7086	0.0	3	0	0	0	0	0	0	0	coral/rock texture, polyp cluster, or scan-line artifact pattern-matched as a face (false positive)
123	face	ca15be2ba5f659499c933a547f83c21967be7e05a5ea50a8269ef3ea90b5326c	noaa-pifsc-bleaching	mid(0.7-0.85)	0.7425	0.0	1	0	0	1	0	0	0	0	coral/rock texture, polyp cluster, or scan-line artifact pattern-matched as a face (false positive)
124	face	b689ac6b842f83e3e428489a9fbad4386e4252f1ff84c16282dacd95030e15bb	reef-support-benthic-own	mid(0.7-0.85)	0.7243	0.0	1	0	0	0	0	0	0	0	coral/rock texture, polyp cluster, or scan-line artifact pattern-matched as a face (false positive)
125	face	0a2e86dc1da9e2169fcfe3274f05fef6e99613eb53d2c57f8d4ca53697eaa0be	roboflow-coral-bleaching-final-v6i	mid(0.7-0.85)	0.7114	0.0	1	0	0	0	0	0	0	0	coral/rock texture, polyp cluster, or scan-line artifact pattern-matched as a face (false positive)
126	face	5e34e861fb6f69c6bd10836d20f995d8f3d34249388cab89a25edebd8b298de3	roboflow-coral-bleaching-general-v1-yolov8s	mid(0.7-0.85)	0.7715	0.0	1	0	0	0	0	0	0	0	coral/rock texture, polyp cluster, or scan-line artifact pattern-matched as a face (false positive)
127	face	c204033b60acb3b368f077fe7deef4683f8d26131f8e76319ffd61e521479b41	roboflow-coral-classification-copy-changed-v13i	mid(0.7-0.85)	0.7639	0.0	1	0	0	0	0	0	0	0	coral/rock texture, polyp cluster, or scan-line artifact pattern-matched as a face (false positive)
128	face	7205b4e6e8b068a5f35677c1bd51cad74b4a9bd078057884b1bf78515c56ff6b	roboflow-coral-reef-bleach-detection-v2i	mid(0.7-0.85)	0.7501	0.0	1	0	0	0	0	0	0	0	coral/rock texture, polyp cluster, or scan-line artifact pattern-matched as a face (false positive)
129	face	d4d7f48b6be7cb002391ec57eb25f4ef163f83d88bcaceb33f6254ef3ed89d04	roboflow-coral-reef-classification-v3i	mid(0.7-0.85)	0.7619	0.0	1	0	0	0	0	0	0	0	coral/rock texture, polyp cluster, or scan-line artifact pattern-matched as a face (false positive)
130	face	9939cbceab14075f1b09e3b90e3dee5872040d593812a5e17cc9439b15fe7179	coralscop-masks-rs	high(0.85-1.0)	0.9281	0.975	1	1	1	0	1	1	1	0	stock photo, person on rocks, clear face
131	face	e296e80acb2edc10eab3bdab4f8c12a879b2535610204b78d547ed4546f405c0	roboflow-coral-reef-bleach-detection-v2i	high(0.85-1.0)	0.8946	0.6082	1	1	1	0	1	1	1	0	TV interview inset, clear face
132	face	b91f8986b6e55a8c8a1d0489c0a21d056be40cacb85bc3ae4cccda204af90a13	coralscop-masks-rs	low(0.6-0.7)	0.6823	0.0	3	0	0	0	0	0	0	0	coral/rock texture, polyp cluster, or scan-line artifact pattern-matched as a face (false positive)
133	face	aea4de77e34d17d18bb39a80c08f02bf70f6a07da64b567060604792dbca92c9	noaa-pifsc-bleaching	low(0.6-0.7)	0.6104	0.525	1	1	0	0	0	0	0	0	coral/rock texture, polyp cluster, or scan-line artifact pattern-matched as a face (false positive)
134	face	5c6bef282ca4823ee158a691501ee1371eaa525af55cca217fe8b839a5808245	reef-support-benthic-own	low(0.6-0.7)	0.6314	0.0	1	0	0	0	0	0	0	0	coral/rock texture, polyp cluster, or scan-line artifact pattern-matched as a face (false positive)
135	face	ec89ee0be4078734c2bdedb7a265bf2c6e2153d91a38829b45762e1ae193d0b3	roboflow-coral-bleaching-final-v6i	low(0.6-0.7)	0.6458	0.0	1	0	0	0	0	0	0	0	coral/rock texture, polyp cluster, or scan-line artifact pattern-matched as a face (false positive)
136	face	58647dee6791f5b97d84898d10ffa5d5f2e608dc7b37c4cc449fdf3b9032ebf5	roboflow-coral-bleaching-general-v1-yolov8s	low(0.6-0.7)	0.6281	0.0	1	0	0	0	0	0	0	0	coral/rock texture, polyp cluster, or scan-line artifact pattern-matched as a face (false positive)
137	face	6ec12de798e01fb9df6dd99f42ab978e56da7b8bf895f448e2aa2b2914521782	roboflow-coral-classification-copy-changed-v13i	low(0.6-0.7)	0.6404	0.0	1	0	0	0	0	0	0	0	coral/rock texture, polyp cluster, or scan-line artifact pattern-matched as a face (false positive)
138	face	67514f0a88c82cade1fa725ab50bf9ca63d4b70524288164a737274ee42c973f	roboflow-coral-reef-bleach-detection-v2i	low(0.6-0.7)	0.662	0.0	1	0	0	0	0	0	0	0	coral/rock texture, polyp cluster, or scan-line artifact pattern-matched as a face (false positive)
139	face	949b74b1d0c891facaebcbafa802dd1a6617911067a9ac9dd7bc7b02dfc45343	roboflow-coral-reef-classification-v3i	low(0.6-0.7)	0.6296	0.0	1	0	0	0	0	0	0	0	coral/rock texture, polyp cluster, or scan-line artifact pattern-matched as a face (false positive)
140	face	b0a05852984f673a4953ead582994763c2159086ac244eddc549a9d7de8d80f3	coralscop-masks-rs	mid(0.7-0.85)	0.7541	0.0	1	0	0	0	0	0	0	0	coral/rock texture, polyp cluster, or scan-line artifact pattern-matched as a face (false positive)
141	face	f8715f1b4260c1b5975b955db44a9d0ce0cf813f70eb40667e7e62b549c9e12b	noaa-pifsc-bleaching	mid(0.7-0.85)	0.7584	0.0	1	0	0	0	0	0	0	0	coral/rock texture, polyp cluster, or scan-line artifact pattern-matched as a face (false positive)
142	face	cf544e8bf523ef9b205bca9d456a835c358c398367e690aae76bb87e661d8837	reef-support-benthic-own	mid(0.7-0.85)	0.7559	0.0	1	0	0	0	0	0	0	0	coral/rock texture, polyp cluster, or scan-line artifact pattern-matched as a face (false positive)
143	face	d14ab717e1ab5f886fed5f4fc82cbcc48760a2219610b138cfb5bb1bc6e3634c	roboflow-coral-bleaching-final-v6i	mid(0.7-0.85)	0.722	0.0	1	0	0	0	0	0	0	0	coral/rock texture, polyp cluster, or scan-line artifact pattern-matched as a face (false positive)
144	face	81e00d209ac99db912ae41f46880c9fcbb1bb0124dd453b6905562b8b740ee62	roboflow-coral-bleaching-general-v1-yolov8s	mid(0.7-0.85)	0.7254	0.0	1	0	0	0	0	0	0	0	coral/rock texture, polyp cluster, or scan-line artifact pattern-matched as a face (false positive)
145	face	9aee532d210fad316cd09c641c1fa4514260ee8375ea580f2aa2a2bb09cb02e9	roboflow-coral-classification-copy-changed-v13i	mid(0.7-0.85)	0.7114	0.0	1	0	0	0	0	0	0	0	coral/rock texture, polyp cluster, or scan-line artifact pattern-matched as a face (false positive)
146	face	d6dae45565ff6ea1a266a8a01a835d243f60fc312e079dd6fa1bebf9bdff878d	roboflow-coral-reef-bleach-detection-v2i	mid(0.7-0.85)	0.8482	0.9948	2	2	1	0	1	1	1	0	TV interview, two people, both faces clear
147	face	dc4a5d3313185e2dfb628da160a754ce15557f5d077301f6cb5c17675c04c1c4	roboflow-coral-reef-classification-v3i	mid(0.7-0.85)	0.7089	0.0	5	0	0	0	0	0	0	0	coral/rock texture, polyp cluster, or scan-line artifact pattern-matched as a face (false positive)
148	face	327865195b384f4a80059730ae6e7daf26902bbeda537e339931ba44fb9e7bb2	coralscop-masks-rs	high(0.85-1.0)	0.8627	0.0	7	0	1	0	0	0	0	0	coral/rock texture, polyp cluster, or scan-line artifact pattern-matched as a face (false positive)
149	face	ebd42eaba0f52760e87860f35645c20b44d99a4109e4c9649b00d75537e7e9b5	roboflow-coral-reef-bleach-detection-v2i	high(0.85-1.0)	0.8652	0.996	2	2	1	0	1	1	1	0	TV interview (near-dup of #146), both faces clear
150	person	1b0015d834482c910758ad3526f04a413c50d0646cfa9fb862b87c820aff354b	coralscop-masks-rs		0.0	0.9231	0	1	0	0	0	1	0	1	diver swimming, mask visible, too distant to identify
151	person	939adf53a8e000f1faa93e8cba2fe9856e082aeecb89ed3ee5696ab963718c09	noaa-pifsc-bleaching		0.0	0.5254	0	1	0	0	0	0	0	0	coral/rock/scale-object/blur artifact misdetected as a person (false positive)
152	person	9caaacf3899cebfc1840cc50d20f8d3d2aed1eba544a14c488f4bacd7bd4eca3	reef-support-benthic-own		0.0	0.6032	0	1	0	0	0	0	0	0	coral/rock/scale-object/blur artifact misdetected as a person (false positive)
153	person	88bd2d2d03e861ed75cd807a8a5b1f936f13d6d9f8346747a32d3287ee38f7a4	roboflow-coral-bleaching-final-v6i		0.0	0.8051	0	1	0	0	0	1	0	1	diver ascending over bleached coral
154	person	f4e6a95b5446328cde357b45d26ada060ecdb1ea99cb752e09845213e48bffa4	roboflow-coral-bleaching-general-v1-yolov8s		0.0	0.8031	0	1	0	0	0	1	0	1	diver ascending (near-dup of #153)
155	person	a6c5b2cd5322c90c3d78c8a33c3bcf90ea505686b260cd311cac50bbee7ad40d	roboflow-coral-classification-copy-changed-v13i		0.0	0.5792	0	1	0	0	0	0	0	0	coral/rock/scale-object/blur artifact misdetected as a person (false positive)
156	person	5e4c8bb56d04bebf55cb1dcd4443e1f7932c4a5f810341e35d699428f75d6c1a	roboflow-coral-reef-bleach-detection-v2i		0.0	0.5479	0	1	0	0	0	0	0	0	coral/rock/scale-object/blur artifact misdetected as a person (false positive)
157	person	1d678a253b8e1316f1a52e60447ef0de210245ca5a8b11c6083bd382597ba8cd	roboflow-coral-reef-classification-v3i		0.0	0.8708	0	1	0	0	0	0	0	0	coral/rock/scale-object/blur artifact misdetected as a person (false positive)
158	person	e96f7d7b5069b6e92d0abff2ac4ff37c1e58154e2859aa4f6a1c5df234668fcc	coralscop-masks-rs		0.0	0.7047	0	1	0	0	0	0	0	0	coral/rock/scale-object/blur artifact misdetected as a person (false positive)
159	person	613be15298816a037a055b4f312e8601a15401cdc068a1e788882fc979a950c6	noaa-pifsc-bleaching		0.0	0.5595	0	1	0	0	0	0	0	0	coral/rock/scale-object/blur artifact misdetected as a person (false positive)
160	person	927ec5614172771011e5c4f5fdec3a2356bdf6c88d07ebaadab99aa0b37ab258	reef-support-benthic-own		0.0	0.5412	0	1	0	0	0	0	0	0	coral/rock/scale-object/blur artifact misdetected as a person (false positive)
161	person	1c6da514ef734ad5310824c645b8146d464d8696eaff23cb0f9d9d695a778954	roboflow-coral-bleaching-final-v6i		0.0	0.5337	0	1	0	0	0	0	0	0	coral/rock/scale-object/blur artifact misdetected as a person (false positive)
162	person	6b5b36a05d68b6c780982099e652b10a92bbeed62d666f9af5e0563300d3f77d	roboflow-coral-bleaching-general-v1-yolov8s		0.0	0.677	0	1	0	0	0	1	0	1	diver descending guide line
163	person	79bdfe2a5d7f804f52b3090c1787948098c5d1fbab04ec8211ca0179c0caa7ee	roboflow-coral-classification-copy-changed-v13i		0.0	0.5419	0	1	0	0	0	1	0	1	diver fins visible above coral
164	person	5828786e37710f05a54e22e99f2ab94665c5edf5b796efa00df750bae02cdce0	roboflow-coral-reef-bleach-detection-v2i		0.0	0.6172	0	1	0	0	0	0	0	0	coral/rock/scale-object/blur artifact misdetected as a person (false positive)
165	person	8b92c4a70278c7a21a2a0af896cbcd862c0ea59c6a6f77fadc1e7730b5c31dde	roboflow-coral-reef-classification-v3i		0.0	0.5525	0	1	0	0	0	0	0	0	coral/rock/scale-object/blur artifact misdetected as a person (false positive)
166	person	6eaad2787435f81f629021094049fb25739a558e3e485647e70b35172170589c	coralscop-masks-rs		0.0	0.8382	0	1	0	0	0	0	0	0	coral/rock/scale-object/blur artifact misdetected as a person (false positive)
167	person	e4d30819c70499b2f39ef6d4489cbd9210645cd1c435d832f89f895f4d30c21a	noaa-pifsc-bleaching		0.0	0.5247	0	1	0	0	0	0	0	0	coral/rock/scale-object/blur artifact misdetected as a person (false positive)
168	person	94cf2a68e2aee111c83ebbebbea5ebda0b638c1c904e4b5780f34fcca06673b8	roboflow-coral-bleaching-final-v6i		0.0	0.5855	0	1	0	0	0	0	0	0	coral/rock/scale-object/blur artifact misdetected as a person (false positive)
169	person	294cc497bd7a05c0fff0be3fc244b0f648435cdba15464925c7b8f7ec0f07a66	roboflow-coral-bleaching-general-v1-yolov8s		0.0	0.8917	0	1	0	0	0	1	0	1	diver descending reef wall
170	person	1e3dd32ff223e7f35e167b90431a6a5bc693ff2fbc588f36dae09031e863bc5f	roboflow-coral-classification-copy-changed-v13i		0.0	0.5823	0	2	0	0	0	0	0	0	coral/rock/scale-object/blur artifact misdetected as a person (false positive)
171	person	f7ff522ed8a24e510a9379dde07c69c5ea175d835d2c17671470b4626b6a3172	roboflow-coral-reef-bleach-detection-v2i		0.8967	0.8516	1	1	1	0	1	1	1	0	TV interview inset, also face-flagged
172	person	43a2c267e3c73602606fbacb2448b43b916a36d55352b523ae48a0b2fd570077	roboflow-coral-reef-classification-v3i		0.0	0.5166	0	1	0	0	0	0	0	0	coral/rock/scale-object/blur artifact misdetected as a person (false positive)
173	person	46fa439e85b8923cadca34e6560ccbb39d16291648b2d5a9a26ece5743a14589	coralscop-masks-rs		0.0	0.7981	0	1	0	0	0	1	0	0	hand holding coral fragment underwater
174	person	4e2b9b1556d14a546f9f3b4c171e4ab556a598293d98e9879bb756dbb245c14f	noaa-pifsc-bleaching		0.0	0.5345	0	1	0	0	0	0	0	0	coral/rock/scale-object/blur artifact misdetected as a person (false positive)
175	person	e0796454bd3d81b6c59d40eceb6618e4207ef720283a0f077dd450f08cf5e988	roboflow-coral-bleaching-final-v6i		0.6331	0.8822	1	1	0	0	0	1	0	0	hand holding coral/starfish underwater
176	person	2300d6d0fe300cf253c5d2789849304e3ea2fe77e8ad95cc05c68367ae5913a4	roboflow-coral-bleaching-general-v1-yolov8s		0.0	0.9734	0	1	0	0	0	1	0	1	diver silhouette over reef
177	person	25f65a9ebd24f270fc7169a2f17e922c009a2693016066b409d60940e4cb39c9	roboflow-coral-classification-copy-changed-v13i		0.0	0.57	0	1	0	0	0	0	0	0	coral/rock/scale-object/blur artifact misdetected as a person (false positive)
178	person	1218f86e5e9e366ce445a37747f62d5d44c317d34e564df12b70754641392c0d	roboflow-coral-reef-bleach-detection-v2i		0.0	0.9184	0	1	0	0	0	1	0	1	diver working on reef, full gear
179	person	48090f527e33ee9f624c9a5804d37a4afa449566778bac00eb43bb5cc93f63cb	roboflow-coral-reef-classification-v3i		0.0	0.5957	0	1	0	0	0	0	0	0	coral/rock/scale-object/blur artifact misdetected as a person (false positive)
180	person	730b8fa5daceb6f657c186f3555b2adc2e320392ab7050b8b6b4c7df5b9a2d19	coralscop-masks-rs		0.0	0.5766	0	1	0	0	0	0	0	0	coral/rock/scale-object/blur artifact misdetected as a person (false positive)
181	person	55c689792e3a5c9b72977ebced932966756e4471235d36c5ef0cd764e564e480	noaa-pifsc-bleaching		0.0	0.5054	0	1	0	0	0	0	0	0	coral/rock/scale-object/blur artifact misdetected as a person (false positive)
182	person	50a64626ba789480c1f8de220618cf235c62f7cb6b6f79e3dbfba4e8261129d2	roboflow-coral-bleaching-final-v6i		0.0	0.7676	0	1	0	0	0	1	0	0	hand reaching to touch coral
183	person	ad5de8fec8475cd4df255a759f53dbcb57e56b9e1e43b85438348d2ec9d51237	roboflow-coral-bleaching-general-v1-yolov8s		0.6299	0.8837	1	1	0	0	0	1	0	0	hand near coral
184	person	33c6f9cdf84112ce7a639904d5ac3b4d267fb7ed72bf05c2b41b1ba512b3dfd8	roboflow-coral-classification-copy-changed-v13i		0.0	0.5944	0	1	0	0	0	0	0	0	coral/rock/scale-object/blur artifact misdetected as a person (false positive)
185	person	1f3f86440dd6e8a862ac7275515ec08644e85e37671e1613df50949005e97dc0	roboflow-coral-reef-bleach-detection-v2i		0.0	0.9858	0	2	0	0	0	1	1	0	TV interview, two people, clear faces - face detector MISSED this (FN)
186	person	f7de11c23c8351dfd16f1de1d6487b0e0970ef39fa05890f61371bf97dcaf344	roboflow-coral-reef-classification-v3i		0.0	0.5013	0	1	0	0	0	0	0	0	coral/rock/scale-object/blur artifact misdetected as a person (false positive)
187	person	8285d6369b46750600b16f763d57f83b500d5e5bc1bba99e9664a3286d704feb	coralscop-masks-rs		0.0	0.9368	0	1	0	0	0	0	0	0	coral/rock/scale-object/blur artifact misdetected as a person (false positive)
188	person	c3ed196f2f5b8b50ccef047321bfa7f79a51a91266b05ee4b8097d1632f1347b	noaa-pifsc-bleaching		0.0	0.57	0	1	0	0	0	0	0	0	coral/rock/scale-object/blur artifact misdetected as a person (false positive)
189	person	6cd1c398e5e8a98eed3cfdf5744f597a6c7b843f1795f0ba3596a56f8b3c7a51	roboflow-coral-bleaching-final-v6i		0.0	0.6401	0	1	0	0	0	0	0	0	coral/rock/scale-object/blur artifact misdetected as a person (false positive)
190	person	dd89994cda80db0f32fea4584925192ee5366bcb7b6eac024e0bdc5ba6b3a5ae	roboflow-coral-bleaching-general-v1-yolov8s		0.0	0.6366	0	1	0	0	0	0	0	0	coral/rock/scale-object/blur artifact misdetected as a person (false positive)
191	person	e81c600bac69eb797c111a4366350e2e0e381f6ae8f3d698e119efa970eb0de2	roboflow-coral-classification-copy-changed-v13i		0.0	0.5902	0	1	0	0	0	0	0	0	coral/rock/scale-object/blur artifact misdetected as a person (false positive)
192	person	11fe2a649843593b1c2bd57190f9dc3da3e1acd725f12ec562f7b5feadcc54b9	roboflow-coral-reef-bleach-detection-v2i		0.8944	0.7413	1	1	1	0	1	1	1	0	TV interview inset, also face-flagged
193	person	bd6166a2b55e70d8ddc6c968e619287c6234a1652c6db94ac23659db6c6133ef	roboflow-coral-reef-classification-v3i		0.0	0.5102	0	1	0	0	0	0	0	0	coral/rock/scale-object/blur artifact misdetected as a person (false positive)
194	person	207399c04bc2b260dce6906d252e928222f492375f352a9318553209f0666715	coralscop-masks-rs		0.0	0.9301	0	1	0	0	0	0	0	0	coral/rock/scale-object/blur artifact misdetected as a person (false positive)
195	person	f7f6ea7ebfacb35032a329d1662faccf3facdd8e9c47481b3765b5ca8601fd77	noaa-pifsc-bleaching		0.0	0.6245	0	1	0	0	0	0	0	0	coral/rock/scale-object/blur artifact misdetected as a person (false positive)
196	person	3e582126fab3a16b22cd307c3b240e378d6764e10f1a22859e788d3c35878cd4	roboflow-coral-bleaching-final-v6i		0.0	0.6791	0	1	0	0	0	1	0	1	diver descending guide line
197	person	b059feb204809ef30e848b87b5b6ae515c255abd45f94f344e863b7913d22180	roboflow-coral-bleaching-general-v1-yolov8s		0.0	0.7697	0	1	0	0	0	1	0	0	hand near coral
198	person	2563bcf98e5a06318e9aaf6557cea7a999ac229f44b7ee91f2287dc46e23a5d3	roboflow-coral-reef-bleach-detection-v2i		0.0	0.5309	0	1	0	0	0	0	0	0	coral/rock/scale-object/blur artifact misdetected as a person (false positive)
199	person	ad426bffd46f98251b63a3b3cffa601f90fed8d8a40955f6a1e6febff23a96fe	roboflow-coral-reef-classification-v3i		0.0	0.5737	0	1	0	0	0	0	0	0	coral/rock/scale-object/blur artifact misdetected as a person (false positive)
200	person	98bf977af1fac95b33a532004191865eb84033c789de09838c7290acc53ef97c	coralscop-masks-rs		0.0	0.9455	0	1	0	0	0	0	0	0	coral/rock/scale-object/blur artifact misdetected as a person (false positive)
201	person	441076d0d5a3b803db4caf1f8be75504098fef50188a4917407b8d80a612ea5b	noaa-pifsc-bleaching		0.0	0.6637	0	1	0	0	0	0	0	0	coral/rock/scale-object/blur artifact misdetected as a person (false positive)
202	person	518c5cba957dbfc367d9f6ef1d8e94c91ca2b37f100069d1e1031c8e825ee692	roboflow-coral-bleaching-final-v6i		0.0	0.7599	0	1	0	0	0	0	0	0	coral/rock/scale-object/blur artifact misdetected as a person (false positive)
203	person	32657a6c736fd79180eb5fe9d376ac2d67b02d3d89dfc5e08a1617d5ffab574d	roboflow-coral-bleaching-general-v1-yolov8s		0.0	0.5361	0	1	0	0	0	0	0	0	coral/rock/scale-object/blur artifact misdetected as a person (false positive)
204	person	7581215950695908fdbe1ec05b3f623e8f4a98361f23f8669de319b08801e4d8	roboflow-coral-reef-bleach-detection-v2i		0.9086	0.8702	1	1	1	0	1	1	1	0	TV interview, also face-flagged
205	person	2a33c86f3fe428865dd8a7f1c498f5112a9422895a7d2783ebb41c879710bab9	roboflow-coral-reef-classification-v3i		0.0	0.6117	0	1	0	0	0	0	0	0	coral/rock/scale-object/blur artifact misdetected as a person (false positive)
206	person	eb3368e4d8db1894e4980e1b57eb4761d15d9eeb8539728565f9a3ea6c5099ed	coralscop-masks-rs		0.0	0.7985	0	1	0	0	0	0	0	0	coral/rock/scale-object/blur artifact misdetected as a person (false positive)
207	person	568faa5d31277b17318fcf5ef295b9a942a30e87c3c726ac51114fdea469a562	noaa-pifsc-bleaching		0.0	0.5175	0	1	0	0	0	0	0	0	coral/rock/scale-object/blur artifact misdetected as a person (false positive)
208	person	c5b3e24a58f5108e3b98d7d5c920464c61876d40b2b958e0516fc7d9cb7ab43f	roboflow-coral-bleaching-final-v6i		0.0	0.6504	0	1	0	0	0	1	0	1	diver over reef
209	person	bb928133ee5647b0924ca20da521abdf6516785a5b769d4a59b93da997735626	roboflow-coral-bleaching-general-v1-yolov8s		0.0	0.5833	0	1	0	0	0	0	0	0	coral/rock/scale-object/blur artifact misdetected as a person (false positive)
210	person	ee8ae7dd3c649ce92acdf186e84fe3aa8667dac3d11b842bdf7ac66ea51c1b06	roboflow-coral-reef-bleach-detection-v2i		0.0	0.7459	0	2	0	0	0	1	0	1	two divers ascending line
211	person	9de7ea275c0290ebd5f4a209948bdf1229b8e78af8217cabe34ae8a1f77eed94	roboflow-coral-reef-classification-v3i		0.0	0.7075	0	1	0	0	0	0	0	0	coral/rock/scale-object/blur artifact misdetected as a person (false positive)
212	person	c84a72f0ff1264da10a0f3c0911bf24bd8c30266478f8111fef0ca9c6472847e	coralscop-masks-rs		0.0	0.5011	0	1	0	0	0	0	0	0	coral/rock/scale-object/blur artifact misdetected as a person (false positive)
213	person	701794785aa6ede8f1bc42b72ebe5aa6256590c040472420b2181ef036e3803a	noaa-pifsc-bleaching		0.0	0.5787	0	1	0	0	0	0	0	0	coral/rock/scale-object/blur artifact misdetected as a person (false positive)
214	person	8d3fdcea69ca1ab16f13b8ea9080d7a54a01ec32f32d3b0fb793f9090f40e3bf	roboflow-coral-bleaching-final-v6i		0.0	0.9762	0	1	0	0	0	1	0	1	diver over reef
215	person	750eaa57145f347465260949937d2daee2ef3e7d3c23fa3883359a05436bf19e	roboflow-coral-bleaching-general-v1-yolov8s		0.0	0.5043	0	1	0	0	0	1	0	1	diver at reef edge
216	person	bb128614a5b6bccb7ca18240b2da925af2f6bd5217bc94652650ac689cc10aca	roboflow-coral-reef-bleach-detection-v2i		0.9015	0.5917	1	1	1	0	1	1	1	0	TV interview, also face-flagged
217	person	aa261a7c3bea05161c1ec3bac7d006d49d51eb6deacbf0499e4e015d9d6652d9	roboflow-coral-reef-classification-v3i		0.6356	0.6988	1	1	0	0	0	0	0	0	coral/rock/scale-object/blur artifact misdetected as a person (false positive)
218	person	a41d3b6e816d12bd27fac79632b7bc2c67a2c937d4ce379dceb61a124c546ddb	coralscop-masks-rs		0.0	0.5137	0	1	0	0	0	0	0	0	coral/rock/scale-object/blur artifact misdetected as a person (false positive)
219	person	33db6686b8b0024308d59fbaedee0a7ba82eba19fcc8dfb1ed5e5bdb5976ca09	noaa-pifsc-bleaching		0.0	0.6039	0	1	0	0	0	0	0	0	coral/rock/scale-object/blur artifact misdetected as a person (false positive)
220	person	2d7169dd35313b774045617f32555f87d96c4cb0bfe66948e4853dee33592ca2	roboflow-coral-bleaching-final-v6i		0.0	0.9926	0	1	0	0	0	1	0	1	diver over reef
221	person	7d7cde040acba30ec8321205bd3f29533d705ffb8ecac059fd09695ae1c7a6ec	roboflow-coral-reef-bleach-detection-v2i		0.9177	0.8376	1	1	1	0	1	1	1	0	TV interview, also face-flagged
222	person	e5813a248b50b5b21cbcb8e18269d4bde80e7a6df1b11a453e0b6d27676a40a1	roboflow-coral-reef-classification-v3i		0.0	0.576	0	1	0	0	0	0	0	0	coral/rock/scale-object/blur artifact misdetected as a person (false positive)
223	person	300495d7df59c0a1040c9d3500ddedff64bee2af226cf9860bff9b7339141220	coralscop-masks-rs		0.0	0.7187	0	1	0	0	0	0	0	0	coral/rock/scale-object/blur artifact misdetected as a person (false positive)
224	person	15ebc38f86d3bd91b8ff396354d1c0f08b0c24832aefdf988d8c0dd3bf5cd755	noaa-pifsc-bleaching		0.0	0.5579	0	1	0	0	0	0	0	0	coral/rock/scale-object/blur artifact misdetected as a person (false positive)
225	person	07e6edb9917db38a6f709556377eddf3fade3149db3103bb9d9476314d4b8df0	roboflow-coral-bleaching-final-v6i		0.0	0.8918	0	1	0	0	0	1	0	1	diver mid-frame
226	person	b9dded6712b4340d1a490508dddaf70a59169193925ec0e1d683f996f268cacf	roboflow-coral-reef-bleach-detection-v2i		0.9028	0.5898	1	1	1	0	1	1	1	0	TV interview, also face-flagged
227	person	9d7813718e9403f8d166edc33ccf6bb38809b1ad66db37075ed5ab93350c59b0	roboflow-coral-reef-classification-v3i		0.0	0.5718	0	1	0	0	0	0	0	0	coral/rock/scale-object/blur artifact misdetected as a person (false positive)
228	person	053e04fa9bc7baaa63e9864628bcf461515069062a5c4aec8edc37f5f85959fb	coralscop-masks-rs		0.0	0.6529	0	1	0	0	0	0	0	0	coral/rock/scale-object/blur artifact misdetected as a person (false positive)
229	person	fd1fa7dac968ff417a584bedce4716601683e9b1118b0dff27d08426346814e5	noaa-pifsc-bleaching		0.0	0.6278	0	1	0	0	0	0	0	0	coral/rock/scale-object/blur artifact misdetected as a person (false positive)
230	person	ad117e48c43da3863d170089a0e955a62986a019404ba2dac0612c8c122f8860	roboflow-coral-reef-bleach-detection-v2i		0.0	0.9564	0	1	0	0	0	1	0	1	diver with scuba gear
231	person	b0c7a8146936a3c9a8579c17d338a6649f555488359da8de7b86de3a661a4cd4	roboflow-coral-reef-classification-v3i		0.7048	0.5998	1	1	0	0	0	0	0	0	coral/rock/scale-object/blur artifact misdetected as a person (false positive)
232	person	4f71774f478c3ac6fff376e83878fc5b9e0ca5a731ffc294574962ea992497ac	coralscop-masks-rs		0.0	0.752	0	1	0	0	0	1	0	1	diver with camera equipment
233	person	aea4de77e34d17d18bb39a80c08f02bf70f6a07da64b567060604792dbca92c9	noaa-pifsc-bleaching		0.6104	0.525	1	1	0	0	0	0	0	0	coral/rock/scale-object/blur artifact misdetected as a person (false positive)
234	person	1efb9b7693975808d530a01281fbfde887c7ddd8504606c4d556e90b165397b6	roboflow-coral-reef-bleach-detection-v2i		0.903	0.9962	1	1	1	0	1	1	1	0	TV interview, older person, also face-flagged
235	person	da6ad99470657322dd823537ace09f788578f0019510a31667112c1363c07e8c	roboflow-coral-reef-classification-v3i		0.0	0.5355	0	1	0	0	0	0	0	0	coral/rock/scale-object/blur artifact misdetected as a person (false positive)
236	person	cb4c5b096a50321cc79a1d8a1e8b2118f84eabc1d9d9b38b643184e3347fc18e	coralscop-masks-rs		0.0	0.8428	0	1	0	0	0	0	0	0	coral/rock/scale-object/blur artifact misdetected as a person (false positive)
237	person	954d00756b94fcafd01bef31236102e181a4d4580a36f90c82aec1e11946d96b	noaa-pifsc-bleaching		0.0	0.7787	0	1	0	0	0	0	0	0	coral/rock/scale-object/blur artifact misdetected as a person (false positive)
238	person	c169bb95bd55d3fec499ab15a1e287fb212212d2edf9d9e58eb54a695142b44c	roboflow-coral-reef-bleach-detection-v2i		0.8952	0.7306	1	1	1	0	1	1	1	0	TV interview, also face-flagged
239	person	6779aaf7c06cdab080a875dce1c6d9eb8c7179cf61692b13c9a08d982d6ad646	roboflow-coral-reef-classification-v3i		0.0	0.7512	0	1	0	0	0	0	0	0	coral/rock/scale-object/blur artifact misdetected as a person (false positive)
240	person	2e3cf75addc415eba88dbbff0dbd4baa1b3340ced6ec81e2684bf88826b948c6	coralscop-masks-rs		0.0	0.6675	0	1	0	0	0	1	0	1	diver near brain coral
241	person	f84dd0ec52b83da16d659ff6dcdc1d84f81128b3cb80375f0bd8cf6d7629a2bd	noaa-pifsc-bleaching		0.0	0.5328	0	1	0	0	0	0	0	0	coral/rock/scale-object/blur artifact misdetected as a person (false positive)
242	person	3b076130909d31f08f5b518b3981cfcdf4fb90dff87c4e10f40afcd7a34e8337	roboflow-coral-reef-bleach-detection-v2i		0.7324	0.899	1	1	0	0	0	1	0	1	diver in murky water, small face box also fired
243	person	41bb93a4d0ea89515e83b5242acebdce4d839919da57e931c4d35b707fedafe3	roboflow-coral-reef-classification-v3i		0.0	0.5392	0	1	0	0	0	0	0	0	coral/rock/scale-object/blur artifact misdetected as a person (false positive)
244	person	b03c1babaa49371544b9c479cef1d80f244edfa437b91f8781499cae3a058f79	coralscop-masks-rs		0.0	0.6941	0	1	0	0	0	0	0	0	coral/rock/scale-object/blur artifact misdetected as a person (false positive)
245	person	7de1819ab32efcbf949d79c52cfdc32f9729096400307639fa1a4eaffe59992a	noaa-pifsc-bleaching		0.0	0.5617	0	1	0	0	0	0	0	0	coral/rock/scale-object/blur artifact misdetected as a person (false positive)
246	person	f23733732388330f2f2534dc39028dd1aaf40058e07782576d00bf6bcd0e3c38	roboflow-coral-reef-bleach-detection-v2i		0.0	0.6047	0	1	0	0	0	0	0	0	coral/rock/scale-object/blur artifact misdetected as a person (false positive)
247	person	64a358828093dcfb32af16badd2264c76c4057040203b316b717a10507084acc	roboflow-coral-reef-classification-v3i		0.0	0.59	0	1	0	0	0	0	0	0	coral/rock/scale-object/blur artifact misdetected as a person (false positive)
248	person	65eb6dbce7a10190fa18ab7c9d70b464b76a154290b6e56514a7381b455af359	coralscop-masks-rs		0.0	0.8623	0	1	0	0	0	0	0	0	coral/rock/scale-object/blur artifact misdetected as a person (false positive)
249	person	626c64ec95ade3a1e828110547d27c5eff18c98e017e467b635ccdf8653debb3	noaa-pifsc-bleaching		0.0	0.7363	0	1	0	0	0	0	0	0	coral/rock/scale-object/blur artifact misdetected as a person (false positive)
250	negative	d3b4849159431ca25ca1694a44bdc0765261b68096f58c6bc0b5bb0b93d3893d	coralscop-masks-rs		0.0	0.0	0	0	0	0	0	0	0	0	negative confirmed - no face or person visible
251	negative	bd9bfac4c98c52eef5144777048fe81f78dd94b1687a2474935daa5340db09e7	noaa-pifsc-bleaching		0.0	0.0	0	0	0	0	0	0	0	0	negative confirmed - no face or person visible
252	negative	7c7b7c47eee9030733aa750da3de779b2d7a0d09ce9addaf5c0af3a7f2d9d0d4	reef-support-benthic-own		0.0	0.0	0	0	0	0	0	0	0	0	negative confirmed - no face or person visible
253	negative	0531fe5e0559849948e37e7aa9eb987b72e0d25141973384abacf762108beab3	roboflow-coral-bleaching-final-v6i		0.0	0.0	0	0	0	0	0	0	0	0	negative confirmed - no face or person visible
254	negative	beaaa7eb363cdf26d581094972c4717c4ce0c6eb4b528fde51cfe04f246724bd	roboflow-coral-bleaching-general-v1-yolov8s		0.0	0.0	0	0	0	0	0	0	0	0	negative confirmed - no face or person visible
255	negative	5abddd3556cf24557a0c5be840814a9eea105587e52aafbb068517e2d08573ca	roboflow-coral-classification-copy-changed-v13i		0.0	0.0	0	0	0	0	0	0	0	0	negative confirmed - no face or person visible
256	negative	9644d871c221ba5f0b6e98c560a8288feb7fd39aebde0cf8d211493c24f822ac	roboflow-coral-reef-bleach-detection-v2i		0.0	0.0	0	0	0	0	0	0	0	0	negative confirmed - no face or person visible
257	negative	bebe09ae7599926d267d9bc5aeb42f38e33dc02d8b8240d7dd71cedbad66d334	roboflow-coral-reef-classification-v3i		0.0	0.0	0	0	0	0	0	0	0	0	negative confirmed - no face or person visible
258	negative	2f90deceb7dc126ef132362bf81808518591be4c6caae6a2e9098a93b4f627ac	coralscop-masks-rs		0.0	0.0	0	0	0	0	0	0	0	0	negative confirmed - no face or person visible
259	negative	121b827b87164662ce735ab7af451c06c5f525b8e604d179cf4ec76abaad4086	noaa-pifsc-bleaching		0.0	0.0	0	0	0	0	0	0	0	0	negative confirmed - no face or person visible
260	negative	4180546fc1a40dc0cd078d049ad58e530acd47fe43084f81b7a8da69a301b7b1	reef-support-benthic-own		0.0	0.0	0	0	0	0	0	0	0	0	negative confirmed - no face or person visible
261	negative	c84641088108e62b5b0d79fa219382b85e9f8699d86495e11ecca9bdf30b759a	roboflow-coral-bleaching-final-v6i		0.0	0.0	0	0	0	0	0	0	0	0	negative confirmed - no face or person visible
262	negative	fec402e04c20bf52af1116ee55738dd54ac5c57051b1a1428fa8b0ca95c4985d	roboflow-coral-bleaching-general-v1-yolov8s		0.0	0.0	0	0	0	0	0	0	0	0	negative confirmed - no face or person visible
263	negative	0682af01780c5f48a1a5cf8c66f6bc32d0fa32e4fb33ff68198106c7d18052df	roboflow-coral-classification-copy-changed-v13i		0.0	0.0	0	0	0	0	0	0	0	0	negative confirmed - no face or person visible
264	negative	372ead654771310f10fc01a7f53a51a2d72cb3e7862959a8bd3af87a6c21f574	roboflow-coral-reef-bleach-detection-v2i		0.0	0.0	0	0	0	0	0	0	0	0	negative confirmed - no face or person visible
265	negative	d529c391cbe0c65a06cc3e9dd5ca65eb9e60ac443dcd74e3381a457db26ba39a	roboflow-coral-reef-classification-v3i		0.0	0.0	0	0	0	0	0	0	0	0	negative confirmed - no face or person visible
266	negative	197a0ce469cb10eed41e537be4ea0a0d0896859a43a0bfde8d306c66411ca163	coralscop-masks-rs		0.0	0.0	0	0	0	0	0	0	0	0	negative confirmed - no face or person visible
267	negative	62ae257b02185e3817d3d1a6a3988b6f5f4ddf494735c119b8939494ec56338c	noaa-pifsc-bleaching		0.0	0.0	0	0	0	0	0	0	0	0	negative confirmed - no face or person visible
268	negative	fc2cf2e28477fea84b5e4e8e355925f862c62f3f59364709a9cedd7c948beed5	reef-support-benthic-own		0.0	0.0	0	0	0	0	0	0	0	0	negative confirmed - no face or person visible
269	negative	6d946cb5b125ad4c16034009f09d046ca2e893d29975491c433c49c857b71d73	roboflow-coral-bleaching-final-v6i		0.0	0.0	0	0	0	0	0	0	0	0	negative confirmed - no face or person visible
270	negative	97c25817d0327909c7573d4868459158e12f3c11aed3d21460625bd92fc9855c	roboflow-coral-bleaching-general-v1-yolov8s		0.0	0.0	0	0	0	0	0	0	0	0	negative confirmed - no face or person visible
271	negative	9d3f5a4e0058d59ad57af994c0aad3bb2a90b63badca5852a24174f256211db0	roboflow-coral-classification-copy-changed-v13i		0.0	0.0	0	0	0	0	0	0	0	0	negative confirmed - no face or person visible
272	negative	491c4148714d15b0d7231c7e355f82397a39c9fca37299024a0425474493f4b5	roboflow-coral-reef-bleach-detection-v2i		0.0	0.0	0	0	0	0	0	0	0	0	negative confirmed - no face or person visible
273	negative	f9d72e6b4672a21bed0aa32047eb4dc03ec993eef672b94239c09099dcfa1e61	roboflow-coral-reef-classification-v3i		0.0	0.0	0	0	0	0	0	0	0	0	negative confirmed - no face or person visible
274	negative	4c199b9fc540e3c2f8bedcd47e535cd5def181ebd782a7f03523b5118bc07a81	coralscop-masks-rs		0.0	0.0	0	0	0	0	0	0	0	0	negative confirmed - no face or person visible
275	negative	0856195d54b6e7ca26c9d7bf7872ac5e121429b5c4b2369b10df38fa73b11c8b	noaa-pifsc-bleaching		0.0	0.0	0	0	0	0	0	0	0	0	negative confirmed - no face or person visible
276	negative	584f4bf44a99e08bae3be047110341e90c351f82af73458cdcc3d1af2f6a958f	reef-support-benthic-own		0.0	0.0	0	0	0	0	0	0	0	0	negative confirmed - no face or person visible
277	negative	6d2ef7b5c66678368c00ba27a8863078c859bfb2b2851b410137b3bd58a5182f	roboflow-coral-bleaching-final-v6i		0.0	0.0	0	0	0	0	0	0	0	0	negative confirmed - no face or person visible
278	negative	671ab80dd5e9fd3ef09bb974039692785576c4ee8c7ee5b93607f96c8d08764a	roboflow-coral-bleaching-general-v1-yolov8s		0.0	0.0	0	0	0	0	0	0	0	0	negative confirmed - no face or person visible
279	negative	bc94e784d3c408db3eb1f0cfdcd0457d2e664c8e3eb165fcb1eed096db8f7b4b	roboflow-coral-classification-copy-changed-v13i		0.0	0.0	0	0	0	0	0	0	0	0	negative confirmed - no face or person visible
280	negative	8702233ad52968c077bc858f6944b096d98ff5e94a96f7878b1353d6e961f91a	roboflow-coral-reef-bleach-detection-v2i		0.0	0.0	0	0	0	0	0	0	0	0	negative confirmed - no face or person visible
281	negative	a442b389dd54f4098b3ef46d147327fb5655f1510800bed65e95f9fcce48f489	roboflow-coral-reef-classification-v3i		0.0	0.0	0	0	0	0	0	0	0	0	negative confirmed - no face or person visible
282	negative	82109bae941e66cd5debee1ef1e208a9aeeaf4eb5ada2425dd96dd26656fc7fe	coralscop-masks-rs		0.0	0.0	0	0	0	0	0	0	0	0	negative confirmed - no face or person visible
283	negative	6528d60cae80e08a723cecb06d71de951704b40d5c002520e6873061a8ed05f3	noaa-pifsc-bleaching		0.0	0.0	0	0	0	0	0	0	0	0	negative confirmed - no face or person visible
284	negative	af199dbbd7f98078fdf81c1bcb20f198a05db9bd38df0ab9a0bb0587ee54bcc0	reef-support-benthic-own		0.0	0.0	0	0	0	0	0	0	0	0	negative confirmed - no face or person visible
285	negative	35c4f18dcedc79239b018ba7481fac37032cae619b0112be24d6a8bdc4da6618	roboflow-coral-bleaching-final-v6i		0.0	0.0	0	0	0	0	0	0	0	0	negative confirmed - no face or person visible
286	negative	67f817b67776c94dd500b1a215080845f254e5cc4f0ced7b4eb03ddef6e7e2ff	roboflow-coral-bleaching-general-v1-yolov8s		0.0	0.0	0	0	0	0	0	0	0	0	negative confirmed - no face or person visible
287	negative	a3981af641980ea16e3ccdb73484ee0d059fa6dfdb02cc292733f25885961331	roboflow-coral-classification-copy-changed-v13i		0.0	0.0	0	0	0	0	0	0	0	0	negative confirmed - no face or person visible
288	negative	0c85c1734d0a1bc5e68ab87ad0856e7aad75ba52eda5dcfa84eaedd31acaa325	roboflow-coral-reef-bleach-detection-v2i		0.0	0.0	0	0	0	0	0	0	0	0	negative confirmed - no face or person visible
289	negative	2b80a77283cd77ce036cd95c8ba0a6d5fed25e4a8b197d87e5ce6fdb235c06e6	roboflow-coral-reef-classification-v3i		0.0	0.0	0	0	0	0	0	0	0	0	negative confirmed - no face or person visible
290	negative	fff44c34dc322a40211767c0abd3a25c25ed5ead140a41f6a4cdfe3af034a321	coralscop-masks-rs		0.0	0.0	0	0	0	0	0	0	0	0	negative confirmed - no face or person visible
291	negative	38ad549785afb491f633a923299d9b55a59d644324f094b47465ad9f3dcc51c5	noaa-pifsc-bleaching		0.0	0.0	0	0	0	0	0	0	0	0	negative confirmed - no face or person visible
292	negative	0886eb3246465c0c2fa1433a8d768d69a7ae5b941faf070dd71c7c6a6c54e0b7	reef-support-benthic-own		0.0	0.0	0	0	0	0	0	0	0	0	negative confirmed - no face or person visible
293	negative	de7360c21745ca20fa4d09e6893745c1d0812145822e67c86fe9917e752ae74d	roboflow-coral-bleaching-final-v6i		0.0	0.0	0	0	0	0	0	0	0	0	negative confirmed - no face or person visible
294	negative	85ba380aa26f376610605b63c67f1c29d81157d19d9993ed9d7b839e8d41a4fb	roboflow-coral-bleaching-general-v1-yolov8s		0.0	0.0	0	0	0	0	0	0	0	0	negative confirmed - no face or person visible
295	negative	d6b271cae370a241345f672e78f137a75cea9b9f72bce6d9b8f8f6e7b0204586	roboflow-coral-classification-copy-changed-v13i		0.0	0.0	0	0	0	0	0	0	0	0	negative confirmed - no face or person visible
296	negative	d25858868cd101021a164a3924e19afe0990d6a6c329922d6759e8e8ac0723c7	roboflow-coral-reef-bleach-detection-v2i		0.0	0.0	0	0	0	0	0	0	0	0	negative confirmed - no face or person visible
297	negative	f3ce508b2b3b0136e49140b9c3ba702a7afd1c5a4eeb1e3361974a70c45c8ce8	roboflow-coral-reef-classification-v3i		0.0	0.0	0	0	0	0	0	0	0	0	negative confirmed - no face or person visible
298	negative	5c7907b847131c0affc6b4a910e3b6b8af6c5ba2c75a97887ee35ec4476c22da	coralscop-masks-rs		0.0	0.0	0	0	0	0	0	0	0	0	negative confirmed - no face or person visible
299	negative	de513a36d5f9ea98fe09f558d64a458d53f43c7e2e506da824e16b87fca8b58b	noaa-pifsc-bleaching		0.0	0.0	0	0	0	0	0	0	0	0	negative confirmed - no face or person visible
300	negative	178423f4d9d748e753393276a216ad56ab93b4661901c344e89291062cf17128	reef-support-benthic-own		0.0	0.0	0	0	0	0	0	0	0	0	negative confirmed - no face or person visible
301	negative	2f6efa0e5ef9f72a4f24103051f2bdd73d7c19805e5f10ffb620f49db9ba8f1d	roboflow-coral-bleaching-final-v6i		0.0	0.0	0	0	0	0	0	0	0	0	negative confirmed - no face or person visible
302	negative	958d8834068290066786fb9a1bc40c43f9556a543fc6a7c86f0f8fd0b2f68f3e	roboflow-coral-bleaching-general-v1-yolov8s		0.0	0.0	0	0	0	0	0	0	0	0	negative confirmed - no face or person visible
303	negative	c480f3b5faf90522ca595d1089a273976685779d934100163ae13f62886450ae	roboflow-coral-classification-copy-changed-v13i		0.0	0.0	0	0	0	0	0	0	0	0	negative confirmed - no face or person visible
304	negative	37a885201f0c8e0b0ec0f83a890f5d031c66ae2eb475bf05948aeb13e87ccb92	roboflow-coral-reef-bleach-detection-v2i		0.0	0.0	0	0	0	0	0	0	0	0	negative confirmed - no face or person visible
305	negative	27263ea5db51e3467ed05cab961f513a4a2d50e355fa6e7c5b88d551fb33790c	roboflow-coral-reef-classification-v3i		0.0	0.0	0	0	0	0	0	0	0	0	negative confirmed - no face or person visible
306	negative	6bfad8267e188f81fba5c564e5d465b721b20a9c0c2537ef8ee843948232d178	coralscop-masks-rs		0.0	0.0	0	0	0	0	0	0	0	0	negative confirmed - no face or person visible
307	negative	627cb828f3924dd62f90d47b15bb89c9f283615e0ca82bc72be59f981ee6ed0f	noaa-pifsc-bleaching		0.0	0.0	0	0	0	0	0	0	0	0	negative confirmed - no face or person visible
308	negative	fa7d9fc2983f22d7c99f050f28df25b798f88f8512f43ca496c90379312cab5f	reef-support-benthic-own		0.0	0.0	0	0	0	0	0	0	0	0	negative confirmed - no face or person visible
309	negative	0eaedb60bbe8f458f987d876451e7f86dadb09d6f708bc75bb577bcea650ce62	roboflow-coral-bleaching-final-v6i		0.0	0.0	0	0	0	0	0	0	0	0	negative confirmed - no face or person visible
310	negative	c86eede1073693b920f76d0f6142a494d6a3ae474d975b32f18d2c9458008cbb	roboflow-coral-bleaching-general-v1-yolov8s		0.0	0.0	0	0	0	0	0	0	0	0	negative confirmed - no face or person visible
311	negative	efb76893da40cc35a889b29bc67d95561577e57eb6c11538a21a03a051d71dc1	roboflow-coral-classification-copy-changed-v13i		0.0	0.0	0	0	0	0	0	0	0	0	negative confirmed - no face or person visible
312	negative	936e91f459aa9c6a6033903a9a49d12378f4f1b2f089730d4f1637b3c1f17e19	roboflow-coral-reef-bleach-detection-v2i		0.0	0.0	0	0	0	0	0	0	0	0	negative confirmed - no face or person visible
313	negative	41bdfb1e1f500d08ed8867c7ae42609a42b7e5dd1535a2202f3c0b7338d00cae	roboflow-coral-reef-classification-v3i		0.0	0.0	0	0	0	0	0	0	0	0	negative confirmed - no face or person visible
314	negative	7de5d04d55ad111a050226a4000fce9df501bded61da2b83a7e0a38d45000c21	coralscop-masks-rs		0.0	0.0	0	0	0	0	0	0	0	0	negative confirmed - no face or person visible
315	negative	934a3ce06bba54357621bfd44622d2fa82db620dc3ee4093ada6503cbe593e31	noaa-pifsc-bleaching		0.0	0.0	0	0	0	0	0	0	0	0	negative confirmed - no face or person visible
316	negative	8b11f6fe982cde3b23a3861ffdbfc7dedf27f584837ffb8c3b042fdc81c322f0	reef-support-benthic-own		0.0	0.0	0	0	0	0	0	0	0	0	negative confirmed - no face or person visible
317	negative	85f17080dcc22752feb15b27e83b6e75813165e5140703d0dc23f1d38995d741	roboflow-coral-bleaching-final-v6i		0.0	0.0	0	0	0	0	0	0	0	0	negative confirmed - no face or person visible
318	negative	d811aec6c74f9705b8c706a7fd2f81d585f4ca29e119dc18f7b9412475fb1874	roboflow-coral-bleaching-general-v1-yolov8s		0.0	0.0	0	0	0	0	0	0	0	0	negative confirmed - no face or person visible
319	negative	6a825724077e97926f7bb9e95b24b8472f196bc8e769383de9fd122fa0bd26bf	roboflow-coral-classification-copy-changed-v13i		0.0	0.0	0	0	0	0	0	0	0	0	negative confirmed - no face or person visible
320	negative	6eef11ca7cf3ef1b5ef0e06965858a9609b8f286d8b3f65611d26ff2b389352d	roboflow-coral-reef-bleach-detection-v2i		0.0	0.0	0	0	0	0	0	0	0	0	negative confirmed - no face or person visible
321	negative	be7a089c634ec7b5a48cb5cd77e33230ad7414bfc3892c37bf63d2fd3d6fb879	roboflow-coral-reef-classification-v3i		0.0	0.0	0	0	0	0	0	0	0	0	negative confirmed - no face or person visible
322	negative	1520aa8efc892e4268b3e88134e90e5eef144c2b59841b2d70a1501d21cc9ee5	coralscop-masks-rs		0.0	0.0	0	0	0	0	0	0	0	0	negative confirmed - no face or person visible
323	negative	8c4ff68316d29139784ae98a54be33b9f944379a44b58e5bd439f7128e65b20e	noaa-pifsc-bleaching		0.0	0.0	0	0	0	0	0	0	0	0	negative confirmed - no face or person visible
324	negative	83528da64d521336c624342c138c01cdfac3a5a5b1511d1abcdbd13c76403be2	reef-support-benthic-own		0.0	0.0	0	0	0	0	0	0	0	0	negative confirmed - no face or person visible
325	negative	1bfc1216078fc7c3138b03b0ac5111c215f83a1c4b9bfc790f0f849c53d4047c	roboflow-coral-bleaching-final-v6i		0.0	0.0	0	0	0	0	0	0	0	0	negative confirmed - no face or person visible
326	negative	bc55989eac1700ab78f5991a502dcc6b9f47237b6de7c173e2be60e5e62db205	roboflow-coral-bleaching-general-v1-yolov8s		0.0	0.0	0	0	0	0	0	0	0	0	negative confirmed - no face or person visible
327	negative	0dfc041593afd05d21989bfdc0a61067fd77eb03efca4d35743dbff00bf95023	roboflow-coral-classification-copy-changed-v13i		0.0	0.0	0	0	0	0	0	0	0	0	negative confirmed - no face or person visible
328	negative	6c077d918419df7b287a45c5240c3edf1c024015cc56a0cf84433ae7d3db2d27	roboflow-coral-reef-bleach-detection-v2i		0.0	0.0	0	0	0	0	0	0	0	0	negative confirmed - no face or person visible
329	negative	b783dd47c3062ead4c3b8e9e1957b5a936c49a8ca08381fad9d3d432d821e2fa	roboflow-coral-reef-classification-v3i		0.0	0.0	0	0	0	0	0	0	0	0	negative confirmed - no face or person visible
330	negative	da083fa5a195b4ede820fcb8907a9a8a2567196a0d6c5989b3daec79b7e98f32	coralscop-masks-rs		0.0	0.0	0	0	0	0	0	0	0	0	negative confirmed - no face or person visible
331	negative	7001186b67b861fb01111d8b0559f198aa00a82d46f93fbd7c2af2dd212a564c	noaa-pifsc-bleaching		0.0	0.0	0	0	0	0	0	0	0	0	negative confirmed - no face or person visible
332	negative	27f8e75b78c2ceeb82b170da30f4157b9e5c3e142a69e3abbdff1b19102224cb	reef-support-benthic-own		0.0	0.0	0	0	0	0	0	0	0	0	negative confirmed - no face or person visible
333	negative	48e6f430163878c1080868792f50ad266f0acf76c0efcb250f5dd22f204a691b	roboflow-coral-bleaching-final-v6i		0.0	0.0	0	0	0	0	0	0	0	0	negative confirmed - no face or person visible
334	negative	64e1878d11402c4e8cbb94788518ab2eeedd2d459ca3d4574f7575bfe8a02366	roboflow-coral-bleaching-general-v1-yolov8s		0.0	0.0	0	0	0	0	0	0	0	0	negative confirmed - no face or person visible
335	negative	0f7df0e57b7e95660946323251ad683cc38d5e70f1332b85787bdee032086b90	roboflow-coral-classification-copy-changed-v13i		0.0	0.0	0	0	0	0	0	0	0	0	negative confirmed - no face or person visible
336	negative	1eecce74b4d93d6377409b5e3238760790607f8502b48799e1126300e16a796d	roboflow-coral-reef-bleach-detection-v2i		0.0	0.0	0	0	0	0	0	0	0	0	negative confirmed - no face or person visible
337	negative	2c7a0edf2e8f5ae6440839000466886ef792f473938b343b57712add5fe9dbb0	roboflow-coral-reef-classification-v3i		0.0	0.0	0	0	0	0	0	0	0	0	negative confirmed - no face or person visible
338	negative	c612ca06a92ab1d0531f855f1d8c5b810d5fdac44d266d4192eaa4a84bb50089	coralscop-masks-rs		0.0	0.0	0	0	0	0	0	0	0	0	negative confirmed - no face or person visible
339	negative	01322192104dc086b57ac0b8a18ad5738e7f836e584ce56205a61ac98c26c4f5	noaa-pifsc-bleaching		0.0	0.0	0	0	0	0	0	0	0	0	negative confirmed - no face or person visible
340	negative	e0e9ecfbadc52088ea8d2506389679f3361ab948f45b18030d127dc5afb70c0e	reef-support-benthic-own		0.0	0.0	0	0	0	0	0	0	0	0	negative confirmed - no face or person visible
341	negative	434c40e5cc7cc819983f001fc0f8d0696fb6f2d1ff90e6cfee813e64a2e2de00	roboflow-coral-bleaching-final-v6i		0.0	0.0	0	0	0	0	0	0	0	0	negative confirmed - no face or person visible
342	negative	d8d5950a2652846fa793aabd5cca0d1537411fae3a3cc01acef19ba89cbf9615	roboflow-coral-bleaching-general-v1-yolov8s		0.0	0.0	0	0	0	0	0	0	0	0	negative confirmed - no face or person visible
343	negative	8c596c440302845663159b287146cc6a44534db360e7ee419d74ec9e0aeae92c	roboflow-coral-classification-copy-changed-v13i		0.0	0.0	0	0	0	0	0	0	0	0	negative confirmed - no face or person visible
344	negative	0d58778dd4fee06591cf269c70e38b657df05fcc4ca25ad0660436c53b7c5efe	roboflow-coral-reef-bleach-detection-v2i		0.0	0.0	0	0	0	0	0	0	0	0	negative confirmed - no face or person visible
345	negative	5bf7061f291cf11762e051cedb9b4edc966bb7ce7c0ac16ad47237e95932735a	roboflow-coral-reef-classification-v3i		0.0	0.0	0	0	0	0	0	0	0	0	negative confirmed - no face or person visible
346	negative	614efcbdcab5fe4eef2978fea943479aa805dda50dc013baac0138183a4f672c	coralscop-masks-rs		0.0	0.0	0	0	0	0	0	0	0	0	negative confirmed - no face or person visible
347	negative	5c5a19f1e5dc03caceb2d57d54ad9fd1caaa0e933c54f0686ba936f5cebb070f	noaa-pifsc-bleaching		0.0	0.0	0	0	0	0	0	0	0	0	negative confirmed - no face or person visible
348	negative	6fedd1f75a2793c3dc14ef21b3826fda3bd7ac4b2b40e72813b370e8cac9e7e6	reef-support-benthic-own		0.0	0.0	0	0	0	0	0	0	0	0	negative confirmed - no face or person visible
349	negative	fe03d341ddc0839e8055b1e067bc7883ac13118be14c0bdb64780720f41abc7e	roboflow-coral-bleaching-final-v6i		0.0	0.0	0	0	0	0	0	0	0	0	negative confirmed - no face or person visible
