# D-I model audit of WP-7 crosswalk edges, 2026-09-25. All 12 approximate edges in the
# new crosswalks (every one there is) plus 8 coarsened edges from the vocabularies that
# have no approximate edge, so all 10 new crosswalks with a non-exact edge are sampled.
# verdict: ok | fixed (edge changed in scripts/taxonomy_codegen.py) | uncertain (kept, question open)
crosswalk	edge	fidelity	verdict	reason
coralnet-noaa-pifsc	FREE -> HC + form CMR	approximate	ok	CRED free-living coral is mostly Fungiidae (mushroom) plus a few free-living non-fungiids; approximate is the right grade
coralnet-noaa-pifsc	MF -> OTHER_FAUNA	approximate	ok	mobile fauna are echinoderms, molluscs, crustaceans, fish; OTHER_FAUNA is the residual-animal bucket outside Cnidaria and Porifera
coralnet-noaa-pifsc	MOBF -> OTHER_FAUNA	approximate	ok	T3 code for the same mobile-fauna concept as MF
deepseagrass	Background -> ABIOTIC	approximate	uncertain	the vocab also has separate Substrate and Water classes, so Background may hold non-seagrass biota (algae); ABIOTIC would then assert "non-living" wrongly. Needs the dataset paper's class definition; UNKNOWN or unmappable are the fallbacks
fathomnet-concepts	coral -> Anthozoa	approximate	fixed	VME "coral" includes stylasterid hydrocorals (Hydrozoa); Anthozoa invented a class for them. Now Cnidaria, coarsened (smallest accepted clade)
ruod	corals -> Anthozoa	approximate	fixed	"coral" spans Anthozoa and hydrozoan fire corals; now Cnidaria, coarsened
usis-uiis	corals -> Anthozoa	approximate	fixed	same as ruod: now Cnidaria, coarsened
usis-uiis	aquatic plants -> Plantae	approximate	ok	brown algae are Chromista, so no single clade short of Biota; Plantae is the best overlap and correctly marked approximate
usis-uiis	plants -> Plantae	approximate	ok	UIIS10K "plants" = seagrass plus macroalgae; same reasoning as aquatic plants
trashcan	animal_shells -> Mollusca	approximate	ok	empty shells are almost all bivalve and gastropod; "dead remains" cannot be expressed on rs-taxa-v1 (taxon axis only), which the note records
trashcan	plant -> Plantae	approximate	ok	TrashCan "plant" = marine vegetation including algae; same reasoning as aquatic plants
trashcan	trash_branch -> NT_DEBRIS	approximate	ok	natural wood, not litter; NT_DEBRIS is the only non-taxon bucket that fits and the note says so
plc-beijbom2015	Bare Substrate -> ABIOTIC	coarsened	ok	uncolonised rock or sand; ABIOTIC is its strict parent
plc-beijbom2015	Other scleractinians -> HC	coarsened	ok	scleractinians outside the source's genus list; HC is a strict ancestor
trash-icra19	bio -> Biota	coarsened	ok	"any biological material"; Biota (AphiaID 1) is the only exact-or-broader anchor
fathomnet-concepts	Aeolidiidae sp. 1 -> Aeolidiidae	coarsened	ok	morphospecies; the family is the strict ancestor
fathomnet-concepts	Lyssacinosida sp. 1 -> Lyssacinosida	coarsened	ok	morphospecies; the order is the strict ancestor
fathomnet-concepts	Paralomis cf. papillata -> Paralomis	coarsened	ok	a cf. identification is not a species claim; genus is the honest level
fathomnet-concepts	Funiculina-Halipteris complex -> Pennatulacea	coarsened	ok	two sea-pen genera in different families; the order is their smallest shared accepted clade in the snapshot
ruod	fish -> Vertebrata	coarsened	ok	fish is paraphyletic and WoRMS Pisces is unaccepted; Vertebrata is the smallest accepted clade holding all fish, note lists includes: [Actinopterygii, Elasmobranchii, Holocephali, Myxini, Petromyzonti]
