audit_id	image_sha256	source_id	label	cl_flag	stratum	weight
A001	0ef44d8e43a9be1effb9e15bd672ea8017f6a2a20b704199e4dc92232ba74a45	noaa-pifsc-bleaching	UNHEALTHY	False	noaa-pifsc-bleaching|UNHEALTHY|noflag	88.025
A002	6a605545980801902b2517d79fa1de0a78d45e7529f3ad6d9b5fc7ce9278f7a6	roboflow-coral-reef-classification-v3i	HEALTHY	True	roboflow-coral-reef-classification-v3i|HEALTHY|flag	21.583
A003	fd1c91be64865955e48647192505c80b0c86b8c5bdab75ee5e3ac7fcf4e59049	roboflow-coral-reef-bleach-detection-v2i	UNHEALTHY	False	roboflow-coral-reef-bleach-detection-v2i|UNHEALTHY|noflag	96.385
A004	9347cb5536e1d621e61167aa0b063b72a97a7c28c2e05167de25236bdffa45d8	roboflow-coral-bleaching-final-v6i	UNHEALTHY	True	roboflow-coral-bleaching-final-v6i|UNHEALTHY|flag	3.200
A005	93405307a95a7c55cce8527fc15ba1de6a2586e5501a4775082b67829bbd6260	roboflow-coral-reef-bleach-detection-v2i	HEALTHY	False	roboflow-coral-reef-bleach-detection-v2i|HEALTHY|noflag	96.100
A006	77179a8f1d448a029340b0257544441036c78977bba5852fc16d9d2816b7be7b	roboflow-coral-reef-classification-v3i	UNHEALTHY	False	roboflow-coral-reef-classification-v3i|UNHEALTHY|noflag	78.828
A007	0932df2ae9f1dbf7f686484aac58dd900e66c7276acd923eafc584ba026da8c6	roboflow-coral-reef-bleach-detection-v2i	HEALTHY	False	roboflow-coral-reef-bleach-detection-v2i|HEALTHY|noflag	96.100
A008	b40232703954b24fb38d3c49fc3de725c2ae525ed936ecc63ce2b2bf4add544b	noaa-pifsc-bleaching	UNHEALTHY	False	noaa-pifsc-bleaching|UNHEALTHY|noflag	88.025
A009	ee0406d6da9032f959611f235651f2bd687f5d47e3770a5dc95f5940af44b8c9	noaa-pifsc-bleaching	UNHEALTHY	False	noaa-pifsc-bleaching|UNHEALTHY|noflag	88.025
A010	0d7b9cdb192b40b584301c3f0a844f607daf66de13a00c3f640ef16445723c1c	roboflow-coral-bleaching-final-v6i	HEALTHY	False	roboflow-coral-bleaching-final-v6i|HEALTHY|noflag	36.133
A011	ae0569eafb36d7783cf936a3c545b2763b6efe845fa4a877f18d5f679cbe8fd5	roboflow-coral-classification-copy-changed-v13i	HEALTHY	False	roboflow-coral-classification-copy-changed-v13i|HEALTHY|noflag	48.412
A012	16a666e9fea1e3cbcbdcc681cf465878d0d174d61b86ad598df1ccd09fc6e0ae	roboflow-coral-bleaching-general-v1-yolov8s	UNHEALTHY	True	roboflow-coral-bleaching-general-v1-yolov8s|UNHEALTHY|flag	2.800
A013	9e5f778f047825a7c04bf3368c568cf3e0b00bb5819a01edb3b1661d0b77f42e	roboflow-coral-reef-bleach-detection-v2i	HEALTHY	False	roboflow-coral-reef-bleach-detection-v2i|HEALTHY|noflag	96.100
A014	47d5386797acbc7c2eb7d6671fbb988af16364dda793d4e79aa3de5ce4ebd009	noaa-pifsc-bleaching	HEALTHY	False	noaa-pifsc-bleaching|HEALTHY|noflag	83.000
A015	b7837f8a719025d0eccfe6c88d81df44b685ea1eccd0c8ebd627a15d5ac38aac	roboflow-coral-classification-copy-changed-v13i	UNHEALTHY	True	roboflow-coral-classification-copy-changed-v13i|UNHEALTHY|flag	5.000
A016	6b1fecfd6faab2fced117635ec3a549ef5e73436470edd334cbb7dff5c458fc0	noaa-pifsc-bleaching	UNHEALTHY	False	noaa-pifsc-bleaching|UNHEALTHY|noflag	88.025
A017	25d465554349b75518b34da5b982bf653a708651197790bb2b1b27cbe558fb6a	roboflow-coral-bleaching-final-v6i	UNHEALTHY	False	roboflow-coral-bleaching-final-v6i|UNHEALTHY|noflag	50.882
A018	fa2333c692135a30bb77712a62d430696b4d36f6e7ffb34effec5ca05db29d84	noaa-pifsc-bleaching	HEALTHY	False	noaa-pifsc-bleaching|HEALTHY|noflag	83.000
A019	67751fa1349dfd20bbd05c44b1e3ffa56835bf8f1365ab6958ba400270f39e71	roboflow-coral-reef-bleach-detection-v2i	HEALTHY	False	roboflow-coral-reef-bleach-detection-v2i|HEALTHY|noflag	96.100
A020	1a10dcc8bba1a1a18cc601be404fbaceb7dee874cf7744e75c7b1c877b5df5d8	noaa-pifsc-bleaching	UNHEALTHY	False	noaa-pifsc-bleaching|UNHEALTHY|noflag	88.025
A021	067e7023f38bf6dde5afba2621f447c5167da324348d7cc4fa3cd92ef6479174	roboflow-coral-bleaching-final-v6i	UNHEALTHY	False	roboflow-coral-bleaching-final-v6i|UNHEALTHY|noflag	50.882
A022	a974736da592aa36700e5d618aa260ff5c9191bd0452629e7d8add49cb5f85b0	roboflow-coral-bleaching-general-v1-yolov8s	UNHEALTHY	False	roboflow-coral-bleaching-general-v1-yolov8s|UNHEALTHY|noflag	51.353
A023	c7ab03db165bc8d89ae173465e2f20e4ec0672ad68ab3583127cd21a0c4603a3	roboflow-coral-reef-classification-v3i	HEALTHY	False	roboflow-coral-reef-classification-v3i|HEALTHY|noflag	73.800
A024	64e1878d11402c4e8cbb94788518ab2eeedd2d459ca3d4574f7575bfe8a02366	roboflow-coral-bleaching-general-v1-yolov8s	UNHEALTHY	False	roboflow-coral-bleaching-general-v1-yolov8s|UNHEALTHY|noflag	51.353
A025	4891792db5a4c067a400f1f57fa0ea4bf730b20d99b2359de98eaaedda4d199f	roboflow-coral-reef-classification-v3i	HEALTHY	False	roboflow-coral-reef-classification-v3i|HEALTHY|noflag	73.800
A026	d006fe9faa740ba3e3838c0cadedcdebe9984b21e91e4482ebf4df515bbe4242	roboflow-coral-reef-classification-v3i	HEALTHY	True	roboflow-coral-reef-classification-v3i|HEALTHY|flag	21.583
A027	f7209a69247d586ca408d5899a341d515e18dc7918739c0fef4ae2690d63904c	roboflow-coral-bleaching-general-v1-yolov8s	HEALTHY	False	roboflow-coral-bleaching-general-v1-yolov8s|HEALTHY|noflag	36.600
A028	5358f3f8dbcb334143482574334717867b4d62e22c3eca2e7f1b505b2e7aa468	noaa-pifsc-bleaching	HEALTHY	False	noaa-pifsc-bleaching|HEALTHY|noflag	83.000
A029	21c7cbbbcdd6c527acf1d97cc96faea6542ce271b05c0f794f380819e110c18a	roboflow-coral-classification-copy-changed-v13i	UNHEALTHY	False	roboflow-coral-classification-copy-changed-v13i|UNHEALTHY|noflag	48.471
A030	b2acca5d3193d3be6e7258b108425d90066f2990a3b97499a353a13e7172f0c8	noaa-pifsc-bleaching	HEALTHY	False	noaa-pifsc-bleaching|HEALTHY|noflag	83.000
A031	d77280068b2a50e61bcb610d3e49c2a1f8d0f3aa5f1a6a2c1b44d9f3ae14dd32	roboflow-coral-reef-bleach-detection-v2i	UNHEALTHY	True	roboflow-coral-reef-bleach-detection-v2i|UNHEALTHY|flag	19.000
A032	944713a7553209b4ab9685b72d5f4c7a29db9b6de8d299f07656f1e73b774894	roboflow-coral-reef-classification-v3i	HEALTHY	True	roboflow-coral-reef-classification-v3i|HEALTHY|flag	21.583
A033	a1168681d68653646676c54839ecb41fe0e16d61a0e5179afd548029858b877c	roboflow-coral-classification-copy-changed-v13i	HEALTHY	True	roboflow-coral-classification-copy-changed-v13i|HEALTHY|flag	3.200
A034	112e581a8ea69689b3a0a441117df0da3c18055d3e651a633a4b5119dcb16ff2	roboflow-coral-reef-bleach-detection-v2i	HEALTHY	False	roboflow-coral-reef-bleach-detection-v2i|HEALTHY|noflag	96.100
A035	3424c5b70dda510a6cdc8fff5f4c01c109a1fa74619c442011ea43c2566da01c	roboflow-coral-reef-bleach-detection-v2i	HEALTHY	False	roboflow-coral-reef-bleach-detection-v2i|HEALTHY|noflag	96.100
A036	95a5a2bc383d5df85fdbe5ec337e091b25ff6713b7a140350515353aad65ec1d	roboflow-coral-reef-classification-v3i	UNHEALTHY	False	roboflow-coral-reef-classification-v3i|UNHEALTHY|noflag	78.828
A037	ed64e2a93b587ba2b4c1206a618bda45c549cc1ef1acc8b96bf22895175801ea	roboflow-coral-reef-classification-v3i	UNHEALTHY	False	roboflow-coral-reef-classification-v3i|UNHEALTHY|noflag	78.828
A038	33de4a1cecd617af0aefc6272d13c2a5574f4210664ab98b4e6cabad11de35b3	roboflow-coral-bleaching-final-v6i	HEALTHY	True	roboflow-coral-bleaching-final-v6i|HEALTHY|flag	1.300
A039	68264e656a9b4a131dee499e41f7a08042db1c65c879453fc9d813c2179349f5	roboflow-coral-classification-copy-changed-v13i	HEALTHY	True	roboflow-coral-classification-copy-changed-v13i|HEALTHY|flag	3.200
A040	0c802320bb2bca1ea92d0ab6c99c5a8ae177791cf3277eeb19440e18c1b7cc1d	roboflow-coral-reef-bleach-detection-v2i	UNHEALTHY	True	roboflow-coral-reef-bleach-detection-v2i|UNHEALTHY|flag	19.000
A041	2df108eb6b0fd1fe1dbee76296c6c8b8bbb5813cadd531646f5d62b297a83ad2	roboflow-coral-reef-classification-v3i	HEALTHY	True	roboflow-coral-reef-classification-v3i|HEALTHY|flag	21.583
A042	5ce7ad454e1c88eefe950498e2072319a6bc967b466444ee15fcf40fabad35d0	roboflow-coral-classification-copy-changed-v13i	UNHEALTHY	False	roboflow-coral-classification-copy-changed-v13i|UNHEALTHY|noflag	48.471
A043	c93081a2a2785ead3c8038c651f05733621f482c0cfd11cc758e714016fd6c94	roboflow-coral-classification-copy-changed-v13i	HEALTHY	False	roboflow-coral-classification-copy-changed-v13i|HEALTHY|noflag	48.412
A044	a57d7f232c0113e47699a47507069e22cf31c80e5d9dd77d32e5c3e87e16a0ac	roboflow-coral-reef-bleach-detection-v2i	HEALTHY	False	roboflow-coral-reef-bleach-detection-v2i|HEALTHY|noflag	96.100
A045	1c88b22eb9a554cc88b2c7a67b943ad45ed769dc395ea9bfa7bd648a1ddf2761	noaa-pifsc-bleaching	HEALTHY	False	noaa-pifsc-bleaching|HEALTHY|noflag	83.000
A046	92211530f16917088e1bb229412b4b5cb21a4369064447cd0c319e7c07af508e	roboflow-coral-reef-bleach-detection-v2i	UNHEALTHY	False	roboflow-coral-reef-bleach-detection-v2i|UNHEALTHY|noflag	96.385
A047	cc68b7414df821ca390c77dda93d20e5e83acd9d546096758545335ea77c46b2	noaa-pifsc-bleaching	UNHEALTHY	False	noaa-pifsc-bleaching|UNHEALTHY|noflag	88.025
A048	78d604b2d398ae5faf91f26a6255d93d01f345798c9104703389d517e59f275e	noaa-pifsc-bleaching	UNHEALTHY	True	noaa-pifsc-bleaching|UNHEALTHY|flag	31.538
A049	1330a274a888f557370979db5340fc91e903ed46adcee12684f8b6ecf6bd6ecc	roboflow-coral-bleaching-general-v1-yolov8s	HEALTHY	False	roboflow-coral-bleaching-general-v1-yolov8s|HEALTHY|noflag	36.600
A050	06965698232a33460f74fed1da2f337f2e76f21e593a120422df0e4faf53e87f	noaa-pifsc-bleaching	HEALTHY	True	noaa-pifsc-bleaching|HEALTHY|flag	21.917
A051	3fcf12d9439f68d7ffe07b5e2a0580c1e7bf8e7347ecf8f1036762fe899d3215	roboflow-coral-reef-classification-v3i	HEALTHY	False	roboflow-coral-reef-classification-v3i|HEALTHY|noflag	73.800
A052	3c35d2bdd5cd2f4c3e9ad47aad9310b054cdf5cda7563553161c1e3eaf53e434	roboflow-coral-reef-bleach-detection-v2i	UNHEALTHY	True	roboflow-coral-reef-bleach-detection-v2i|UNHEALTHY|flag	19.000
A053	4049fb163814d46bfd809fde3c088202d35f617c2a110fda403153dc26a4b8c0	noaa-pifsc-bleaching	UNHEALTHY	True	noaa-pifsc-bleaching|UNHEALTHY|flag	31.538
A054	b619c671f6acc3620ebe91f093792a0d8e827a25894aa592fc71cc4afab64836	roboflow-coral-bleaching-general-v1-yolov8s	HEALTHY	True	roboflow-coral-bleaching-general-v1-yolov8s|HEALTHY|flag	2.100
A055	9f6b4ba06946cd1e44488a6a01f2d8b0e0773ef54f43c2b3cdc64668abfe84fc	noaa-pifsc-bleaching	UNHEALTHY	True	noaa-pifsc-bleaching|UNHEALTHY|flag	31.538
A056	afd4a0b356f39894b25e58f0bc164283212a9e0da9cde1b58468dec727b7eb9a	noaa-pifsc-bleaching	HEALTHY	False	noaa-pifsc-bleaching|HEALTHY|noflag	83.000
A057	f217d41c11aabfd26b9a9e5e675eb3700e70a810129fa1c89d988b61e3331393	noaa-pifsc-bleaching	HEALTHY	False	noaa-pifsc-bleaching|HEALTHY|noflag	83.000
A058	8bc588935c78f02cfb3535b1ee49cf186eb5b5100455c3b9ffa61f11924b419e	noaa-pifsc-bleaching	HEALTHY	False	noaa-pifsc-bleaching|HEALTHY|noflag	83.000
A059	17711352e73aeead05efbc85efa8233ebfaa7449e1e62fef65681e27652ad659	roboflow-coral-reef-bleach-detection-v2i	UNHEALTHY	False	roboflow-coral-reef-bleach-detection-v2i|UNHEALTHY|noflag	96.385
A060	d5e7fa0e0d5686d79d7fcd129380762712178a4002a5182e46d4dee1bb4ea914	noaa-pifsc-bleaching	UNHEALTHY	False	noaa-pifsc-bleaching|UNHEALTHY|noflag	88.025
A061	4486d7940d5b8e8a1e06d63cde1b3e0075779ba9fd424f211d049b097650ed3f	noaa-pifsc-bleaching	UNHEALTHY	True	noaa-pifsc-bleaching|UNHEALTHY|flag	31.538
A062	07562dcf3203239ea13f0b321b8d47bedb38bdf1a09b1c6361310322f6fd1fd4	noaa-pifsc-bleaching	HEALTHY	False	noaa-pifsc-bleaching|HEALTHY|noflag	83.000
A063	aa6e08f7098918d867f46861eca5a788c844b200a77d26de304f60b6e45e9b17	roboflow-coral-reef-bleach-detection-v2i	UNHEALTHY	False	roboflow-coral-reef-bleach-detection-v2i|UNHEALTHY|noflag	96.385
A064	ee3d35acebe9d1b5cea7f7fc3361a523b9eeed2f896caff7fd36238a575b4a12	roboflow-coral-reef-bleach-detection-v2i	UNHEALTHY	True	roboflow-coral-reef-bleach-detection-v2i|UNHEALTHY|flag	19.000
A065	0a45b2174879b39a93f050869ad2722dbfdd404a86f3544ddb193712a37fa01d	roboflow-coral-reef-classification-v3i	UNHEALTHY	False	roboflow-coral-reef-classification-v3i|UNHEALTHY|noflag	78.828
A066	28e534a6328d631c5e54f9e4e7aa6c6adddf384a0b41e6b4fe94c110ca4989ac	roboflow-coral-bleaching-general-v1-yolov8s	HEALTHY	False	roboflow-coral-bleaching-general-v1-yolov8s|HEALTHY|noflag	36.600
A067	c741b7fc6358e3bb8c662c62d01f540c3f47a6ca1f713f31ee57f540505cc88a	roboflow-coral-reef-classification-v3i	UNHEALTHY	True	roboflow-coral-reef-classification-v3i|UNHEALTHY|flag	13.727
A068	bc286190680a3317f85fbf5de20f700123b3e92fa3fc9e0ad6f898741b9da677	roboflow-coral-reef-bleach-detection-v2i	UNHEALTHY	False	roboflow-coral-reef-bleach-detection-v2i|UNHEALTHY|noflag	96.385
A069	864574a52a9d925af95d91287a51a29c593602c621433ed88a830a67946eb2e1	noaa-pifsc-bleaching	UNHEALTHY	False	noaa-pifsc-bleaching|UNHEALTHY|noflag	88.025
A070	372cb1bd159f8cfbdbfb85705a4281c307ead0cf1ae2865e0062916d22b90826	roboflow-coral-reef-bleach-detection-v2i	HEALTHY	True	roboflow-coral-reef-bleach-detection-v2i|HEALTHY|flag	9.909
A071	b74ead14740efa4b6a18a55e4c114c39f32e9ff22f662b486e490e684a805b50	roboflow-coral-reef-bleach-detection-v2i	UNHEALTHY	False	roboflow-coral-reef-bleach-detection-v2i|UNHEALTHY|noflag	96.385
A072	efb8e1fb288b3b57a6f14ffa6596c7ae97e700d775f3c6a7491cfb923e93e93e	noaa-pifsc-bleaching	UNHEALTHY	False	noaa-pifsc-bleaching|UNHEALTHY|noflag	88.025
A073	4b96627596620e5c1f7aaae99176e7a301df05c6612ca3912d574702943714a6	noaa-pifsc-bleaching	UNHEALTHY	False	noaa-pifsc-bleaching|UNHEALTHY|noflag	88.025
A074	4e53706cd0e7515f8b40b1996e40d987333da1c646d41516fe807d81e2a2ab2a	roboflow-coral-bleaching-general-v1-yolov8s	UNHEALTHY	False	roboflow-coral-bleaching-general-v1-yolov8s|UNHEALTHY|noflag	51.353
A075	42000259db490a6832595dae989a1a1c17c2e4964991f9810bfc635abca1f524	noaa-pifsc-bleaching	HEALTHY	False	noaa-pifsc-bleaching|HEALTHY|noflag	83.000
A076	49d7bbdaa6b74ccc194e1e5c30ee6289de2941daa24877e06949a78005367c1f	roboflow-coral-bleaching-general-v1-yolov8s	HEALTHY	False	roboflow-coral-bleaching-general-v1-yolov8s|HEALTHY|noflag	36.600
A077	b3a10d645e52028c989788790c0ff005d0a9c5d2e868d239f5018827df1ea586	noaa-pifsc-bleaching	UNHEALTHY	True	noaa-pifsc-bleaching|UNHEALTHY|flag	31.538
A078	0de3d9908e825d4d715c7b7e631a03655675ea08db02d14e741ca9353254c4d8	roboflow-coral-bleaching-final-v6i	UNHEALTHY	False	roboflow-coral-bleaching-final-v6i|UNHEALTHY|noflag	50.882
A079	ed62be07a96f09c888c9ce89d38e6112fa25aeb6496b1572c049c207f64d9c34	roboflow-coral-classification-copy-changed-v13i	HEALTHY	False	roboflow-coral-classification-copy-changed-v13i|HEALTHY|noflag	48.412
A080	8bd6d5be5c738a39f60dec5f0edb9f0d07aca564a0a74d61ab2e2693262e0754	roboflow-coral-reef-bleach-detection-v2i	HEALTHY	True	roboflow-coral-reef-bleach-detection-v2i|HEALTHY|flag	9.909
A081	3147f2f6007cc9c9893fa6e503726160cf61f38ceb76e4269ebd7a7ba51a80d9	roboflow-coral-reef-classification-v3i	UNHEALTHY	False	roboflow-coral-reef-classification-v3i|UNHEALTHY|noflag	78.828
A082	2740480100a085aab2a22335702f2c142e961a9431fa6b611cbce40fef34ac60	roboflow-coral-classification-copy-changed-v13i	HEALTHY	False	roboflow-coral-classification-copy-changed-v13i|HEALTHY|noflag	48.412
A083	0fffff5d8c17401904a129db93d549f1908a299f21f5743383a1cb779f6c4d7e	roboflow-coral-reef-classification-v3i	HEALTHY	False	roboflow-coral-reef-classification-v3i|HEALTHY|noflag	73.800
A084	707a2749c524956ff0ff3ee92058a8c8e95d6e39df8ba9bc9975736bfec84ec4	roboflow-coral-reef-bleach-detection-v2i	UNHEALTHY	True	roboflow-coral-reef-bleach-detection-v2i|UNHEALTHY|flag	19.000
A085	306c95d6be5a29fa108aaa9fcad79fced9156dddb2b7625e287a6e2ec0647cdc	roboflow-coral-reef-classification-v3i	UNHEALTHY	False	roboflow-coral-reef-classification-v3i|UNHEALTHY|noflag	78.828
A086	a1abfde334dfbe521de67643251707b094bdf742c59246390e699730d0c866af	noaa-pifsc-bleaching	HEALTHY	True	noaa-pifsc-bleaching|HEALTHY|flag	21.917
A087	0e434735a6561dc25d8a90341c773a6f687e4a4dd344e617bea332d4e70620a6	noaa-pifsc-bleaching	HEALTHY	False	noaa-pifsc-bleaching|HEALTHY|noflag	83.000
A088	6a83a152f82e73b6f6c0f3178f047192308600d56f2b98d6b3921f6fe6ef623a	roboflow-coral-reef-bleach-detection-v2i	HEALTHY	False	roboflow-coral-reef-bleach-detection-v2i|HEALTHY|noflag	96.100
A089	f901cc742e3510084aa7d3b93c9dcfab94dd6be5501aa2aebdd9a7cec7f40b5b	roboflow-coral-bleaching-general-v1-yolov8s	HEALTHY	False	roboflow-coral-bleaching-general-v1-yolov8s|HEALTHY|noflag	36.600
A090	d9f905958da5f6cf2917f136126176fccf046cce2672ba75be4136ceb219e351	roboflow-coral-reef-classification-v3i	HEALTHY	True	roboflow-coral-reef-classification-v3i|HEALTHY|flag	21.583
A091	ba944840027c1203ba8c643dba51cd720cc5408b7cc89a71c0f9aad3294cbd8f	noaa-pifsc-bleaching	HEALTHY	False	noaa-pifsc-bleaching|HEALTHY|noflag	83.000
A092	eed3f2bda94d8f1b1fe8eaed767f6c5ab210625114931418521241628d6ffb77	noaa-pifsc-bleaching	HEALTHY	False	noaa-pifsc-bleaching|HEALTHY|noflag	83.000
A093	e17092e6ab2c335a8cf5809ab207ab1169561a848705b2bf784a7bd067f778e9	roboflow-coral-reef-classification-v3i	HEALTHY	False	roboflow-coral-reef-classification-v3i|HEALTHY|noflag	73.800
A094	707ab8a79f227ffdfd6d124320ff1dcbf7891e8c5904327ca773056d054ed53e	noaa-pifsc-bleaching	HEALTHY	False	noaa-pifsc-bleaching|HEALTHY|noflag	83.000
A095	eac6e9b7baaf750ff2efbc91475e3aed93674dfb248484cc769597e7628c5557	noaa-pifsc-bleaching	HEALTHY	False	noaa-pifsc-bleaching|HEALTHY|noflag	83.000
A096	00ffc6eb927690e23160e03c18c18bf53b5f1e2d8c2b4b7ec7f986fc1634426c	roboflow-coral-bleaching-final-v6i	HEALTHY	False	roboflow-coral-bleaching-final-v6i|HEALTHY|noflag	36.133
A097	6da1e3220f2cd6f0f8eed064281e8ad3e0927fa18532acedb3ea53311f25e4b5	roboflow-coral-reef-bleach-detection-v2i	UNHEALTHY	False	roboflow-coral-reef-bleach-detection-v2i|UNHEALTHY|noflag	96.385
A098	67bba500880fea8d3913c5f34e3d6bbdc8c9d57e9d2915ec42245199336c9a23	noaa-pifsc-bleaching	UNHEALTHY	False	noaa-pifsc-bleaching|UNHEALTHY|noflag	88.025
A099	5c8d77399bc2dd941e2214af5c2a1ddfce6d74dc6ab4bff3731c3297cfef23ac	noaa-pifsc-bleaching	UNHEALTHY	False	noaa-pifsc-bleaching|UNHEALTHY|noflag	88.025
A100	0200af7161526ca58c3c94145bfb7a2af66582fc85580a98d86301b15e2ef170	roboflow-coral-reef-bleach-detection-v2i	HEALTHY	False	roboflow-coral-reef-bleach-detection-v2i|HEALTHY|noflag	96.100
A101	432cc1d32fd62790868ba59e6360475f4766265c2b2b02ac371020f83fe91546	roboflow-coral-reef-classification-v3i	HEALTHY	False	roboflow-coral-reef-classification-v3i|HEALTHY|noflag	73.800
A102	93bff4ab83632f395c38356f06eba7d8768dc4dc2bc67f6f53ffe1a716858737	roboflow-coral-classification-copy-changed-v13i	HEALTHY	True	roboflow-coral-classification-copy-changed-v13i|HEALTHY|flag	3.200
A103	a74caeb14c68894ba309b55d1f3852c3523c3c1e9f6a22d2856048efa490d07c	roboflow-coral-reef-bleach-detection-v2i	UNHEALTHY	False	roboflow-coral-reef-bleach-detection-v2i|UNHEALTHY|noflag	96.385
A104	34f3634392515ef7bab3900d58f4dbdff972069bcbaa2f59f743cc6061d22fdb	roboflow-coral-bleaching-general-v1-yolov8s	HEALTHY	False	roboflow-coral-bleaching-general-v1-yolov8s|HEALTHY|noflag	36.600
A105	d2fe172bf16c4371bf40152c04d1f203c932a236c76e62cab553603c34186674	roboflow-coral-classification-copy-changed-v13i	HEALTHY	False	roboflow-coral-classification-copy-changed-v13i|HEALTHY|noflag	48.412
A106	d1406c7b068e8154675c96f628e2c88633d9d95a143a20fa7b1a306e7fc7fc89	roboflow-coral-reef-bleach-detection-v2i	UNHEALTHY	False	roboflow-coral-reef-bleach-detection-v2i|UNHEALTHY|noflag	96.385
A107	c4c98011c2789bb5a740bf40d443d3f47e5e9d66786239bb1f0346e8b404c3de	roboflow-coral-bleaching-final-v6i	HEALTHY	False	roboflow-coral-bleaching-final-v6i|HEALTHY|noflag	36.133
A108	4680fb8127d14c3bded41ed0b07e92eb23df5127ceac8f7618b2d1a8667d2f53	roboflow-coral-bleaching-final-v6i	UNHEALTHY	True	roboflow-coral-bleaching-final-v6i|UNHEALTHY|flag	3.200
A109	39c4dafc4fd239d9ed80e16218d76f3c13a29ed62068caa5e290f9b389ffd89c	noaa-pifsc-bleaching	HEALTHY	False	noaa-pifsc-bleaching|HEALTHY|noflag	83.000
A110	30142b33cf1a13ff60844b156528a2c8aa4b87013f1a42c25afd0995a894c41e	roboflow-coral-classification-copy-changed-v13i	HEALTHY	False	roboflow-coral-classification-copy-changed-v13i|HEALTHY|noflag	48.412
A111	0a0f5104328f8d734ef2159fa7fd1262b3949eea6e30da6c5906b6254c2efeb3	roboflow-coral-bleaching-final-v6i	HEALTHY	True	roboflow-coral-bleaching-final-v6i|HEALTHY|flag	1.300
A112	80d349ff24fbaa5a5eb5a92a640b10a2cf87ef592864833e9dfd183fe692e7e9	roboflow-coral-reef-bleach-detection-v2i	HEALTHY	False	roboflow-coral-reef-bleach-detection-v2i|HEALTHY|noflag	96.100
A113	c4a61944aac50934b7c9e078a1ffa00742effc977fe3f39e5ace03c09d345ed0	roboflow-coral-classification-copy-changed-v13i	UNHEALTHY	False	roboflow-coral-classification-copy-changed-v13i|UNHEALTHY|noflag	48.471
A114	aec2ce5cb4e1f1169d168bdcfa03b5b7b10104cb5c814c3c8211961379e2f475	roboflow-coral-bleaching-general-v1-yolov8s	HEALTHY	False	roboflow-coral-bleaching-general-v1-yolov8s|HEALTHY|noflag	36.600
A115	fa50bf33694fea4b1d0fc8b9b94571076df471d6b0b4a9c825b7b363ce928f80	roboflow-coral-bleaching-final-v6i	UNHEALTHY	False	roboflow-coral-bleaching-final-v6i|UNHEALTHY|noflag	50.882
A116	dcce6eff66b52a622f10e408b8579d41ab13722d875b16e9a29966c8e95b7d3a	noaa-pifsc-bleaching	UNHEALTHY	True	noaa-pifsc-bleaching|UNHEALTHY|flag	31.538
A117	6d5bb38ca9565b5e4b833adae381be4b5f8df544b6c36ce49e027ccffa2064aa	roboflow-coral-bleaching-general-v1-yolov8s	HEALTHY	False	roboflow-coral-bleaching-general-v1-yolov8s|HEALTHY|noflag	36.600
A118	07d30d79acd34fa5a6d9ef8dece53c0b493027ca3b7472548744b80c80494d2e	roboflow-coral-bleaching-final-v6i	UNHEALTHY	True	roboflow-coral-bleaching-final-v6i|UNHEALTHY|flag	3.200
A119	d019749993983dcb9c5afc4714f99b1b0f1529bcf98e17cba1c313d2ab3ef5c3	roboflow-coral-reef-bleach-detection-v2i	UNHEALTHY	True	roboflow-coral-reef-bleach-detection-v2i|UNHEALTHY|flag	19.000
A120	81933453e0ec1f33c0ae91315f9ae6049acffb4c583f4b7dc9e221eb977a1e87	noaa-pifsc-bleaching	HEALTHY	False	noaa-pifsc-bleaching|HEALTHY|noflag	83.000
A121	c0cc8987b755c8a517cdeed7440a27c87e9cc74e15fee86ba4e902c324074430	roboflow-coral-reef-bleach-detection-v2i	HEALTHY	False	roboflow-coral-reef-bleach-detection-v2i|HEALTHY|noflag	96.100
A122	020761a6aa0a45e3fe59b4445d29624b2c959a8d96bcaa5e26a537c3276b7cab	roboflow-coral-reef-classification-v3i	HEALTHY	False	roboflow-coral-reef-classification-v3i|HEALTHY|noflag	73.800
A123	e03144d6185dc504cb202c90bb6b794f172fbdee0c4db8555cfd35f20b0610c6	roboflow-coral-classification-copy-changed-v13i	UNHEALTHY	True	roboflow-coral-classification-copy-changed-v13i|UNHEALTHY|flag	5.000
A124	4aa702eae0da49ff7a9b54f34c9179451faf5eb028408c961dba18ab9531a6ef	noaa-pifsc-bleaching	HEALTHY	False	noaa-pifsc-bleaching|HEALTHY|noflag	83.000
A125	f73c67fe5faf0a0d268e8f31ef65d7bc05280fe77a639b8a21e19697b139f769	roboflow-coral-reef-bleach-detection-v2i	UNHEALTHY	False	roboflow-coral-reef-bleach-detection-v2i|UNHEALTHY|noflag	96.385
A126	8990eff1a4fe1f564866bc5b7cf277f8024594f9bb5e47c3a6841345503c2f5b	noaa-pifsc-bleaching	HEALTHY	False	noaa-pifsc-bleaching|HEALTHY|noflag	83.000
A127	4c55fd2430e70c1ba7a1790e9fb697f33f6f88dad52f8c4e0986ea9894efee49	roboflow-coral-reef-classification-v3i	UNHEALTHY	True	roboflow-coral-reef-classification-v3i|UNHEALTHY|flag	13.727
A128	90c4204ad7482b842b1ad8056f8dc372d1c1d16a8e734a6bae0142f044fd8e64	roboflow-coral-reef-classification-v3i	UNHEALTHY	False	roboflow-coral-reef-classification-v3i|UNHEALTHY|noflag	78.828
A129	152c52319330a240d4f661736496b5d46ca6373ab3a8eee50d57ac5bddf67207	roboflow-coral-reef-bleach-detection-v2i	UNHEALTHY	False	roboflow-coral-reef-bleach-detection-v2i|UNHEALTHY|noflag	96.385
A130	ddf18d7186b0cb7b891d8272d1a84c72f84e516d6c5d3ff84830aca8d480254e	roboflow-coral-reef-classification-v3i	UNHEALTHY	True	roboflow-coral-reef-classification-v3i|UNHEALTHY|flag	13.727
A131	caf66a2183a702b00906bcadc3874098ca4a4bbd354214d2dc7a24cf6058a326	roboflow-coral-reef-bleach-detection-v2i	UNHEALTHY	False	roboflow-coral-reef-bleach-detection-v2i|UNHEALTHY|noflag	96.385
A132	3761ca1557baa1b95ac800319425cc67e025136311f78387d2624d8f508f2bb4	roboflow-coral-bleaching-final-v6i	UNHEALTHY	True	roboflow-coral-bleaching-final-v6i|UNHEALTHY|flag	3.200
A133	cd012987da4a134a406dd1e0436f2fb69ca69a777d923e2ca633829219eeedee	roboflow-coral-reef-bleach-detection-v2i	UNHEALTHY	False	roboflow-coral-reef-bleach-detection-v2i|UNHEALTHY|noflag	96.385
A134	57c262788c7374ec309e9ab6efebe24681b7c196f87c91d1fd4c417a966cb1d7	noaa-pifsc-bleaching	HEALTHY	False	noaa-pifsc-bleaching|HEALTHY|noflag	83.000
A135	651f291d76aa0d7ca9aaa829e3b50c3a6f7c5581d1429797e03925501e175ea4	roboflow-coral-reef-bleach-detection-v2i	HEALTHY	False	roboflow-coral-reef-bleach-detection-v2i|HEALTHY|noflag	96.100
A136	0b4afba1ed2abdb679a5d0f220a402cf89a04efbb6626026b166e10bfc71fd42	roboflow-coral-reef-bleach-detection-v2i	UNHEALTHY	False	roboflow-coral-reef-bleach-detection-v2i|UNHEALTHY|noflag	96.385
A137	26383461181f53688ccee664b299fecffb4661493d37f48ca263dc080e6252b7	roboflow-coral-reef-classification-v3i	UNHEALTHY	False	roboflow-coral-reef-classification-v3i|UNHEALTHY|noflag	78.828
A138	92750846059a41a0888ab66066b115b861adf65c04e0bebfed38f83a08dcbd9a	roboflow-coral-reef-bleach-detection-v2i	UNHEALTHY	False	roboflow-coral-reef-bleach-detection-v2i|UNHEALTHY|noflag	96.385
A139	db9e3461c9e544f0470672ddc100270e78829259a00739c2b9cb8a9dfa331e98	roboflow-coral-bleaching-final-v6i	HEALTHY	True	roboflow-coral-bleaching-final-v6i|HEALTHY|flag	1.300
A140	48053b4083312fb7aae0f1415c860c790c66b0ef4def3bc3c124672fe006ee9a	noaa-pifsc-bleaching	HEALTHY	False	noaa-pifsc-bleaching|HEALTHY|noflag	83.000
A141	bb81a33a03383ac9c770c55112e7caf0a3f7e457845a8dd86a6648cdfd82eddc	roboflow-coral-reef-bleach-detection-v2i	UNHEALTHY	True	roboflow-coral-reef-bleach-detection-v2i|UNHEALTHY|flag	19.000
A142	8ab58158ebf035e085a83176f9449b14cc8a3ca3f06f5cb107af5fefbdfb04bd	noaa-pifsc-bleaching	HEALTHY	False	noaa-pifsc-bleaching|HEALTHY|noflag	83.000
A143	b8914ae38795d44ce94a3efcca9fcedcb676d74edc06803aab1cd3bd664e90c9	roboflow-coral-bleaching-general-v1-yolov8s	UNHEALTHY	True	roboflow-coral-bleaching-general-v1-yolov8s|UNHEALTHY|flag	2.800
A144	2a52f388c013011a7f9b8d52dac2264c6ecdfa41daed356d25e3f31ab800a8a1	roboflow-coral-reef-bleach-detection-v2i	HEALTHY	False	roboflow-coral-reef-bleach-detection-v2i|HEALTHY|noflag	96.100
A145	10c3d6f66c9721d983bb540a43ff08638ecef95a093f61304b03eddca58524f4	roboflow-coral-bleaching-final-v6i	UNHEALTHY	True	roboflow-coral-bleaching-final-v6i|UNHEALTHY|flag	3.200
A146	60ac90e3cfe3864c95d73106ce66cd8bad87c3c81c844e2b817cf5d41ebeed11	noaa-pifsc-bleaching	HEALTHY	False	noaa-pifsc-bleaching|HEALTHY|noflag	83.000
A147	0fdafa1a90cee6aa371e16baba4de863f6a210cad1ee12b481e7892bf72d042a	noaa-pifsc-bleaching	HEALTHY	False	noaa-pifsc-bleaching|HEALTHY|noflag	83.000
A148	2bb90da42c1df2edc41ed9accbc6bcafa2d859e20c48ee8635b2ddef0f9347f3	roboflow-coral-classification-copy-changed-v13i	HEALTHY	False	roboflow-coral-classification-copy-changed-v13i|HEALTHY|noflag	48.412
A149	1d678a253b8e1316f1a52e60447ef0de210245ca5a8b11c6083bd382597ba8cd	roboflow-coral-reef-classification-v3i	HEALTHY	False	roboflow-coral-reef-classification-v3i|HEALTHY|noflag	73.800
A150	4d56de36b79ea3aa76dd922562a5ec71742e21c70f4687e8579b93bec02dc081	roboflow-coral-reef-bleach-detection-v2i	HEALTHY	False	roboflow-coral-reef-bleach-detection-v2i|HEALTHY|noflag	96.100
A151	2fbd9895272f0ce5d30c28f3a7ff645df05812f37ac085772aded6faf51b5bca	noaa-pifsc-bleaching	HEALTHY	True	noaa-pifsc-bleaching|HEALTHY|flag	21.917
A152	2c1850173134e40c1b01376c2f59080e9b17f54dc52f7f6333a968336eced2a8	roboflow-coral-reef-classification-v3i	UNHEALTHY	False	roboflow-coral-reef-classification-v3i|UNHEALTHY|noflag	78.828
A153	96a5304430585817812018d3e660adb14b6a3a64da0f25004f8d736efdfc9740	roboflow-coral-bleaching-final-v6i	HEALTHY	False	roboflow-coral-bleaching-final-v6i|HEALTHY|noflag	36.133
A154	edef5cee01a285e7060084979bc6215b725153e1479aaae82b629c9bc21fe8c2	noaa-pifsc-bleaching	HEALTHY	False	noaa-pifsc-bleaching|HEALTHY|noflag	83.000
A155	2ba990be73a08b5b6f54c046356420b3055492e0b34f6f6a8328f456b502a70e	noaa-pifsc-bleaching	HEALTHY	False	noaa-pifsc-bleaching|HEALTHY|noflag	83.000
A156	9945e0af2204e9a10bee6b0694b1f2896a3056fb7256a63c03c054b40c9aecdc	roboflow-coral-bleaching-general-v1-yolov8s	UNHEALTHY	True	roboflow-coral-bleaching-general-v1-yolov8s|UNHEALTHY|flag	2.800
A157	6809a30c81d7014a5fea079582535194b24eb7728c9167522c4bb9fe6736ab7d	roboflow-coral-classification-copy-changed-v13i	UNHEALTHY	False	roboflow-coral-classification-copy-changed-v13i|UNHEALTHY|noflag	48.471
A158	1862e7617ca7289fe5506f73bf727c5631a08946764342fef8a7e7f10fe73ada	roboflow-coral-reef-classification-v3i	UNHEALTHY	False	roboflow-coral-reef-classification-v3i|UNHEALTHY|noflag	78.828
A159	b5a44e0c89ca3b041a2de0a737f4e4fb355cb6953a249ac8ca7b3af18c1788f0	roboflow-coral-reef-classification-v3i	HEALTHY	True	roboflow-coral-reef-classification-v3i|HEALTHY|flag	21.583
A160	455ba15fc57b8875d1b6f6653e110e389faf32387af4c4ccc0c7b46f4f0a89a3	roboflow-coral-classification-copy-changed-v13i	UNHEALTHY	True	roboflow-coral-classification-copy-changed-v13i|UNHEALTHY|flag	5.000
A161	08b95db91f46ab17fc8cf05746383e2f39855f88847649e7e004e6b3c44875e8	roboflow-coral-bleaching-final-v6i	HEALTHY	True	roboflow-coral-bleaching-final-v6i|HEALTHY|flag	1.300
A162	73c473ebc57b176f0b696eea61f443d7e8977a4cb5e4e1364c2d43e453c136d0	roboflow-coral-reef-bleach-detection-v2i	UNHEALTHY	False	roboflow-coral-reef-bleach-detection-v2i|UNHEALTHY|noflag	96.385
A163	8eb4e3e321a1d7fd6ef9dc272149b10c3c81a2690d92698dc0db44e37215b682	noaa-pifsc-bleaching	UNHEALTHY	False	noaa-pifsc-bleaching|UNHEALTHY|noflag	88.025
A164	cc7582166db83daf697874aa5521b2abe2e05fce01e686d24e47358da96c60d4	noaa-pifsc-bleaching	HEALTHY	False	noaa-pifsc-bleaching|HEALTHY|noflag	83.000
A165	8d7258cd92c80802dd274015efcab272d64707a1d2e1c4d7c6ae61b159e678d0	roboflow-coral-bleaching-general-v1-yolov8s	UNHEALTHY	False	roboflow-coral-bleaching-general-v1-yolov8s|UNHEALTHY|noflag	51.353
A166	678c8dc4918a561fb05ae31d37d39bc06868b9a551d1a73a181a2a20a01971d7	roboflow-coral-reef-bleach-detection-v2i	HEALTHY	False	roboflow-coral-reef-bleach-detection-v2i|HEALTHY|noflag	96.100
A167	ac7072ce3dc5b0f1e753d7f7d2b3121512ec6228f29539a6620ee6c3276d5636	noaa-pifsc-bleaching	HEALTHY	False	noaa-pifsc-bleaching|HEALTHY|noflag	83.000
A168	7373e43c3cc306936afb8a7fe99c7b114e46330290ee70ae2488b0fd1890a854	roboflow-coral-classification-copy-changed-v13i	HEALTHY	True	roboflow-coral-classification-copy-changed-v13i|HEALTHY|flag	3.200
A169	f724973c50ed3b7e7bbbdced8cb40066c7e7bffe46e08e70a5e6f932f49a2e72	noaa-pifsc-bleaching	UNHEALTHY	False	noaa-pifsc-bleaching|UNHEALTHY|noflag	88.025
A170	d926dc25ac51aa4ff81395d83d40ff5ce3a7244e1b97899e9cd713228e7d45a6	roboflow-coral-bleaching-final-v6i	HEALTHY	False	roboflow-coral-bleaching-final-v6i|HEALTHY|noflag	36.133
A171	244afa117dd14f513ebdaa116e283ee15db642c749a5cd4e1a6349fe3e744f37	roboflow-coral-classification-copy-changed-v13i	HEALTHY	True	roboflow-coral-classification-copy-changed-v13i|HEALTHY|flag	3.200
A172	0e60c986a40070026d07393e65f5bc1bdf9c3d156b21dca5b6307a4d3ea5ba41	noaa-pifsc-bleaching	HEALTHY	False	noaa-pifsc-bleaching|HEALTHY|noflag	83.000
A173	8d3cf92b37438b950b4306fd938c8eca16b292c39e6cdf5e6fc7b27095916693	roboflow-coral-reef-bleach-detection-v2i	UNHEALTHY	False	roboflow-coral-reef-bleach-detection-v2i|UNHEALTHY|noflag	96.385
A174	99a78d38d9e6699c054eea76009b7acf63f25807f6cc854b95107465e786f2c7	roboflow-coral-bleaching-final-v6i	UNHEALTHY	False	roboflow-coral-bleaching-final-v6i|UNHEALTHY|noflag	50.882
A175	e1716e1fdd716647e12af627ea7cb7d261a4b9c476a8076369725b29605d6508	roboflow-coral-reef-classification-v3i	HEALTHY	False	roboflow-coral-reef-classification-v3i|HEALTHY|noflag	73.800
A176	411db4d765101e0a868ca425f68c1cae6d53b722e86ce85abc4a33cd826b96b3	noaa-pifsc-bleaching	HEALTHY	False	noaa-pifsc-bleaching|HEALTHY|noflag	83.000
A177	ed4c5976732ada8a8995d736f706b51480e170694b5a5b5b20077ccc62764062	roboflow-coral-bleaching-general-v1-yolov8s	UNHEALTHY	True	roboflow-coral-bleaching-general-v1-yolov8s|UNHEALTHY|flag	2.800
A178	39b3ca14d3b16a967aba7a786112fb7a6a77a17100de88c7ca8508f4c5dcc8cc	roboflow-coral-reef-bleach-detection-v2i	HEALTHY	False	roboflow-coral-reef-bleach-detection-v2i|HEALTHY|noflag	96.100
A179	51697cd720cfa874730683d5f3a0a6074ede230d7940ceabe3747a1959d41bf5	roboflow-coral-reef-bleach-detection-v2i	HEALTHY	False	roboflow-coral-reef-bleach-detection-v2i|HEALTHY|noflag	96.100
A180	44c536365e7e9371d561230e6840944dddaded9dc787357d896f78d60a2731ca	roboflow-coral-classification-copy-changed-v13i	UNHEALTHY	False	roboflow-coral-classification-copy-changed-v13i|UNHEALTHY|noflag	48.471
A181	c77a303e3448332876c0ea20a0efa339fa340445ed43523d402c2e920837ec01	noaa-pifsc-bleaching	UNHEALTHY	False	noaa-pifsc-bleaching|UNHEALTHY|noflag	88.025
A182	88fab8980b81f96e98752b04d643fe0d5ce4175f10a009429eab1e378a7c6d21	roboflow-coral-bleaching-final-v6i	UNHEALTHY	False	roboflow-coral-bleaching-final-v6i|UNHEALTHY|noflag	50.882
A183	068c12441a7a5bb7cfdf56c3f000eb112e170eb3c883e09d2a26bdfce0253569	roboflow-coral-reef-classification-v3i	HEALTHY	False	roboflow-coral-reef-classification-v3i|HEALTHY|noflag	73.800
A184	085f5c71932d22056758ff20db8cad9c7add38a2e186c763f572f7c3e95ac0d9	roboflow-coral-reef-classification-v3i	UNHEALTHY	False	roboflow-coral-reef-classification-v3i|UNHEALTHY|noflag	78.828
A185	68a0316cdb2e9fd6d2005d827d2d1b728acab00d85046288ad32b61bc60c352a	roboflow-coral-bleaching-general-v1-yolov8s	HEALTHY	True	roboflow-coral-bleaching-general-v1-yolov8s|HEALTHY|flag	2.100
A186	27802640acd329d6e3d62ff42b1b6778f061336d2f401a8f7aeea8fb23b5a8c1	roboflow-coral-bleaching-general-v1-yolov8s	UNHEALTHY	False	roboflow-coral-bleaching-general-v1-yolov8s|UNHEALTHY|noflag	51.353
A187	cc3d4a50e9d891f9edd17cd3f5555e22ee728f07bb5ad7026093722facb38a29	noaa-pifsc-bleaching	UNHEALTHY	False	noaa-pifsc-bleaching|UNHEALTHY|noflag	88.025
A188	57ed607ccd8224a77fbbb24d348bc40068111972122c713f110881c5ee3fd173	roboflow-coral-bleaching-final-v6i	HEALTHY	False	roboflow-coral-bleaching-final-v6i|HEALTHY|noflag	36.133
A189	e46b304472222fbdded4ac4dbb7d8d7e5e88864ef9b080a4072f20794535fb1e	roboflow-coral-reef-bleach-detection-v2i	UNHEALTHY	False	roboflow-coral-reef-bleach-detection-v2i|UNHEALTHY|noflag	96.385
A190	f1d47c804c8013804e8ecd60ad98d4f2385a0b97900fb878cd1b257562870bfd	roboflow-coral-classification-copy-changed-v13i	HEALTHY	True	roboflow-coral-classification-copy-changed-v13i|HEALTHY|flag	3.200
A191	e3041e1d4c43e7c9e4e67234e3a76abee77b74c3b1c77f3d1d5cc7dbfdb41f88	roboflow-coral-reef-classification-v3i	UNHEALTHY	False	roboflow-coral-reef-classification-v3i|UNHEALTHY|noflag	78.828
A192	fc37498f543b7630985deabb0caf594dc4eada34076d4e1c7f786498b5023032	roboflow-coral-reef-bleach-detection-v2i	UNHEALTHY	False	roboflow-coral-reef-bleach-detection-v2i|UNHEALTHY|noflag	96.385
A193	37f0a956bc284a6e2a37b3dd4e5ee781486cad7f2450106151dec7393cd82a99	roboflow-coral-classification-copy-changed-v13i	HEALTHY	False	roboflow-coral-classification-copy-changed-v13i|HEALTHY|noflag	48.412
A194	fe3cb32edd4893d35081a149017403363a67b86a1989dd3f338e7cd0649eab61	noaa-pifsc-bleaching	UNHEALTHY	True	noaa-pifsc-bleaching|UNHEALTHY|flag	31.538
A195	fd7d4a62f90099caf6c0d14d856728e5beec1459dc513bca974c38af849d5530	noaa-pifsc-bleaching	HEALTHY	False	noaa-pifsc-bleaching|HEALTHY|noflag	83.000
A196	1ae48a96bf04b64b375799e5ba0056b002eb0a69fb1ba802aa116b2cc0fc7b9a	noaa-pifsc-bleaching	HEALTHY	False	noaa-pifsc-bleaching|HEALTHY|noflag	83.000
A197	2def7dcbf13a89f4b8559cd5990b095da28778b6e7f7c8e256d05dd10124b581	roboflow-coral-bleaching-final-v6i	UNHEALTHY	True	roboflow-coral-bleaching-final-v6i|UNHEALTHY|flag	3.200
A198	667ba26147e7e3d6685f0b89c525eaa37da9397ff1721ed8e27f79091812d71b	noaa-pifsc-bleaching	UNHEALTHY	False	noaa-pifsc-bleaching|UNHEALTHY|noflag	88.025
A199	a5b9c19534c8caa615d283dded9a48d49f468c863cb10cf306d566f6f9c0bfb9	noaa-pifsc-bleaching	HEALTHY	False	noaa-pifsc-bleaching|HEALTHY|noflag	83.000
A200	4675e9971e1f01074c4201cfd00698cae1355cb2273770a6e10856399cd15e92	roboflow-coral-reef-bleach-detection-v2i	UNHEALTHY	True	roboflow-coral-reef-bleach-detection-v2i|UNHEALTHY|flag	19.000
A201	f0e7730d94cdad4321b8ea64530775d1362f6b5cf1ddf99efdf6cadb1c6c8df3	roboflow-coral-reef-bleach-detection-v2i	UNHEALTHY	False	roboflow-coral-reef-bleach-detection-v2i|UNHEALTHY|noflag	96.385
A202	46e68d5ec0517d43be554bd09c698ccf66834970e40c51c51d65dbf2e3bb1db4	roboflow-coral-classification-copy-changed-v13i	UNHEALTHY	False	roboflow-coral-classification-copy-changed-v13i|UNHEALTHY|noflag	48.471
A203	ec93f441209b696ddd876255374db2690b713be50d3c2c3e6cabb071b3cf942d	roboflow-coral-bleaching-final-v6i	HEALTHY	False	roboflow-coral-bleaching-final-v6i|HEALTHY|noflag	36.133
A204	83f9100726adf80aa63581e36d9f20802dddbcc93466933fc43d4cdfd954ed4c	roboflow-coral-bleaching-final-v6i	HEALTHY	True	roboflow-coral-bleaching-final-v6i|HEALTHY|flag	1.300
A205	b244b755ac92ebd734c7854e3554bbddd2c2729dab9d40624ce748423e190333	roboflow-coral-reef-classification-v3i	UNHEALTHY	False	roboflow-coral-reef-classification-v3i|UNHEALTHY|noflag	78.828
A206	d6b5974268b8c3c04e80b26a90c084361cb2a7fc2919eaa08f7ee87a80ef2c0c	roboflow-coral-classification-copy-changed-v13i	UNHEALTHY	True	roboflow-coral-classification-copy-changed-v13i|UNHEALTHY|flag	5.000
A207	5adda14221d7cca48f15cecb19ac522abb42c98dcefe14af2319127f69ea0943	noaa-pifsc-bleaching	HEALTHY	True	noaa-pifsc-bleaching|HEALTHY|flag	21.917
A208	29fd6aab5f7c1d82843182970053a9c356652fedbcb51f4a9c192a4da412b5e0	roboflow-coral-reef-classification-v3i	HEALTHY	False	roboflow-coral-reef-classification-v3i|HEALTHY|noflag	73.800
A209	58945eccc9aba8815dfc4c57e9a849d8bdf4c2d386828a236be687dd0c498902	roboflow-coral-bleaching-general-v1-yolov8s	UNHEALTHY	True	roboflow-coral-bleaching-general-v1-yolov8s|UNHEALTHY|flag	2.800
A210	8e682092d094dc956f645684b671b40e0f97ef5e12605050ec49eafd04e13629	roboflow-coral-reef-bleach-detection-v2i	HEALTHY	True	roboflow-coral-reef-bleach-detection-v2i|HEALTHY|flag	9.909
A211	1e405ae37881ce07fd4909c4f26e82024379033b1ecceab01a9a1c132f1bd047	roboflow-coral-classification-copy-changed-v13i	HEALTHY	True	roboflow-coral-classification-copy-changed-v13i|HEALTHY|flag	3.200
A212	99792d30efe717dc56b01aa10c5e63076bcba2631b024f6bd36719e51bdd8253	roboflow-coral-reef-bleach-detection-v2i	UNHEALTHY	False	roboflow-coral-reef-bleach-detection-v2i|UNHEALTHY|noflag	96.385
A213	7470fec1942595d2c2521c84e91ee6f0d4913e50be273842d4bcd6696ab31709	roboflow-coral-bleaching-general-v1-yolov8s	HEALTHY	False	roboflow-coral-bleaching-general-v1-yolov8s|HEALTHY|noflag	36.600
A214	3ad6078c6c6c76ee3487fa28cc55c972096996c75b9550ad525833d39de17238	noaa-pifsc-bleaching	HEALTHY	True	noaa-pifsc-bleaching|HEALTHY|flag	21.917
A215	b9aa2c329197a1c348cc5a83aa73412ed32860c86417c64aa2cca2eba9f095bb	roboflow-coral-bleaching-final-v6i	UNHEALTHY	True	roboflow-coral-bleaching-final-v6i|UNHEALTHY|flag	3.200
A216	e0f4ee890a0a4fc01fcd7bed21c43f436ab9e140c6240ac4cf80517ae4378451	noaa-pifsc-bleaching	HEALTHY	False	noaa-pifsc-bleaching|HEALTHY|noflag	83.000
A217	359e01aca711ea32f2987156a663b60a59c2fdb9638760aa3c9529eaf8ec3764	roboflow-coral-classification-copy-changed-v13i	UNHEALTHY	False	roboflow-coral-classification-copy-changed-v13i|UNHEALTHY|noflag	48.471
A218	5898ea98e231b55784392c44279ba453c5fbc83e3f951ccde8878bce5fc3e691	noaa-pifsc-bleaching	HEALTHY	False	noaa-pifsc-bleaching|HEALTHY|noflag	83.000
A219	b4929279d7cf7670abb4b065b94c95ee6e38fcac10f50a588a4918d0a29f729e	roboflow-coral-reef-classification-v3i	HEALTHY	True	roboflow-coral-reef-classification-v3i|HEALTHY|flag	21.583
A220	a5638b12429126daeb36f125c1399ac30febfb7f8e836493a94ef884e9e04f4f	noaa-pifsc-bleaching	HEALTHY	False	noaa-pifsc-bleaching|HEALTHY|noflag	83.000
A221	da7e88e5a868cc57ce04e1b4d71f122c872509c90b2c14b4ee64e8cb94ee9beb	roboflow-coral-reef-bleach-detection-v2i	UNHEALTHY	False	roboflow-coral-reef-bleach-detection-v2i|UNHEALTHY|noflag	96.385
A222	731cd9d671127b0417b003c50171f3b2b08d76eb973389befa6f42c522b8afe7	noaa-pifsc-bleaching	UNHEALTHY	True	noaa-pifsc-bleaching|UNHEALTHY|flag	31.538
A223	e157c848c299dfa65abe1c0e764780bdec5b59ae4cb74bf6577a34730b56c1bc	roboflow-coral-bleaching-general-v1-yolov8s	UNHEALTHY	True	roboflow-coral-bleaching-general-v1-yolov8s|UNHEALTHY|flag	2.800
A224	58647dee6791f5b97d84898d10ffa5d5f2e608dc7b37c4cc449fdf3b9032ebf5	roboflow-coral-bleaching-general-v1-yolov8s	HEALTHY	True	roboflow-coral-bleaching-general-v1-yolov8s|HEALTHY|flag	2.100
A225	3cc8e3bc4666efafca7303cb5926583c04abe69f79a4dea6e152eb7423e6599b	roboflow-coral-reef-bleach-detection-v2i	HEALTHY	False	roboflow-coral-reef-bleach-detection-v2i|HEALTHY|noflag	96.100
A226	43269776bfd5e8f07d55011d0d4fd1e48dd5b6ad214c9f5dc1a0999166bdd623	roboflow-coral-reef-classification-v3i	HEALTHY	False	roboflow-coral-reef-classification-v3i|HEALTHY|noflag	73.800
A227	5cd9f1d8a7208dbad9ef49dd20a5b6df7196ebecb78edeb3ed72e777db18e704	roboflow-coral-bleaching-general-v1-yolov8s	HEALTHY	True	roboflow-coral-bleaching-general-v1-yolov8s|HEALTHY|flag	2.100
A228	216e27ad27e3e3bb4e7ba9a4348cd96512ef3dc1c37c2d33ee4e1e32c2be322d	noaa-pifsc-bleaching	HEALTHY	False	noaa-pifsc-bleaching|HEALTHY|noflag	83.000
A229	d5f0c557fdeaf8ae95acf4e3bb5e0592f7eb5f9cc1cf87feee23663fa93f24d6	roboflow-coral-bleaching-general-v1-yolov8s	UNHEALTHY	False	roboflow-coral-bleaching-general-v1-yolov8s|UNHEALTHY|noflag	51.353
A230	7c68df28ac6f9c65c845a8cf32312dba625a89e8a3de6bd8ddd4cd1935f77f7b	roboflow-coral-reef-bleach-detection-v2i	UNHEALTHY	False	roboflow-coral-reef-bleach-detection-v2i|UNHEALTHY|noflag	96.385
A231	6173c5d521a2e3b0c6ce3b8f1721f5cd5aa88ed12b293912a174232258e5956a	roboflow-coral-bleaching-final-v6i	UNHEALTHY	False	roboflow-coral-bleaching-final-v6i|UNHEALTHY|noflag	50.882
A232	42e72f34efd2c5626f133caa30d735e6a8b9cd49dc64a55c4604e27b1fdeeedf	noaa-pifsc-bleaching	HEALTHY	False	noaa-pifsc-bleaching|HEALTHY|noflag	83.000
A233	830d5a10d52e72f43797606d191b9f43c345beeee1cf4cbafd63ac1ae81c7afa	roboflow-coral-reef-classification-v3i	HEALTHY	True	roboflow-coral-reef-classification-v3i|HEALTHY|flag	21.583
A234	0997dd233fcd1106353502cec6336d93783fc4398776c22595921c4863e4142f	roboflow-coral-reef-bleach-detection-v2i	HEALTHY	False	roboflow-coral-reef-bleach-detection-v2i|HEALTHY|noflag	96.100
A235	b04444566eb5801074acd8885cef2e7c7feb0906227c79f81963180771711dfa	noaa-pifsc-bleaching	HEALTHY	False	noaa-pifsc-bleaching|HEALTHY|noflag	83.000
A236	5576be1f4dc31526cb2fd5216dfc1fc9aa3558bacf8ffff969e3442cef00fcbe	roboflow-coral-bleaching-general-v1-yolov8s	HEALTHY	False	roboflow-coral-bleaching-general-v1-yolov8s|HEALTHY|noflag	36.600
A237	1ee4b319b656ea2beb5b938840657b5b42781527053e86a7e12c39eaa353cb6b	noaa-pifsc-bleaching	UNHEALTHY	False	noaa-pifsc-bleaching|UNHEALTHY|noflag	88.025
A238	1f50c376baa5102a21413516756ea9cd616c402868513e67bcab795cc56ef7ce	roboflow-coral-reef-classification-v3i	HEALTHY	False	roboflow-coral-reef-classification-v3i|HEALTHY|noflag	73.800
A239	584e2e8045dc5e207c07f17aa6b4a56cb830cde95f8f7d5d5c1b8797f5272bfc	roboflow-coral-reef-bleach-detection-v2i	UNHEALTHY	False	roboflow-coral-reef-bleach-detection-v2i|UNHEALTHY|noflag	96.385
A240	e954565deb4b043c794fae6461f535c1b88d2c246b3b82e17bbfe1ebe8a099e5	roboflow-coral-classification-copy-changed-v13i	UNHEALTHY	False	roboflow-coral-classification-copy-changed-v13i|UNHEALTHY|noflag	48.471
A241	7c285ec41e284c949331ad2fc498b67891c35637410b911c6b809f3ce373316b	roboflow-coral-reef-bleach-detection-v2i	HEALTHY	True	roboflow-coral-reef-bleach-detection-v2i|HEALTHY|flag	9.909
A242	a54eec59b9a7981d51efd97cb0916970f5556b2e7c3f1316f1276c7839095f11	roboflow-coral-bleaching-final-v6i	HEALTHY	True	roboflow-coral-bleaching-final-v6i|HEALTHY|flag	1.300
A243	24cc878317ad19433c86bb39ac3b91cd2e7fe734b1c779fadaaf5f2704bd5f54	noaa-pifsc-bleaching	HEALTHY	False	noaa-pifsc-bleaching|HEALTHY|noflag	83.000
A244	f4b07316910e86a6dd520018e04e397989a1cc19f21a8f3a2082205f51ab442e	roboflow-coral-reef-bleach-detection-v2i	UNHEALTHY	False	roboflow-coral-reef-bleach-detection-v2i|UNHEALTHY|noflag	96.385
A245	734f2c8797d2f6a5e979adfec49a907d2edbb7ad9752a4cc3346ae614b02109c	roboflow-coral-reef-classification-v3i	UNHEALTHY	False	roboflow-coral-reef-classification-v3i|UNHEALTHY|noflag	78.828
A246	2953ad7a393b898f63973774fcdb3e48783ae2cd344084836f9ebe090178e6f6	noaa-pifsc-bleaching	UNHEALTHY	False	noaa-pifsc-bleaching|UNHEALTHY|noflag	88.025
A247	ed06e523c0380da69fc026e022ec9f4539d82f994099236851f08b95a84816a5	roboflow-coral-reef-bleach-detection-v2i	HEALTHY	True	roboflow-coral-reef-bleach-detection-v2i|HEALTHY|flag	9.909
A248	d40366a01bf575988cc4217fd676763f76e3540b03b86dbfb7cb19c0bb0c81e5	roboflow-coral-reef-classification-v3i	HEALTHY	False	roboflow-coral-reef-classification-v3i|HEALTHY|noflag	73.800
A249	2d41a26c5f2066d8a505bad29b30334f1c7650c15a0d75983d3bf5003b84bf68	roboflow-coral-reef-bleach-detection-v2i	UNHEALTHY	False	roboflow-coral-reef-bleach-detection-v2i|UNHEALTHY|noflag	96.385
A250	ac73ca8edd82fb915c347f559776c25c4f43b161c913e35d87bb4d96d08ac1f7	roboflow-coral-reef-bleach-detection-v2i	HEALTHY	False	roboflow-coral-reef-bleach-detection-v2i|HEALTHY|noflag	96.100
A251	720c9254b9b2e0adfbf0c03865d4d5442a575f7ca111e80b450fe2506c839d7e	roboflow-coral-bleaching-general-v1-yolov8s	UNHEALTHY	True	roboflow-coral-bleaching-general-v1-yolov8s|UNHEALTHY|flag	2.800
A252	1b2f0e6e0e3522d824fe15ad6ca37f6433b9077d838e5c3986e37ce21d48af19	roboflow-coral-classification-copy-changed-v13i	HEALTHY	False	roboflow-coral-classification-copy-changed-v13i|HEALTHY|noflag	48.412
A253	1d61cf3585c437ffb545168d94fc32028b0a5de1bdecff258741ccd7b90c1646	roboflow-coral-reef-bleach-detection-v2i	UNHEALTHY	False	roboflow-coral-reef-bleach-detection-v2i|UNHEALTHY|noflag	96.385
A254	a046f366999b3b4afdd59ad5c4e60a81a462f21855645169a10639675dfda195	roboflow-coral-bleaching-final-v6i	UNHEALTHY	False	roboflow-coral-bleaching-final-v6i|UNHEALTHY|noflag	50.882
A255	115e1b27c080899cd17dd311f7f18713d045332253c16e53cf9d3b30ece7f0b9	roboflow-coral-bleaching-final-v6i	UNHEALTHY	False	roboflow-coral-bleaching-final-v6i|UNHEALTHY|noflag	50.882
A256	455ba15fc57b8875d1b6f6653e110e389faf32387af4c4ccc0c7b46f4f0a89a3	roboflow-coral-bleaching-general-v1-yolov8s	UNHEALTHY	True	roboflow-coral-bleaching-general-v1-yolov8s|UNHEALTHY|flag	2.800
A257	bb8bee63b80e08973ff12ef541b0169b71370f55762e8a32d609184f7200c12c	roboflow-coral-bleaching-general-v1-yolov8s	HEALTHY	True	roboflow-coral-bleaching-general-v1-yolov8s|HEALTHY|flag	2.100
A258	3c5be104c949472b6cee0db6e918e186f0b311f825d51bbf845ebe733465c326	roboflow-coral-reef-bleach-detection-v2i	UNHEALTHY	False	roboflow-coral-reef-bleach-detection-v2i|UNHEALTHY|noflag	96.385
A259	dca9096e51de7ab0736e2db99670d0d7bcf6421a85fab267b1fc265f8823a75a	roboflow-coral-reef-classification-v3i	HEALTHY	False	roboflow-coral-reef-classification-v3i|HEALTHY|noflag	73.800
A260	58945eccc9aba8815dfc4c57e9a849d8bdf4c2d386828a236be687dd0c498902	roboflow-coral-classification-copy-changed-v13i	UNHEALTHY	True	roboflow-coral-classification-copy-changed-v13i|UNHEALTHY|flag	5.000
A261	f9ece1bfcc3bb2d8ce5946a0f43f894e384aaee437c9aa30d8794009e81d0973	roboflow-coral-reef-classification-v3i	UNHEALTHY	True	roboflow-coral-reef-classification-v3i|UNHEALTHY|flag	13.727
A262	88cd1d378523ef9f13dd2d84ff473a75c2398185bb90fce48a969f9ac6ee18cd	roboflow-coral-classification-copy-changed-v13i	UNHEALTHY	True	roboflow-coral-classification-copy-changed-v13i|UNHEALTHY|flag	5.000
A263	657b6dbf2400419dcdc5f662a1a097f40dd07b240df82cd334f416c679bedffe	roboflow-coral-reef-bleach-detection-v2i	HEALTHY	False	roboflow-coral-reef-bleach-detection-v2i|HEALTHY|noflag	96.100
A264	a3ab0d990746e3cf7c7f1c8b5368ec8dacbc279464e97d584cfabc355e7b1e44	roboflow-coral-reef-bleach-detection-v2i	HEALTHY	False	roboflow-coral-reef-bleach-detection-v2i|HEALTHY|noflag	96.100
A265	484ff6e75fdbbc2a2efa196f3a8dd47df16d27c10fa027523daae5120b70efe4	noaa-pifsc-bleaching	UNHEALTHY	False	noaa-pifsc-bleaching|UNHEALTHY|noflag	88.025
A266	f60de53626dd6b5d0cca0324777ccb14fe19e03be8e7319973cbe0c091ec6e13	noaa-pifsc-bleaching	HEALTHY	False	noaa-pifsc-bleaching|HEALTHY|noflag	83.000
A267	824ac5eef0c046b9c7ab0a6b6205bc7960b52cba2b1e2eb855a5dac892437f99	roboflow-coral-bleaching-general-v1-yolov8s	UNHEALTHY	False	roboflow-coral-bleaching-general-v1-yolov8s|UNHEALTHY|noflag	51.353
A268	6ec381908b36f585973b5edada74a72167aee55d051b986ceb4960aeaf91be4a	roboflow-coral-bleaching-final-v6i	UNHEALTHY	False	roboflow-coral-bleaching-final-v6i|UNHEALTHY|noflag	50.882
A269	34632e16e507b358eda37211c7b25439324c9f18be09d101e6faffab79cefd7d	roboflow-coral-bleaching-general-v1-yolov8s	UNHEALTHY	False	roboflow-coral-bleaching-general-v1-yolov8s|UNHEALTHY|noflag	51.353
A270	784622bc0e3f79bcebd71963b31cac0413f844754f0cfc298da00c34d27f7698	noaa-pifsc-bleaching	HEALTHY	False	noaa-pifsc-bleaching|HEALTHY|noflag	83.000
A271	9b64d32a5a32354f6c2eb49afed7085462944d764094ab8c10b4ba2e8d7a2a5c	noaa-pifsc-bleaching	HEALTHY	False	noaa-pifsc-bleaching|HEALTHY|noflag	83.000
A272	dd1217d3dd93ba04b1c572ae3c531152af8a78e58f86b0b049c639fa1522efa6	noaa-pifsc-bleaching	UNHEALTHY	True	noaa-pifsc-bleaching|UNHEALTHY|flag	31.538
A273	befe50adb09637caf657c7e430d18be6d30fe6dc898630b8d5ec04b0d93cf631	noaa-pifsc-bleaching	UNHEALTHY	False	noaa-pifsc-bleaching|UNHEALTHY|noflag	88.025
A274	b722fd01da42421cc2d8ff4d12fbf49e86c84fb28a50c6c967d96a4f475e7aa8	roboflow-coral-reef-classification-v3i	HEALTHY	False	roboflow-coral-reef-classification-v3i|HEALTHY|noflag	73.800
A275	6abe02c693a603a5eb8dc06ee726680e6b69cc19c1d7b53b7519a608acbd4e47	noaa-pifsc-bleaching	HEALTHY	False	noaa-pifsc-bleaching|HEALTHY|noflag	83.000
A276	7fd234050adbbae1d1f4af49909f5388579dc12332ddab330976c1f384f49ebb	noaa-pifsc-bleaching	HEALTHY	True	noaa-pifsc-bleaching|HEALTHY|flag	21.917
A277	7b5296dc9a1aa8e9374b18b7de39b99d528a1d751c6b25fdf630b71484ff27ae	roboflow-coral-classification-copy-changed-v13i	UNHEALTHY	True	roboflow-coral-classification-copy-changed-v13i|UNHEALTHY|flag	5.000
A278	3c65d3d6702450a28934062c38aea7f6be8eb4e70cea50913b700a2b8183a5db	roboflow-coral-bleaching-final-v6i	UNHEALTHY	False	roboflow-coral-bleaching-final-v6i|UNHEALTHY|noflag	50.882
A279	a2cb362e06d755f1109c66daa8ed55195c91050160e73e6471444812f240e6db	roboflow-coral-reef-classification-v3i	UNHEALTHY	False	roboflow-coral-reef-classification-v3i|UNHEALTHY|noflag	78.828
A280	494ece4b59f1e450d16655ea58ca635530c5325daab3b937d5ff4190bf43dbdd	roboflow-coral-reef-bleach-detection-v2i	HEALTHY	True	roboflow-coral-reef-bleach-detection-v2i|HEALTHY|flag	9.909
A281	491093609994af371fe1d5b51d9d242b65508f820a1fbaec110877391a52ad5d	roboflow-coral-reef-classification-v3i	HEALTHY	True	roboflow-coral-reef-classification-v3i|HEALTHY|flag	21.583
A282	2f4fdf4c48572416a22b8dea5d31f238234ed170c7bc79c46e60ba75ae3cbd59	roboflow-coral-reef-bleach-detection-v2i	UNHEALTHY	False	roboflow-coral-reef-bleach-detection-v2i|UNHEALTHY|noflag	96.385
A283	d96a4febd640063520482ac625a836a313ae5c3730cc4075ff8a1a512689b283	roboflow-coral-classification-copy-changed-v13i	UNHEALTHY	False	roboflow-coral-classification-copy-changed-v13i|UNHEALTHY|noflag	48.471
A284	9b136122b934416b36329b812b72bee49aeb2fe9b0e657914d73cf33bb6bb1fc	roboflow-coral-bleaching-final-v6i	UNHEALTHY	False	roboflow-coral-bleaching-final-v6i|UNHEALTHY|noflag	50.882
A285	a113c6c38031367384462070b31794b7088bd66147f95601251f3a5a987cef17	roboflow-coral-reef-bleach-detection-v2i	HEALTHY	False	roboflow-coral-reef-bleach-detection-v2i|HEALTHY|noflag	96.100
A286	6732f8df7ed7ef509f63e4195daaffba358400cc72d9713c6d38e3c163bbc7b9	roboflow-coral-classification-copy-changed-v13i	UNHEALTHY	False	roboflow-coral-classification-copy-changed-v13i|UNHEALTHY|noflag	48.471
A287	8e1a94b316b40e6ff857978f99cfdd60873662780cae535a09f7213ab51d0437	roboflow-coral-reef-classification-v3i	UNHEALTHY	True	roboflow-coral-reef-classification-v3i|UNHEALTHY|flag	13.727
A288	000a84280c63828bca426e61badf6dbf294949d7c35b3732c7a2878847641f61	noaa-pifsc-bleaching	HEALTHY	False	noaa-pifsc-bleaching|HEALTHY|noflag	83.000
A289	95f459ed654d5d33d5be3cc6b4387e27e5454846c7d5e40ec15fa28489a39d54	roboflow-coral-bleaching-final-v6i	HEALTHY	False	roboflow-coral-bleaching-final-v6i|HEALTHY|noflag	36.133
A290	d4cc1dd50e3ff878e2e67e8bab02d96d33f7920546475c1015670a504ad997d4	roboflow-coral-bleaching-final-v6i	HEALTHY	True	roboflow-coral-bleaching-final-v6i|HEALTHY|flag	1.300
A291	30d7553bee66a4e7f2e02f9c050f8b6e73fc7482735445d8ebea1db0940b1c3e	roboflow-coral-classification-copy-changed-v13i	UNHEALTHY	False	roboflow-coral-classification-copy-changed-v13i|UNHEALTHY|noflag	48.471
A292	219c13c12dadb2bf5eddaf04de2b91fa7cfd0d15a9ed62bcc7e583d94fa4ca87	roboflow-coral-reef-bleach-detection-v2i	HEALTHY	False	roboflow-coral-reef-bleach-detection-v2i|HEALTHY|noflag	96.100
A293	9be843f426a28c256a166dd8ef9657bc55a816ffbb2640c131b1600740389aa9	noaa-pifsc-bleaching	HEALTHY	False	noaa-pifsc-bleaching|HEALTHY|noflag	83.000
A294	bbe353fc70c8d854db29aedfa299f160d1a38970ebf611ae0057d0912759b380	noaa-pifsc-bleaching	UNHEALTHY	False	noaa-pifsc-bleaching|UNHEALTHY|noflag	88.025
A295	e2378f583444a6c1681e3c1df6f51bc0aee0034850d1f125ef0d1ec80a2b1628	roboflow-coral-reef-bleach-detection-v2i	HEALTHY	False	roboflow-coral-reef-bleach-detection-v2i|HEALTHY|noflag	96.100
A296	ba977ec5504a611dc4024b29e0326654b3cf91aa99fe6d920105be498ed3c65a	roboflow-coral-reef-bleach-detection-v2i	UNHEALTHY	False	roboflow-coral-reef-bleach-detection-v2i|UNHEALTHY|noflag	96.385
A297	b6ee2f542f7a675f649309838656b818416b7b2ea93dd34879575b3030131646	noaa-pifsc-bleaching	HEALTHY	False	noaa-pifsc-bleaching|HEALTHY|noflag	83.000
A298	ae23dfd9bd5ffaab4c30943414f7083462cbf6f88947ceef11282ed7daa09341	roboflow-coral-reef-bleach-detection-v2i	UNHEALTHY	False	roboflow-coral-reef-bleach-detection-v2i|UNHEALTHY|noflag	96.385
A299	a8511d643d8311eaaa2f583de5fbfeb273226720b77e26aa95b8427b211be64f	roboflow-coral-reef-classification-v3i	UNHEALTHY	False	roboflow-coral-reef-classification-v3i|UNHEALTHY|noflag	78.828
A300	a464c3d963102977ed7978367315a0df1726cf6288bfcbc42aede56b0312542b	roboflow-coral-reef-classification-v3i	UNHEALTHY	True	roboflow-coral-reef-classification-v3i|UNHEALTHY|flag	13.727
A301	686ce235099d1d023f042cc8000c5e9966d07c6bd6dc787f9b82bbca46e3d08a	roboflow-coral-reef-classification-v3i	HEALTHY	False	roboflow-coral-reef-classification-v3i|HEALTHY|noflag	73.800
A302	717a20cb837c69796e014e8f786febbedfc8ceda07f9c4a156b140079fa9a040	noaa-pifsc-bleaching	HEALTHY	False	noaa-pifsc-bleaching|HEALTHY|noflag	83.000
A303	2a1aeddfaf8999bfe2d48c2ddccb3ea135ce2e0b79d674a243d53138bc71cb21	noaa-pifsc-bleaching	UNHEALTHY	False	noaa-pifsc-bleaching|UNHEALTHY|noflag	88.025
A304	1d2a65cbb46ada071c5b5d8259e53a8aed6f8f55135b98b21dd419b8186df6fe	noaa-pifsc-bleaching	UNHEALTHY	False	noaa-pifsc-bleaching|UNHEALTHY|noflag	88.025
A305	a19ec7bf17c3202efd4fe992af98483bf707a170a877f5895a62506294491b8e	roboflow-coral-bleaching-general-v1-yolov8s	HEALTHY	True	roboflow-coral-bleaching-general-v1-yolov8s|HEALTHY|flag	2.100
A306	26b4a90be4b67e53e1061009c3c077285631d49a3da3a0b71c0419be3017c71a	roboflow-coral-bleaching-final-v6i	HEALTHY	False	roboflow-coral-bleaching-final-v6i|HEALTHY|noflag	36.133
A307	6b84b38a7fd83e41d34ec314c3300a0e593da8bf70612312dab8ae890615337b	noaa-pifsc-bleaching	HEALTHY	False	noaa-pifsc-bleaching|HEALTHY|noflag	83.000
A308	8bd5936f248c1f3ef40dba61a0d0eb7fd52ec29628f7321e856ca70398e1f3c6	roboflow-coral-classification-copy-changed-v13i	UNHEALTHY	True	roboflow-coral-classification-copy-changed-v13i|UNHEALTHY|flag	5.000
A309	aceeba2b77c5aa671d131ac490f9a618fe9c69ed644d91a96816154dab2f70a7	roboflow-coral-classification-copy-changed-v13i	UNHEALTHY	False	roboflow-coral-classification-copy-changed-v13i|UNHEALTHY|noflag	48.471
A310	434cb17afe20f6f872c8044f0a8d0797b477a829a8f0207a30b5aec9fb1486c2	roboflow-coral-classification-copy-changed-v13i	UNHEALTHY	False	roboflow-coral-classification-copy-changed-v13i|UNHEALTHY|noflag	48.471
A311	6b00249c56f56554d4179e78c0980c8b7ebe4c4fac9f1bce3de9b29a3b8a1cba	noaa-pifsc-bleaching	HEALTHY	False	noaa-pifsc-bleaching|HEALTHY|noflag	83.000
A312	7465e9cae7fdf1e088f0d7d4a83df21d5ed965995790c0904391eb327cdc1b6b	roboflow-coral-bleaching-final-v6i	HEALTHY	True	roboflow-coral-bleaching-final-v6i|HEALTHY|flag	1.300
A313	3d825e0c5a9810528cec347291a200c7aab3bca99590399205dee37323dffe35	roboflow-coral-classification-copy-changed-v13i	HEALTHY	False	roboflow-coral-classification-copy-changed-v13i|HEALTHY|noflag	48.412
A314	db239d54fef470639c6b49bb4c2a7b26d5a1e7be7637a822070bee8196900bbd	noaa-pifsc-bleaching	UNHEALTHY	False	noaa-pifsc-bleaching|UNHEALTHY|noflag	88.025
A315	e2f4b26f21d97a989761e3e1493e56f7a0d1a1e5fab3d02ccbc4182aad6759b3	roboflow-coral-reef-bleach-detection-v2i	HEALTHY	False	roboflow-coral-reef-bleach-detection-v2i|HEALTHY|noflag	96.100
A316	a82c83e7409839e653c8dcfab4bfea28cca833a9075b722e06034db5cb7ca45e	roboflow-coral-reef-bleach-detection-v2i	UNHEALTHY	True	roboflow-coral-reef-bleach-detection-v2i|UNHEALTHY|flag	19.000
A317	cdea47fe2d2c81f1597fdc31c0e77b88b662710a7ef9d263c2145f89af64a766	roboflow-coral-reef-classification-v3i	HEALTHY	True	roboflow-coral-reef-classification-v3i|HEALTHY|flag	21.583
A318	08b4f1f1f19f9b64b27a648e83b7fb0ca18280e8d42a639c5d05deb4a1f01726	noaa-pifsc-bleaching	HEALTHY	True	noaa-pifsc-bleaching|HEALTHY|flag	21.917
A319	0e50b009c8c4d439b483ae7dee2afec77dc829d1ae2263389babca9e5f633616	noaa-pifsc-bleaching	HEALTHY	False	noaa-pifsc-bleaching|HEALTHY|noflag	83.000
A320	49b28e20d971bd269fffe0f826a89299d661fd83495cd6851a4e2915b4b64ef9	roboflow-coral-classification-copy-changed-v13i	HEALTHY	True	roboflow-coral-classification-copy-changed-v13i|HEALTHY|flag	3.200
A321	07b1cb6e466eb8a8cf481dbf2ee32175d9cf0f05f8be00cd63d9597a2bdec5a4	roboflow-coral-reef-classification-v3i	UNHEALTHY	False	roboflow-coral-reef-classification-v3i|UNHEALTHY|noflag	78.828
A322	502fa7a2e50f9d22f0af346ae4052064d55b9d75235030e59ea0f48646c224a1	roboflow-coral-classification-copy-changed-v13i	HEALTHY	False	roboflow-coral-classification-copy-changed-v13i|HEALTHY|noflag	48.412
A323	79b7485510dded7f5b8f84041e2194cfbaeb64e5b29a12da4a1c83f6b76d9adf	roboflow-coral-reef-bleach-detection-v2i	UNHEALTHY	False	roboflow-coral-reef-bleach-detection-v2i|UNHEALTHY|noflag	96.385
A324	f07a12648e8647ea81abba6f1d386533513138f9edda3620c6e90aa536b01042	roboflow-coral-reef-classification-v3i	UNHEALTHY	True	roboflow-coral-reef-classification-v3i|UNHEALTHY|flag	13.727
A325	519285b0e3e907dcc2c43a8fc354f9af90fca6dccd2ebe9295e6429f8c6b2d1a	roboflow-coral-reef-classification-v3i	HEALTHY	True	roboflow-coral-reef-classification-v3i|HEALTHY|flag	21.583
A326	5afb4c77b8f8c4626b568b272605ef8b1863744a5af9143ec633ad4c23e7e783	noaa-pifsc-bleaching	HEALTHY	False	noaa-pifsc-bleaching|HEALTHY|noflag	83.000
A327	cae714828143f79620aebdf8850c12241aceef5fe015e94898f6472eb6dd1b33	roboflow-coral-reef-classification-v3i	UNHEALTHY	False	roboflow-coral-reef-classification-v3i|UNHEALTHY|noflag	78.828
A328	1e38d776ac57e3ef6bcb1434bd39aec094510f1388e43177b8bd220fc5fd8691	noaa-pifsc-bleaching	UNHEALTHY	True	noaa-pifsc-bleaching|UNHEALTHY|flag	31.538
A329	2cedac8ad02805bed3fdaa80562ce222ea3a78be7f377dc51bf345e49a42180e	roboflow-coral-reef-bleach-detection-v2i	HEALTHY	True	roboflow-coral-reef-bleach-detection-v2i|HEALTHY|flag	9.909
A330	bf9ed16ea445563650fe0aa53412220d1521e1ec5c5db748981d23364e2bead6	roboflow-coral-reef-classification-v3i	UNHEALTHY	False	roboflow-coral-reef-classification-v3i|UNHEALTHY|noflag	78.828
A331	f61bb4c0c662651dce44c27ef4796461846efb85f064a7b89c587969a6ad2d6b	noaa-pifsc-bleaching	UNHEALTHY	False	noaa-pifsc-bleaching|UNHEALTHY|noflag	88.025
A332	c63b6aab2fce091f9449f17205e2d8102756f7ac9145554d42f4d4476d1c1a15	roboflow-coral-reef-bleach-detection-v2i	HEALTHY	True	roboflow-coral-reef-bleach-detection-v2i|HEALTHY|flag	9.909
A333	7654790d141e2bea08d7b25d2ecda28331f201df862d4f91860601a1fb8f8953	roboflow-coral-reef-bleach-detection-v2i	HEALTHY	False	roboflow-coral-reef-bleach-detection-v2i|HEALTHY|noflag	96.100
A334	62e8d3b740d6d3d249cf20b7f53fc6a2f4d0338b0c77471f6dca241bbe02a4ff	roboflow-coral-reef-bleach-detection-v2i	HEALTHY	False	roboflow-coral-reef-bleach-detection-v2i|HEALTHY|noflag	96.100
A335	1552b4311a39199c0d295b4cd4f325e93a9ae8fac3c4d96dfe2337333e5ae106	noaa-pifsc-bleaching	UNHEALTHY	False	noaa-pifsc-bleaching|UNHEALTHY|noflag	88.025
A336	9977f558b1ea322115b178085f0aeddc99440da9e896c376d1224ea9f64470f3	roboflow-coral-reef-bleach-detection-v2i	UNHEALTHY	False	roboflow-coral-reef-bleach-detection-v2i|UNHEALTHY|noflag	96.385
A337	e6e27f434a3d4b1b7f42115192af0a7bb2baa61fbbe9b7865eb57d39be504cc4	roboflow-coral-bleaching-general-v1-yolov8s	UNHEALTHY	True	roboflow-coral-bleaching-general-v1-yolov8s|UNHEALTHY|flag	2.800
A338	6efdc66067e5b39ecbef54b174460cabb1c4f9cf19fae4c547ea646182531990	noaa-pifsc-bleaching	HEALTHY	True	noaa-pifsc-bleaching|HEALTHY|flag	21.917
A339	9e602a9daaf5037f1fe337489e957a81262ba5e085dac09497490db44b03d997	roboflow-coral-reef-bleach-detection-v2i	UNHEALTHY	False	roboflow-coral-reef-bleach-detection-v2i|UNHEALTHY|noflag	96.385
A340	8474b98ad141b1ec381903bd4c4d92a7cb48d37268fd9a7e6e1a2d064a479d06	roboflow-coral-bleaching-final-v6i	HEALTHY	True	roboflow-coral-bleaching-final-v6i|HEALTHY|flag	1.300
A341	02aca65d1f0062b67872281274689ebd815aaa4e1188cf5c1d5890cb6902afcf	roboflow-coral-reef-classification-v3i	HEALTHY	False	roboflow-coral-reef-classification-v3i|HEALTHY|noflag	73.800
A342	b9be026f28a4696a118fd77b75ec5c4106de7e11024b33adb32c83955b6ee3fc	roboflow-coral-reef-classification-v3i	UNHEALTHY	False	roboflow-coral-reef-classification-v3i|UNHEALTHY|noflag	78.828
A343	1e268ce0b1a28a952328330df25cd6ebb8e80b1332d0e67aad36ee99d79faa10	noaa-pifsc-bleaching	HEALTHY	False	noaa-pifsc-bleaching|HEALTHY|noflag	83.000
A344	e448a1e80dcca83759c134f9e554c9fae0cda5ef678c34009d34a5b9f79180dd	noaa-pifsc-bleaching	HEALTHY	True	noaa-pifsc-bleaching|HEALTHY|flag	21.917
A345	04a3d791a4226b693d2a660aaf4689bac66546379f0867ac99d4abf1c53c966b	roboflow-coral-reef-bleach-detection-v2i	HEALTHY	True	roboflow-coral-reef-bleach-detection-v2i|HEALTHY|flag	9.909
A346	80db13a9721e900f542235e0532a44dc65e98d15cf666f2ab268d32847a12955	roboflow-coral-bleaching-general-v1-yolov8s	HEALTHY	True	roboflow-coral-bleaching-general-v1-yolov8s|HEALTHY|flag	2.100
A347	1f412b0088f43c65b164ba2b4b6d2ddc1315fd77dcb12aea7919714f0ccfa3f5	roboflow-coral-reef-classification-v3i	UNHEALTHY	False	roboflow-coral-reef-classification-v3i|UNHEALTHY|noflag	78.828
A348	779406c0c48163433a0d301da854f454fa230906ab1e9afa6396b52ff2d2cb59	roboflow-coral-bleaching-general-v1-yolov8s	UNHEALTHY	False	roboflow-coral-bleaching-general-v1-yolov8s|UNHEALTHY|noflag	51.353
A349	e782acfe0a7aee07a64ff682d7a5e7cc2b0e8d0b45861df7fda864dab85d2d0d	roboflow-coral-classification-copy-changed-v13i	HEALTHY	False	roboflow-coral-classification-copy-changed-v13i|HEALTHY|noflag	48.412
A350	3e57e6182a511334a1c1f5641b08bcc5e881b1c56cfbcf2273f96375681e81c3	roboflow-coral-classification-copy-changed-v13i	UNHEALTHY	True	roboflow-coral-classification-copy-changed-v13i|UNHEALTHY|flag	5.000
A351	212c7192437948e9e61bbf951e9bd831ff2a7dae5c692009b5e8eb84f735e697	roboflow-coral-reef-bleach-detection-v2i	HEALTHY	False	roboflow-coral-reef-bleach-detection-v2i|HEALTHY|noflag	96.100
A352	6d84908958e676b3a6ed17e1b044759349c54ae56652b293caf5d5aeeebe14c6	roboflow-coral-bleaching-final-v6i	UNHEALTHY	False	roboflow-coral-bleaching-final-v6i|UNHEALTHY|noflag	50.882
A353	6ddd4806e44e6f39a2daeb2e1a8390ecec9fd19e57c9e2c16be57d15d79dd47f	roboflow-coral-reef-bleach-detection-v2i	HEALTHY	False	roboflow-coral-reef-bleach-detection-v2i|HEALTHY|noflag	96.100
A354	557d9206b25f51b0097343202764c57fc685d8d8c01eda277265f23e0e3eea34	noaa-pifsc-bleaching	UNHEALTHY	False	noaa-pifsc-bleaching|UNHEALTHY|noflag	88.025
A355	b4ef25c2ddab38972f1199ecc965633f94ca45d82a74795dc4694ea92d425791	roboflow-coral-reef-bleach-detection-v2i	HEALTHY	True	roboflow-coral-reef-bleach-detection-v2i|HEALTHY|flag	9.909
A356	78b11a23a92d30f62cc01670948e4409f5c9282774310a725e8ae9c2e8eeff69	roboflow-coral-reef-classification-v3i	HEALTHY	False	roboflow-coral-reef-classification-v3i|HEALTHY|noflag	73.800
A357	d640efc8a834467930259ed633f3c13c7b8455e027cfebbb1aae0090a0051cf9	noaa-pifsc-bleaching	HEALTHY	False	noaa-pifsc-bleaching|HEALTHY|noflag	83.000
A358	2151e6102dc356a17fc65200449bd88b6355a9e74e956fff183ff3e52a3482e3	roboflow-coral-reef-classification-v3i	HEALTHY	False	roboflow-coral-reef-classification-v3i|HEALTHY|noflag	73.800
A359	a25f1acf5be4585ea10705b5cdceb5827336f1c3c606f523aa3fc2b5301a5824	roboflow-coral-bleaching-general-v1-yolov8s	HEALTHY	False	roboflow-coral-bleaching-general-v1-yolov8s|HEALTHY|noflag	36.600
A360	a27e38fc6b7b53f88dda117344d4830930abf5516b890fb5de53f2999696473d	roboflow-coral-reef-classification-v3i	UNHEALTHY	False	roboflow-coral-reef-classification-v3i|UNHEALTHY|noflag	78.828
A361	eb9138aa13f6fb47e46be10418ab16f2676738b968c9b6b7e2c04c4905fc4be3	noaa-pifsc-bleaching	HEALTHY	False	noaa-pifsc-bleaching|HEALTHY|noflag	83.000
A362	44016289252f0385fd6cc5661396fc10499ce32ff964ec7c89351c1c304bc905	roboflow-coral-classification-copy-changed-v13i	HEALTHY	False	roboflow-coral-classification-copy-changed-v13i|HEALTHY|noflag	48.412
A363	d8eba97c8faf786c88e6b3b977da128cbb8d9a67fe652b846606b73aca9fc887	noaa-pifsc-bleaching	HEALTHY	False	noaa-pifsc-bleaching|HEALTHY|noflag	83.000
A364	45ffdb5450a61520abff47046762b9f11fe0d964cb59f68c97c19aad86ee288a	roboflow-coral-reef-classification-v3i	UNHEALTHY	False	roboflow-coral-reef-classification-v3i|UNHEALTHY|noflag	78.828
A365	6fe78c07168e5bb6418cb492f93fcfd5a1b394dcc5bf2b4557d5b56def4a0438	roboflow-coral-bleaching-final-v6i	HEALTHY	False	roboflow-coral-bleaching-final-v6i|HEALTHY|noflag	36.133
A366	1dd8aac1e7500b15d6edcd57e1fb1e9fd03fa9ec3ae86ef7838acc76dba79a43	roboflow-coral-reef-bleach-detection-v2i	HEALTHY	False	roboflow-coral-reef-bleach-detection-v2i|HEALTHY|noflag	96.100
A367	0770ad9936748052c5f16ebe254a22d0cc38feb53fbbd63b11d670e1b1ba8019	roboflow-coral-reef-bleach-detection-v2i	UNHEALTHY	False	roboflow-coral-reef-bleach-detection-v2i|UNHEALTHY|noflag	96.385
A368	d4cfc8eb3043d000716bd8b3ea0e66011543b0f88a2e347dd8757bc4fd27338c	roboflow-coral-reef-classification-v3i	HEALTHY	True	roboflow-coral-reef-classification-v3i|HEALTHY|flag	21.583
A369	acf245d9551f50266d8d6fb5774d06bb968741cb122eb3169597bdc994a08238	noaa-pifsc-bleaching	HEALTHY	False	noaa-pifsc-bleaching|HEALTHY|noflag	83.000
A370	194bf6202d4acc2c75a4b6e24119dc9a4842e7a304e324572bef8d675ac952e6	noaa-pifsc-bleaching	HEALTHY	False	noaa-pifsc-bleaching|HEALTHY|noflag	83.000
A371	b7837f8a719025d0eccfe6c88d81df44b685ea1eccd0c8ebd627a15d5ac38aac	roboflow-coral-bleaching-general-v1-yolov8s	UNHEALTHY	True	roboflow-coral-bleaching-general-v1-yolov8s|UNHEALTHY|flag	2.800
A372	308157918873a2a24e2c1c05b9cfc5c24ea8e9179dc5105012461c60db3ea43e	roboflow-coral-reef-bleach-detection-v2i	HEALTHY	False	roboflow-coral-reef-bleach-detection-v2i|HEALTHY|noflag	96.100
A373	4d4c170a3654dc162fbe910b66cdf56fab1d1fecf01232a425e17509813481e6	roboflow-coral-reef-classification-v3i	HEALTHY	False	roboflow-coral-reef-classification-v3i|HEALTHY|noflag	73.800
A374	70adb3fb7a1e565197fc46f625d1b8de08251b91f6a1c9b8e9a3e581b787a114	roboflow-coral-bleaching-general-v1-yolov8s	HEALTHY	True	roboflow-coral-bleaching-general-v1-yolov8s|HEALTHY|flag	2.100
A375	5f879728e595446a88df1f89406f0d1aca55965f7edce7be7322473d5516f56d	roboflow-coral-reef-bleach-detection-v2i	HEALTHY	False	roboflow-coral-reef-bleach-detection-v2i|HEALTHY|noflag	96.100
A376	a4a26dbc885b4ea310e80c03b7ba30a7e73302f52d83779f29d04f86a79a8d7a	roboflow-coral-reef-bleach-detection-v2i	UNHEALTHY	True	roboflow-coral-reef-bleach-detection-v2i|UNHEALTHY|flag	19.000
A377	e11d3ab218d2a828649086761c7b596401eecc1de41019f087f289d5b9f30ee8	roboflow-coral-classification-copy-changed-v13i	UNHEALTHY	False	roboflow-coral-classification-copy-changed-v13i|UNHEALTHY|noflag	48.471
A378	56f192b0994168d782f8999363ef599b70680def2358fde1b72f91846703dec7	roboflow-coral-bleaching-final-v6i	UNHEALTHY	False	roboflow-coral-bleaching-final-v6i|UNHEALTHY|noflag	50.882
A379	79cec80047fec3c7e471c517114daee1d2e2dc80605353c55f187b6f8e0ac9d5	noaa-pifsc-bleaching	HEALTHY	False	noaa-pifsc-bleaching|HEALTHY|noflag	83.000
A380	a77222b52eb68286a28d524461117933740cb609ef2ad26bfe0512bcf655281d	roboflow-coral-reef-bleach-detection-v2i	UNHEALTHY	False	roboflow-coral-reef-bleach-detection-v2i|UNHEALTHY|noflag	96.385
A381	38742e82da1527e301cf47f2f9828bf4222106959d9580be29be5de3bf50def0	roboflow-coral-classification-copy-changed-v13i	UNHEALTHY	True	roboflow-coral-classification-copy-changed-v13i|UNHEALTHY|flag	5.000
A382	911bb85995d11adb63493bcd35e6a885113cab8462b68a0fd55f61df3f8d89cc	roboflow-coral-bleaching-general-v1-yolov8s	HEALTHY	False	roboflow-coral-bleaching-general-v1-yolov8s|HEALTHY|noflag	36.600
A383	d88cc8b870edb387a73f48c2a034293224f664871f2b5f50274b659f38525964	roboflow-coral-bleaching-general-v1-yolov8s	HEALTHY	False	roboflow-coral-bleaching-general-v1-yolov8s|HEALTHY|noflag	36.600
A384	1de6e2b9e9e85118749ae94c60f7e5e4c353b642fc9b0a6808ad9b9b15e5dada	noaa-pifsc-bleaching	UNHEALTHY	False	noaa-pifsc-bleaching|UNHEALTHY|noflag	88.025
A385	28c2ce7069ea2b3a7ca5bbed13a295266f9d9382b51b1113204e4375d075fc40	roboflow-coral-bleaching-final-v6i	UNHEALTHY	False	roboflow-coral-bleaching-final-v6i|UNHEALTHY|noflag	50.882
A386	0c5364de2c5850d083654564a6eaf7f20eec27f7bc5e4da72a5ea822d179a366	roboflow-coral-reef-bleach-detection-v2i	HEALTHY	False	roboflow-coral-reef-bleach-detection-v2i|HEALTHY|noflag	96.100
A387	c60485a316c1575b75e260875ad11dceeb848815d724f473fa811e8bb31e8d56	roboflow-coral-reef-bleach-detection-v2i	UNHEALTHY	False	roboflow-coral-reef-bleach-detection-v2i|UNHEALTHY|noflag	96.385
A388	e6d683f9b971e866833157cadca4df6adbfbca3e256d450352b243783a34eb02	roboflow-coral-reef-bleach-detection-v2i	UNHEALTHY	False	roboflow-coral-reef-bleach-detection-v2i|UNHEALTHY|noflag	96.385
A389	9b428a2dbe93ef3ccbf69b3508789af0b0e579d64e88169ed6df0989630f98b3	roboflow-coral-reef-bleach-detection-v2i	HEALTHY	False	roboflow-coral-reef-bleach-detection-v2i|HEALTHY|noflag	96.100
A390	45692399637e471508bb189d19e948a05587e948aa2a9dd5a90e226482794e35	roboflow-coral-reef-bleach-detection-v2i	HEALTHY	False	roboflow-coral-reef-bleach-detection-v2i|HEALTHY|noflag	96.100
A391	a844b1b4a484e3c4e6f65c6c1de98bff66e948d884fe9f0dac1ba424af86ffdf	roboflow-coral-reef-bleach-detection-v2i	UNHEALTHY	False	roboflow-coral-reef-bleach-detection-v2i|UNHEALTHY|noflag	96.385
A392	74f63b5e3c3ec0fc24c42f8c97bafd872b2169d2440c910844878d6ea88f3017	roboflow-coral-reef-bleach-detection-v2i	HEALTHY	False	roboflow-coral-reef-bleach-detection-v2i|HEALTHY|noflag	96.100
A393	1853de6cbae733e87145c25620eec32ad6d96dcc9012193ec588b5e9578e792b	roboflow-coral-classification-copy-changed-v13i	HEALTHY	True	roboflow-coral-classification-copy-changed-v13i|HEALTHY|flag	3.200
A394	9bb72cf4b7763960d89d01df67fed727e4e74589cd7f7ddee2e88fb4170e152b	roboflow-coral-reef-bleach-detection-v2i	UNHEALTHY	False	roboflow-coral-reef-bleach-detection-v2i|UNHEALTHY|noflag	96.385
A395	695b50a1b46e13a70c9c0069bfc8dd969b744bfae1d359d2f3ae8679ec2dda5f	roboflow-coral-reef-bleach-detection-v2i	HEALTHY	False	roboflow-coral-reef-bleach-detection-v2i|HEALTHY|noflag	96.100
A396	d16308334eda5cec57fd19e286005fa44e5901068a6a6a0eae2bf32ff6dd877f	noaa-pifsc-bleaching	HEALTHY	False	noaa-pifsc-bleaching|HEALTHY|noflag	83.000
A397	4931e5c78630229b5d3901bfb60cd47758ff0c6b0be2cb4ce7a7a4e945129a12	roboflow-coral-bleaching-general-v1-yolov8s	UNHEALTHY	False	roboflow-coral-bleaching-general-v1-yolov8s|UNHEALTHY|noflag	51.353
A398	acca410a4cf541a8e250c6a1bf02898b5b42ea1b00fe8d3b84d1af8316937e4f	roboflow-coral-reef-bleach-detection-v2i	HEALTHY	False	roboflow-coral-reef-bleach-detection-v2i|HEALTHY|noflag	96.100
A399	9d4dcfd0a4bb0da9e1a5e63f53ed73da2ab4fe62123c245eb0ef643f8fa5bd82	roboflow-coral-reef-classification-v3i	HEALTHY	False	roboflow-coral-reef-classification-v3i|HEALTHY|noflag	73.800
A400	cb53b78831f5c5ca75f116227dfaab3020d1beb34f63e129517c4493ac14a7c9	noaa-pifsc-bleaching	UNHEALTHY	False	noaa-pifsc-bleaching|UNHEALTHY|noflag	88.025
A401	7e6079d39f90a0d80a635da47cf15de42b07d849fff5e81611dcffb2e7605370	noaa-pifsc-bleaching	UNHEALTHY	False	noaa-pifsc-bleaching|UNHEALTHY|noflag	88.025
A402	f8575ac7cb11ddbfc127a217a1045abc426c32c026c50a7e5965908a7e3327a3	roboflow-coral-bleaching-final-v6i	HEALTHY	False	roboflow-coral-bleaching-final-v6i|HEALTHY|noflag	36.133
A403	b9b71c4e87cc9ae800b2ed1287aa5fde29569d22919f4b34403e48a9267c49e9	roboflow-coral-bleaching-general-v1-yolov8s	UNHEALTHY	False	roboflow-coral-bleaching-general-v1-yolov8s|UNHEALTHY|noflag	51.353
A404	0fd1ca590f3afa9e9b8ade72847d178ab5f6b5541d67c9c8827a2cdc8a7d2219	noaa-pifsc-bleaching	UNHEALTHY	False	noaa-pifsc-bleaching|UNHEALTHY|noflag	88.025
A405	c866fa5fb5d9937e90c15effa3e643227cf8eef1eabe8d16527f4b0dc66c6723	noaa-pifsc-bleaching	HEALTHY	False	noaa-pifsc-bleaching|HEALTHY|noflag	83.000
A406	1ebeb5158375faf88784142471692bdad7386162e1aadb1082b3cd00e3acc947	roboflow-coral-reef-bleach-detection-v2i	HEALTHY	True	roboflow-coral-reef-bleach-detection-v2i|HEALTHY|flag	9.909
A407	2548b3ad18f9458bd526d904344c361378811b3701d8dd564f2ebf911dac2117	roboflow-coral-reef-bleach-detection-v2i	HEALTHY	False	roboflow-coral-reef-bleach-detection-v2i|HEALTHY|noflag	96.100
A408	58f64341e2cb9174c427f945d25917631816b2d65806435ee4249407de953c3d	roboflow-coral-reef-bleach-detection-v2i	UNHEALTHY	False	roboflow-coral-reef-bleach-detection-v2i|UNHEALTHY|noflag	96.385
A409	cf11337eadf4c15a056358c3796f280539f5429ca47e57794509e559a371ba80	noaa-pifsc-bleaching	HEALTHY	True	noaa-pifsc-bleaching|HEALTHY|flag	21.917
A410	e19a41b377dc9f96bdca78d0d9daaadd3c20a26f540da155c96271ab8ed0ff39	roboflow-coral-bleaching-final-v6i	HEALTHY	False	roboflow-coral-bleaching-final-v6i|HEALTHY|noflag	36.133
A411	83149be337972f0fed220e0b48b51f118bed311b0c1cd0a37feabacffc9328f6	roboflow-coral-bleaching-final-v6i	UNHEALTHY	True	roboflow-coral-bleaching-final-v6i|UNHEALTHY|flag	3.200
A412	a85d805b454c5de621574dca97fd34606f3be7514722d34b58b80deb973c74aa	roboflow-coral-reef-bleach-detection-v2i	UNHEALTHY	False	roboflow-coral-reef-bleach-detection-v2i|UNHEALTHY|noflag	96.385
A413	af18f2601ad2562d2bf3f321859ae00dd7604e998fcfe1916576f0112865fcd1	roboflow-coral-classification-copy-changed-v13i	HEALTHY	False	roboflow-coral-classification-copy-changed-v13i|HEALTHY|noflag	48.412
A414	41e1cf468f0d3d4d5e021e2f34823eb2f9bdd1c211aa0bf2cfcd0210234e89e4	roboflow-coral-reef-classification-v3i	UNHEALTHY	False	roboflow-coral-reef-classification-v3i|UNHEALTHY|noflag	78.828
A415	822a040b715b93f26845e1271189212e98ddf249d1366617211e1c6f01111cee	roboflow-coral-bleaching-final-v6i	HEALTHY	False	roboflow-coral-bleaching-final-v6i|HEALTHY|noflag	36.133
A416	ca1c57c12a376359ef21fb568b639fb4a35f43cd4ca224f1f771f72186414272	roboflow-coral-reef-classification-v3i	UNHEALTHY	True	roboflow-coral-reef-classification-v3i|UNHEALTHY|flag	13.727
A417	7a12d27d2b915865f7b9975711d9d7bef26be00b69b255bb75cbef1e6cca1ccb	roboflow-coral-reef-bleach-detection-v2i	UNHEALTHY	False	roboflow-coral-reef-bleach-detection-v2i|UNHEALTHY|noflag	96.385
A418	5d053980cde1d3965816995cb79c9213518f2f8db16e72bb67bba9a227cd8c3a	noaa-pifsc-bleaching	UNHEALTHY	False	noaa-pifsc-bleaching|UNHEALTHY|noflag	88.025
A419	6fd7782f847c5374077cd4080387945dfa8b89a7fe51f942ec77adc5f04fbd15	roboflow-coral-reef-classification-v3i	UNHEALTHY	True	roboflow-coral-reef-classification-v3i|UNHEALTHY|flag	13.727
A420	6ebe656a94fb75c1eacc31a19d012a13359b836922ec1551a16130c2618cb6fd	noaa-pifsc-bleaching	UNHEALTHY	True	noaa-pifsc-bleaching|UNHEALTHY|flag	31.538
A421	90d258ca4656ccf9672030c5074502dbc3fe83c35164ac030a256aec7758a588	roboflow-coral-classification-copy-changed-v13i	HEALTHY	False	roboflow-coral-classification-copy-changed-v13i|HEALTHY|noflag	48.412
A422	5fe3c280ab57f1ac29cd6263bd90af852b37a0d847cce1426052f5433a24ba6a	noaa-pifsc-bleaching	UNHEALTHY	True	noaa-pifsc-bleaching|UNHEALTHY|flag	31.538
A423	41b734df408233ff8210c0d396bd049a6337a7457fd8b56a9773043f5790ca42	roboflow-coral-reef-bleach-detection-v2i	HEALTHY	False	roboflow-coral-reef-bleach-detection-v2i|HEALTHY|noflag	96.100
A424	46fa1ffaf0e9a365d9abe8f3fc2f8113093f8394798dd3629bbf1a0fc43e17b2	roboflow-coral-reef-bleach-detection-v2i	UNHEALTHY	False	roboflow-coral-reef-bleach-detection-v2i|UNHEALTHY|noflag	96.385
A425	0df3105d802fdddc8f6e9727873d3d812062a2141d8c4f5ed546ffbff24429b8	roboflow-coral-reef-bleach-detection-v2i	HEALTHY	False	roboflow-coral-reef-bleach-detection-v2i|HEALTHY|noflag	96.100
A426	d1732906d2960467d4c86b0fa70102ece5f4a6724fc1e145a4a21aa90d07f49a	noaa-pifsc-bleaching	HEALTHY	False	noaa-pifsc-bleaching|HEALTHY|noflag	83.000
A427	3fa11ea512769463a6fd05444382a9ca3ac91d04ae04fd9fba7356413998f988	noaa-pifsc-bleaching	HEALTHY	False	noaa-pifsc-bleaching|HEALTHY|noflag	83.000
A428	88aac2e8f07989181ffdf9983c8ea42fa835ecdde08a15e4ef5ddd62654dd7f6	noaa-pifsc-bleaching	HEALTHY	False	noaa-pifsc-bleaching|HEALTHY|noflag	83.000
A429	aa9ec371f37139d6c1ade72139c960ba5125490b26e9853781c80c57b34315bf	roboflow-coral-reef-bleach-detection-v2i	UNHEALTHY	False	roboflow-coral-reef-bleach-detection-v2i|UNHEALTHY|noflag	96.385
A430	0f41a1b6ffaf850ba21c15737041bb7b4070525d5f58d602722ff93af369b5f7	noaa-pifsc-bleaching	HEALTHY	False	noaa-pifsc-bleaching|HEALTHY|noflag	83.000
A431	c75f1e3a5e2040e35a4005fba307d0faf31c6f380bc58cedd0d07d4b3f76fc44	roboflow-coral-bleaching-general-v1-yolov8s	HEALTHY	False	roboflow-coral-bleaching-general-v1-yolov8s|HEALTHY|noflag	36.600
A432	522d32a1bece46727f15f084b17971e04f6c9766ad78783d31db72b2048047a6	roboflow-coral-reef-bleach-detection-v2i	UNHEALTHY	False	roboflow-coral-reef-bleach-detection-v2i|UNHEALTHY|noflag	96.385
A433	93cce6f623b6363b24d7e05a95e26bae95d491d48f16a366517e720e5fbd4cab	roboflow-coral-bleaching-final-v6i	HEALTHY	False	roboflow-coral-bleaching-final-v6i|HEALTHY|noflag	36.133
A434	e0f0ca20fbf5a3b1a0e698b81837afce96b4fe26a531dda5814d0119f86cb065	roboflow-coral-bleaching-general-v1-yolov8s	UNHEALTHY	False	roboflow-coral-bleaching-general-v1-yolov8s|UNHEALTHY|noflag	51.353
A435	e5060a2470e369f0b0af550aae476f0dd4433c3e84bf04d5b44f394218970f94	noaa-pifsc-bleaching	UNHEALTHY	False	noaa-pifsc-bleaching|UNHEALTHY|noflag	88.025
A436	0070df20b144bfa394b886d63ef03497cb450d0c3487d985b3850cf9b11380d6	roboflow-coral-bleaching-final-v6i	UNHEALTHY	False	roboflow-coral-bleaching-final-v6i|UNHEALTHY|noflag	50.882
A437	4a7729b08eac8a3bc11c49d68c6bcb9dc238ce8a3350504c6b343446429760e1	noaa-pifsc-bleaching	HEALTHY	False	noaa-pifsc-bleaching|HEALTHY|noflag	83.000
A438	20ed6be60f4edf692ad0a25beaa286d4147cd6e6e2f5d5fc0975e3444e6984cb	noaa-pifsc-bleaching	UNHEALTHY	False	noaa-pifsc-bleaching|UNHEALTHY|noflag	88.025
A439	93ab74d453e1598138ce6f0af2c003b1ad4fdce4b4e6dde6d3f2bf9c6fd337b4	roboflow-coral-reef-bleach-detection-v2i	UNHEALTHY	False	roboflow-coral-reef-bleach-detection-v2i|UNHEALTHY|noflag	96.385
A440	5de025d1986188fd9cafdb4552a7c9054efd575e33dfdbb75e2e48557d588e34	roboflow-coral-bleaching-final-v6i	UNHEALTHY	True	roboflow-coral-bleaching-final-v6i|UNHEALTHY|flag	3.200
A441	783869889177f4e716fc6dcf2104ca52f69f223b9da3199b5939ebc175831147	roboflow-coral-reef-bleach-detection-v2i	HEALTHY	False	roboflow-coral-reef-bleach-detection-v2i|HEALTHY|noflag	96.100
A442	c397003bf4ed9b08b1ca0205868907ec27eedb0de6f107459972d45cd6919976	noaa-pifsc-bleaching	UNHEALTHY	False	noaa-pifsc-bleaching|UNHEALTHY|noflag	88.025
A443	433781e102ee0cc4ebe86efbf3b52d04b59369a67adf0199cc5b9abe25487898	roboflow-coral-reef-classification-v3i	HEALTHY	False	roboflow-coral-reef-classification-v3i|HEALTHY|noflag	73.800
A444	6c79a5a1c45e1ee2861919fc8a69e770a94bc5de4a50481f66b6383b04984587	noaa-pifsc-bleaching	HEALTHY	True	noaa-pifsc-bleaching|HEALTHY|flag	21.917
A445	80db13a9721e900f542235e0532a44dc65e98d15cf666f2ab268d32847a12955	roboflow-coral-classification-copy-changed-v13i	HEALTHY	True	roboflow-coral-classification-copy-changed-v13i|HEALTHY|flag	3.200
A446	18414d32630e954a65bc873e65933e75fb5fd7dcbc16449947da967716e64be6	roboflow-coral-reef-bleach-detection-v2i	UNHEALTHY	False	roboflow-coral-reef-bleach-detection-v2i|UNHEALTHY|noflag	96.385
A447	f936595aa5feb6029a4ca601fc53fd0295390fb28117876ca2434e7664d1b0cc	noaa-pifsc-bleaching	UNHEALTHY	False	noaa-pifsc-bleaching|UNHEALTHY|noflag	88.025
A448	f68f81dfd950fc9f5432c154d315c65cb3ed2caf1194022e8a28dfc6deda5e17	roboflow-coral-reef-bleach-detection-v2i	UNHEALTHY	False	roboflow-coral-reef-bleach-detection-v2i|UNHEALTHY|noflag	96.385
A449	e1f947c45e3966ae8074833548b8080439fed526f0c1f37178489c9ec9aed434	roboflow-coral-reef-bleach-detection-v2i	HEALTHY	False	roboflow-coral-reef-bleach-detection-v2i|HEALTHY|noflag	96.100
A450	72525b681ecb97423d175ba44fc3f82b9e4ba7a3c0e69066875b7ae9a38041c3	noaa-pifsc-bleaching	HEALTHY	False	noaa-pifsc-bleaching|HEALTHY|noflag	83.000
A451	0f2800f6384f1cb2279ae92bd5022a2dc95b54fd3d2c18d6c80a91168f80ab47	roboflow-coral-reef-classification-v3i	HEALTHY	False	roboflow-coral-reef-classification-v3i|HEALTHY|noflag	73.800
A452	df4711145be922968f851ab464dda6accfa31c12f729e9328b69dd88e2d1c617	noaa-pifsc-bleaching	HEALTHY	False	noaa-pifsc-bleaching|HEALTHY|noflag	83.000
A453	c791196041b2814d8e9a8ef9dc2d658c2bc1a42f6855b60fba36319ed342da9e	roboflow-coral-classification-copy-changed-v13i	HEALTHY	False	roboflow-coral-classification-copy-changed-v13i|HEALTHY|noflag	48.412
A454	f2aa35324a38c122ea601427504b3204a89525fd3ffb1b7923049f79dc47fa3f	roboflow-coral-reef-classification-v3i	UNHEALTHY	True	roboflow-coral-reef-classification-v3i|UNHEALTHY|flag	13.727
A455	216af084b3f22453cacf34cf583cc4d958336a965be040a55c48f55e6fc095b8	roboflow-coral-reef-classification-v3i	UNHEALTHY	False	roboflow-coral-reef-classification-v3i|UNHEALTHY|noflag	78.828
A456	b3655b4f643d7bb5b5088a04c1fdbf2351e9dcb17806536250c89b5289c8371b	roboflow-coral-bleaching-final-v6i	HEALTHY	True	roboflow-coral-bleaching-final-v6i|HEALTHY|flag	1.300
A457	5e527c771a0e5014a01737214a7df24d31691beb7a8b0cc871967c205fbf6ee3	roboflow-coral-bleaching-general-v1-yolov8s	HEALTHY	True	roboflow-coral-bleaching-general-v1-yolov8s|HEALTHY|flag	2.100
A458	ad16642365395de60f3dca8be24c0a0982328af05df98de729c571fff4e1f90c	noaa-pifsc-bleaching	HEALTHY	False	noaa-pifsc-bleaching|HEALTHY|noflag	83.000
A459	949c21a79c40fe37065bc8ac8d89a56f970cbe7a154dcf345457cecda99c0bcd	roboflow-coral-reef-bleach-detection-v2i	HEALTHY	False	roboflow-coral-reef-bleach-detection-v2i|HEALTHY|noflag	96.100
A460	201d476ceafddc9c6cd522de6890a3c85840e539677e46e667c55d5282b3760f	roboflow-coral-reef-classification-v3i	UNHEALTHY	False	roboflow-coral-reef-classification-v3i|UNHEALTHY|noflag	78.828
A461	3aa7d410d7a3c03fcb30a5fd86e8363d98edc957a5dcdc8c8c7bcb91b7f1beca	noaa-pifsc-bleaching	UNHEALTHY	False	noaa-pifsc-bleaching|UNHEALTHY|noflag	88.025
A462	905ace64c99e1ea5e94f8375d7c3a76e2138103978bf2b3daaffd03a53d1c822	roboflow-coral-classification-copy-changed-v13i	UNHEALTHY	False	roboflow-coral-classification-copy-changed-v13i|UNHEALTHY|noflag	48.471
A463	ebbc1761453a2e8cd236894a819ec96fd5af5a6e9111c285e3e629bb296b44ca	roboflow-coral-bleaching-general-v1-yolov8s	UNHEALTHY	False	roboflow-coral-bleaching-general-v1-yolov8s|UNHEALTHY|noflag	51.353
A464	d8c5063faa2ece0de66a516e1f23f92bb0ef2552c930dde313381f9e19681536	noaa-pifsc-bleaching	HEALTHY	False	noaa-pifsc-bleaching|HEALTHY|noflag	83.000
A465	c25b47763259231088a8a3c692c8207d041920a03a4d1e5928411408727b2e3f	roboflow-coral-bleaching-final-v6i	UNHEALTHY	False	roboflow-coral-bleaching-final-v6i|UNHEALTHY|noflag	50.882
A466	b22e3e5c0c0a97c9b1f4e40f3afeaddb35cbf3d846f1f5171bdeaac7b01ee231	roboflow-coral-reef-bleach-detection-v2i	UNHEALTHY	False	roboflow-coral-reef-bleach-detection-v2i|UNHEALTHY|noflag	96.385
A467	5e0bbf0eaf3f58bbfb12eae5e518ccd5217ab9b37130d6df6bbbb63c19b8b989	noaa-pifsc-bleaching	HEALTHY	False	noaa-pifsc-bleaching|HEALTHY|noflag	83.000
A468	7a90380265774febbee3948d0ac22d97d50b91adae9353d23d9ef03809452362	roboflow-coral-reef-bleach-detection-v2i	UNHEALTHY	True	roboflow-coral-reef-bleach-detection-v2i|UNHEALTHY|flag	19.000
A469	2811de7ad3f7dbca3ff7a7b860c4b0b3465bfd12506f9348fa63f25ea936d6db	roboflow-coral-reef-bleach-detection-v2i	HEALTHY	False	roboflow-coral-reef-bleach-detection-v2i|HEALTHY|noflag	96.100
A470	c080d4e0421213d2b17e674ef9939f743a7e5239be92bb0f557458bff56925d7	roboflow-coral-reef-bleach-detection-v2i	HEALTHY	False	roboflow-coral-reef-bleach-detection-v2i|HEALTHY|noflag	96.100
A471	3a782c719c6ca031f52e39b1b9e1c4116d37ff057706516164ea681b6bc16125	noaa-pifsc-bleaching	HEALTHY	False	noaa-pifsc-bleaching|HEALTHY|noflag	83.000
A472	0dfb5dec0f1ca7c9bad11557dabc4633af48adebf389aa94a7e672eb7e079158	roboflow-coral-reef-bleach-detection-v2i	UNHEALTHY	False	roboflow-coral-reef-bleach-detection-v2i|UNHEALTHY|noflag	96.385
A473	ffcdc354c648fa22b52057892e57ce09685e54cca6d578d78a26dc3d00990b69	roboflow-coral-bleaching-general-v1-yolov8s	UNHEALTHY	False	roboflow-coral-bleaching-general-v1-yolov8s|UNHEALTHY|noflag	51.353
A474	5416505104780f2f11c4c0ab22f3f40f0873ebddfc93392639970b0a85510b0f	noaa-pifsc-bleaching	UNHEALTHY	False	noaa-pifsc-bleaching|UNHEALTHY|noflag	88.025
A475	957f6ce51905a684fa3d62d1d4ba8ae6ed5cf2e06d40c90927320c77dee266fd	roboflow-coral-reef-bleach-detection-v2i	HEALTHY	False	roboflow-coral-reef-bleach-detection-v2i|HEALTHY|noflag	96.100
A476	227db4b82c41b9385cc5d238803b3ed2e44f98b2fa5b8521b50060d03f8df834	roboflow-coral-classification-copy-changed-v13i	UNHEALTHY	False	roboflow-coral-classification-copy-changed-v13i|UNHEALTHY|noflag	48.471
A477	d89804d7bc1cbdd7b4167eb76903fe12531bc4a8d97524b3a1c7c3caf562f9f0	roboflow-coral-bleaching-final-v6i	HEALTHY	False	roboflow-coral-bleaching-final-v6i|HEALTHY|noflag	36.133
A478	8d5e858b0bfebc20c90d0624f66aa95cc3d29594a0cecba4207635945a04ec4b	noaa-pifsc-bleaching	UNHEALTHY	False	noaa-pifsc-bleaching|UNHEALTHY|noflag	88.025
A479	4db6771070af59d1059bcb5b4f2299b1644b49c0346f9dbb1c18d83203ce523a	roboflow-coral-reef-classification-v3i	UNHEALTHY	False	roboflow-coral-reef-classification-v3i|UNHEALTHY|noflag	78.828
A480	187748f2a8ffe61e365fdfca748a144dab808b016ed3f6a17131dd2096d4d5cd	roboflow-coral-bleaching-final-v6i	UNHEALTHY	True	roboflow-coral-bleaching-final-v6i|UNHEALTHY|flag	3.200
A481	90f03077a6a3f327441141b26f58d6f0ade66e74bd113a8c4b87056606f5718c	roboflow-coral-bleaching-general-v1-yolov8s	HEALTHY	True	roboflow-coral-bleaching-general-v1-yolov8s|HEALTHY|flag	2.100
A482	f2657d27ad602906ca9ceae24126b8d9c1355d44061d6b9230dc113f235cb808	roboflow-coral-reef-classification-v3i	UNHEALTHY	True	roboflow-coral-reef-classification-v3i|UNHEALTHY|flag	13.727
A483	8421cb570337b35eedb4a491e80356f00d03011912b9b1f50e2960f7f1f9f241	roboflow-coral-reef-classification-v3i	UNHEALTHY	False	roboflow-coral-reef-classification-v3i|UNHEALTHY|noflag	78.828
A484	efcdfe4b2468396b897de5576ebe252347969c3df68143cda3671e1d41b05491	roboflow-coral-classification-copy-changed-v13i	UNHEALTHY	False	roboflow-coral-classification-copy-changed-v13i|UNHEALTHY|noflag	48.471
A485	dd195a8f94a9d00d3f39e0cf44dd597f726fc481e866c185a94449ac48e5ae76	noaa-pifsc-bleaching	HEALTHY	False	noaa-pifsc-bleaching|HEALTHY|noflag	83.000
A486	67d1694a581a6fa20a12c19a0f55f48a1de8b0a31526876c89a3113272092991	roboflow-coral-reef-bleach-detection-v2i	HEALTHY	False	roboflow-coral-reef-bleach-detection-v2i|HEALTHY|noflag	96.100
A487	4531dbbd03acadf9e6e277511fe9e1926cdf224d07f44d63ebf4dd3d061cd510	noaa-pifsc-bleaching	HEALTHY	True	noaa-pifsc-bleaching|HEALTHY|flag	21.917
A488	3460a3beb607bf714556a8be9b2f242c4276c5f0751072f53c658b76cf9819be	noaa-pifsc-bleaching	HEALTHY	False	noaa-pifsc-bleaching|HEALTHY|noflag	83.000
A489	1d19a3f7d189b0f1a071ddd6027d461244f311724c55c15b8e608a45bb188131	roboflow-coral-bleaching-general-v1-yolov8s	HEALTHY	False	roboflow-coral-bleaching-general-v1-yolov8s|HEALTHY|noflag	36.600
A490	2dccad7a60f5fc8636880f2605fe452d79f59bb9b33cbcbc1a74757de0278446	roboflow-coral-reef-classification-v3i	HEALTHY	False	roboflow-coral-reef-classification-v3i|HEALTHY|noflag	73.800
A491	65dc5f4c2ab93836dd4b3c08ccd679584f9be92dc62c49ace0eb30ba0493d939	roboflow-coral-reef-bleach-detection-v2i	HEALTHY	False	roboflow-coral-reef-bleach-detection-v2i|HEALTHY|noflag	96.100
A492	fcae8558bac4c4341761f4b8385c2daffd313b6361a93744b7d1583bcbc3bd55	roboflow-coral-bleaching-general-v1-yolov8s	UNHEALTHY	False	roboflow-coral-bleaching-general-v1-yolov8s|UNHEALTHY|noflag	51.353
A493	a5c01b25d530c7306c3bb6121505828cf4a20636cde3f8f6db14c9bc7dd703e4	roboflow-coral-reef-bleach-detection-v2i	UNHEALTHY	False	roboflow-coral-reef-bleach-detection-v2i|UNHEALTHY|noflag	96.385
A494	4537f42d4995c8412c180b07e2400861962bdda25d78b3ceadbe44346a3b3c58	noaa-pifsc-bleaching	HEALTHY	False	noaa-pifsc-bleaching|HEALTHY|noflag	83.000
A495	95e728eb79acbb3e5302bb24e7e9a5fba889555e641c9f5879781314f9c0cff7	roboflow-coral-bleaching-general-v1-yolov8s	UNHEALTHY	False	roboflow-coral-bleaching-general-v1-yolov8s|UNHEALTHY|noflag	51.353
A496	937d79ea048d446d2f257cf41b1e5f28a6c69d359522f63de3e78eec63b77014	roboflow-coral-reef-bleach-detection-v2i	UNHEALTHY	True	roboflow-coral-reef-bleach-detection-v2i|UNHEALTHY|flag	19.000
A497	8d7e2ce3816650e10b994b7202a142531835ad282d113b6254b21f0891ccae6e	roboflow-coral-reef-classification-v3i	UNHEALTHY	False	roboflow-coral-reef-classification-v3i|UNHEALTHY|noflag	78.828
A498	562bda111e314a224bf2678cf25d908391708d2537c9ae894d320867f7d470c4	noaa-pifsc-bleaching	UNHEALTHY	True	noaa-pifsc-bleaching|UNHEALTHY|flag	31.538
A499	6bf69ef1c770a28a3b623f0e1693b70cba17b746dee14d7a265676ddb05950d7	roboflow-coral-bleaching-general-v1-yolov8s	UNHEALTHY	False	roboflow-coral-bleaching-general-v1-yolov8s|UNHEALTHY|noflag	51.353
A500	6dd2a3585076bc510d9a8ca0182f1f749f7894491ef86bd5bce873160303fefe	roboflow-coral-classification-copy-changed-v13i	HEALTHY	False	roboflow-coral-classification-copy-changed-v13i|HEALTHY|noflag	48.412
