audit_id	image_sha256	sample_key	split	expert1_condition	expert1_confidence	expert2_condition	expert2_confidence	adjudicated_condition	adjudicator	notes
A001	1d8ec33f84a0178dd974dd3966cb1312f9cb30774b4b367d73a778474860db1e	images/default/youtube-1707_jpg.rf.3791730f3c64c3129c054448230d82af.jpg	validation							
A002	4b4e8895b4c5dca62ee0a05a95eadcd0b155f60b52c01a1a38ddc13d0c82005c	images/default/61_png_jpg.rf.0a4f35d656cff31ec3d17e5a074010ed.jpg	train							
A003	b3655b4f643d7bb5b5088a04c1fdbf2351e9dcb17806536250c89b5289c8371b	images/default/59_png_jpg.rf.36c88718cb1b31d1ff326e4b065ed813.jpg	train							
A004	99106e02b893e6f9c1920d0274d13ce2116a2c2a475633481621cdc72d695b2e	images/default/27436563583_1126863be6_o_jpg.rf.5868208bc56d44ae8304f42e2035a7b4.jpg	train							
A005	a4c4338cfca4d76823abd01717df4cdaa847541effc87a42ff762c2f1f6acf2c	images/default/281_png_jpg.rf.0f44ee8d2511f35dbf69e9cacfe82031.jpg	train							
A006	237c794e4ea6b13659b3d9818ea6fc9d71a19287e902a3995f9fd7c9a3ad5c0a	images/default/15439279326_d9c95897d9_o_0_1647_0_9297_jpg.rf.20820338072072d1007b3d2b3e6b95fd.jpg	train							
A007	a94b9b6e8873502ec63eac6a927a5981f227cadd7eb5f21d13550e800155f1d3	images/default/189518468_76ff603ccc_b_0_5222_jpg.rf.222a4eb63703066f9c04baf19460569d.jpg	validation							
A008	8550d5396933f284663aa6795f0f4de9cb76a886b60ae1f45d5ed8a83336ae8a	images/default/hc0386_jpg.rf.57502e71efe93dc9ed3f8d82dc24a0de.jpg	validation							
A009	d35df312acc83350428fb9bf9cf1a200e303bda0ed4e36a392dd9e150da82dcc	images/default/268_png_jpg.rf.16677cd031b7467c7f63340658d4a7f0.jpg	train							
A010	8d6cbb1521e899559d77c17314f40326bedf23b849af0d7550ccb3ca3500bd2c	images/default/4735410240_1c564c987b_o_jpg.rf.73714efd5203cd4aac341c4e293726a7.jpg	test							
A011	fad2b9d5763a401128eb463b5e16cba678dd4715c48b255c2288547d203b3b88	images/default/OAH-B3034_2019_07_33433.PNG	validation							
A012	d85468e22b7c4bdbe827b9ec3cccf7df0fdaa6eceea9a89afafbaa838dc274c5	images/default/MAI-B4030_2019_30_26238.PNG	train							
A013	fe93052f1cdb7012200a7c79ef62e08fa7a0e1d5b3fcd3cf9bde4010fe85cd78	images/default/9214016858_d7e7930601_o_jpg.rf.068d54fed8d024af58ae7f92e369779c.jpg	validation							
A014	71b01129b2dd50dd165cec21046f1fcd67cd9f62d594576d0aba7ca6a69a3bb3	images/default/KUR-B006_2019_19_4520.PNG	train							
A015	930327ed11c4f9615da0ca4b05d8f8be23a6b38ac39f871df430f88b7bcb04c9	images/default/youtube-36_jpg.rf.948efaefbf86985c474aa34d5ace4eb9.jpg	train							
A016	def61f6f905df52d9a3c04c6668ba21eb664c177bb4a13f1635301ce2fd68533	images/default/14953641286_0dfa4ae361_b_jpg.rf.e66a8cd15b4225c7f859e68dcfe30fc0.jpg	train							
A017	1abe9936a042d821cf19100cefc53303335ce2bad8d9354cf7bdce133382820d	images/default/24372768409_b6137310d3_o_jpg.rf.e6639db62d83be98083cd2a002bae536.jpg	test							
A018	e8bf7475ff11f86477f8bc677fcc2b16847acf065cb51c1d5c48777e5c88cccb	images/default/youtube-341_jpg.rf.00fbdea75e44f8d60c7db84b61661c7a.jpg	train							
A019	417f1670681e58b69c7c6032edb72a372404db479444a1f0ce32e61ba13ea2a0	images/default/28245768540_96e6446e1a_o_jpg.rf.cd42f92f3ac2953727522148f291918b.jpg	train							
A020	f28791ca8cd9d576dcadaa8c678904c63144062110e12edfd07711716d8b5933	images/default/fire_3_jpg.rf.501e28328ea272b9c6632b9bb17e7e78.jpg	validation							
A021	33e0c5bde55dc3e72500629dccd9238a906926a5fc6a7720f52f0c3b578117e4	images/default/LAN-B1794_2019_25_8707.PNG	test							
A022	c449360ee347a5e3a22c90e71c1934ec515ec24f7f3bbc1fbceec1b8334fda64	images/default/MAI-B4037_2019_19_28574.PNG	train							
A023	9614e6204f86b4c6d855d8cc5bd1f3797ca0606b9614a997b0e9d4587b7619dd	images/default/youtube-66_jpg.rf.9c563a528b5c874a6dd1ea2085ec9854.jpg	train							
A024	1fed979f17629f9fee714a7641638552d28356230c81cf205a74571137e81f71	images/default/youtube-2795_jpg.rf.19708728c0e8e96d72b1c76bbd9deb48.jpg	validation							
A025	abdbba6212d486457f7d33e36caa1d95ef07ad239065dedfb05fb076957cac30	images/default/MAI-B4039_2019_13_29505.PNG	train							
A026	0cfd1782f3bf5f39423162f019b6eac13fed63a7a2f37a8f474ebc886196ce78	images/default/MAI-B4037_2019_16_28498.PNG	train							
A027	780903c65ae49946358f7868ad2aa017c6b14ced63966f3764f350ceeb661232	images/default/104_png_jpg.rf.36b9f1b6d892fe89495d33282b4b5f26.jpg	train							
A028	26e441ed8794bb7d429495bf656a9f83e516fe14ee7e20d8ba66eb9140032d5f	images/default/691_png_jpg.rf.f4e2c1547c62524fe5624310a5b0bde6.jpg	train							
A029	696f99a29181515ece8684ac96d0a6988a18db63496915c86860a387c734614f	images/default/images-27-_jpg.rf.8f251c69bb89377346c90eca3a8b14fe.jpg	test							
A030	fb20db25b525db63e66b178be305bdeaf7049871db85affad5176c2a26f25851	images/default/MAI-B4024_2019_22_25562.PNG	train							
A031	459e0f46de81c84657ae6ade8d8c3403db1dd77c3e3508ebb75fd9830a639ef2	images/default/frame_22320_jpg.rf.f558aead3fa57074bfa2bb7cfdf785da.jpg	test							
A032	6e71efd1180d0c50e6b696ac80721df609dfa52439866698c05ba94cdd40858e	images/default/LaehouShallow2015IMG_2703_7400.PNG	train							
A033	2df825d2607a5d0b4a3876ffeaa973b4c356c6e0b5c3a30d6bf63b7f3ae8f85c	images/default/39_jpg.rf.8892e3de5014420dfea2dbd94fcbba67.jpg	train							
A034	d6b5974268b8c3c04e80b26a90c084361cb2a7fc2919eaa08f7ee87a80ef2c0c	images/default/5101310001_7885a205a5_o_jpg.rf.79c4bdd5a1c23a91c09354f1a45220d4.jpg	validation							
A035	8a8259bebd50d52902cc209469c4b328dfde49b0456bd8ba8d6b4e3e8e917abb	images/default/yugfe_JPG_jpg.rf.618979cd27268ba162194a1c558458cf.jpg	train							
A036	f2f71758ce1eaef81fbfef512b6d21255577d87e550e94672a4a91b4babfadbb	images/default/6131023417_409946f54d_b_jpg.rf.22e3eacb130b6e0966e4ca632ef8360c.jpg	train							
A037	3fc47f51b7a09b9347c02823476e445b6afbbd6d5390d8ee18646ec3dc4204e2	images/default/MAI-B2488_2019_11_16628.PNG	train							
A038	e6e27f434a3d4b1b7f42115192af0a7bb2baa61fbbe9b7865eb57d39be504cc4	images/default/11_png_jpg.rf.b3d7ed6463827a57ce2c7d8c148babe5.jpg	train							
A039	b4c372aaaf903aac80f55ee3dec38e820863751b1bec9b42febe1ea7e6a59c5f	images/default/frame_5400_jpg.rf.c037348e7f5ad2c7377c08caf194f3d4.jpg	train							
A040	ca1b7f64d75b40ceb2cc756d01f56c9d32082f0964537d4bf938365b2f6dee25	images/default/26029050502_5c8f6db02d_o_jpg.rf.c250668c7558e744690ca4e5e8aec1dc.jpg	train							
A041	2b36d26aad27c45278dcbab12080c73d22e86f7bf67de32288abf48b01c149cb	images/default/youtube-2795_jpg.rf.990e6ac9f9b5dace0c479025ad98e4e7.jpg	validation							
A042	51bbb4da3bbcc6c8008cd5a997a1bcd8825dae071e74e0214057e526b8eb2b6f	images/default/686_png_jpg.rf.6786050501462c58742ea49e7f33faa7.jpg	validation							
A043	efd724383a9e38648422aa8135630008240d9780dc416d95fcde70e8a1a9305c	images/default/MAI-B4002_2019_26_19869.PNG	train							
A044	5d8c626a32c613d3ad3a0b0ccf44445dcde306440aa5e3adf762b5adde2a4456	images/default/5627678188_0b41de73e4_b_jpg.rf.531a729ff2948b515c320305def219b6.jpg	validation							
A045	75becc2996a1cb4f68b024fccc1b31f7ae446203335c10b19c282a2005cde6f4	images/default/MAI-B4002_2019_16_19642.PNG	train							
A046	434398f841d260eb22c794e5fe4cbb8f1c068d172ed38fc0df709dbceb995c18	images/default/LIS-B012_2019_11_13257.PNG	test							
A047	455ba15fc57b8875d1b6f6653e110e389faf32387af4c4ccc0c7b46f4f0a89a3	images/default/14633937377_cf9902548b_o_jpg.rf.2760b40c22ec3ad71869dac36cf677e7.jpg	train							
A048	ed325253effe3e17f96170f557c4ea6e85f5178a05ca5522a9ff659774a52eff	images/default/fire_6_jpg.rf.ffc02ad855a9f5ae47247fc1959aa61f.jpg	train							
A049	e1b8bd72737f19a2ee7665fd4b2ec80619461618c2b73cc06eeb8c896594b0ac	images/default/youtube-2815_jpg.rf.5af2385cdfb5f66c34079c0daed69a77.jpg	test							
A050	f936595aa5feb6029a4ca601fc53fd0295390fb28117876ca2434e7664d1b0cc	images/default/LaehouShallow2015IMG_2675_7114.PNG	train							
A051	6b5b36a05d68b6c780982099e652b10a92bbeed62d666f9af5e0563300d3f77d	images/default/305_jpg.rf.2591fee8cffc40677c40b5170059197c.jpg	train							
A052	90c36776f4a796d62e7c254b58b5c80980555fe3760e95d8e001a1ace6a565e5	images/default/14953641286_0dfa4ae361_b_jpg.rf.d6526b7afc19134ab6b378b9049dcc76.jpg	train							
A053	9a1148a91b7c1470dd28bb2c44d81aef68f6c6b1a9e32e11a30c9da505573a65	images/default/41064057611_1a3f12b71b_o_jpg.rf.bb2b829859afaacde02cd2edb43bf2dd.jpg	test							
A054	e55459b203c9c1bf2e4946b270f54a8e399d5de0c458356315a01e9ab6c1b898	images/default/acer25_jpg.rf.604c8b79f4bc5ffc46dbdc6a53b28c39.jpg	test							
A055	08ec061d0d4350da83f6166553d152674943c3905e77def14ee50c2761b14b38	images/default/istockphoto-640832118-612x612_jpg.rf.12d2436392041cbe1cbd0e805dca7152.jpg	validation							
A056	39e3ff082cd71435664b1f768baecc73ac1e790d7aed5434080b0b7240a4c62b	images/default/youtube-347_jpg.rf.b6bb99aac6a59297e3263681d3570f0e.jpg	train							
A057	b04444566eb5801074acd8885cef2e7c7feb0906227c79f81963180771711dfa	images/default/LAN-B1800_2019_15_9226.PNG	train							
A058	9646dae35eb8e32ad4a5c15f63a3319fdf5fac860c74519027a6bbfbd9d14e59	images/default/49_png_jpg.rf.5a86797072d973319e16109e09e455be.jpg	test							
A059	349024dec419bd8cd737338943c38681c7b7f1bfb9ad83a057b56df0b7eab347	images/default/MAI-B2482_2019_13_15565.PNG	train							
A060	8b3875c1d0641108f5be4828ed161a10a211b3c13fa3dad1f36b92f9c8e19b14	images/default/305_jpg.rf.06a7f19bb4dde745edc6697fc8fd9ef3.jpg	train							
A061	93ab74d453e1598138ce6f0af2c003b1ad4fdce4b4e6dde6d3f2bf9c6fd337b4	images/default/youtube-125_jpg.rf.002b9956d6daec207b18e5f7af667b95.jpg	train							
A062	341b906ce84ea6e630d64650d73bcdfbd25aa3f14c91376f2cb08319db63acbd	images/default/5581342742_e661bbcc5a_o_jpg.rf.37caa42a431dee799419969aa2dae29b.jpg	validation							
A063	2de0a510ed5ea9160ec03de98590429f9985355eb39608328d55aec6fca1ac99	images/default/youtube-32_jpg.rf.94ddfe7bc5cd54ae880d10379fc09697.jpg	train							
A064	fb0752b437abcd01489e0f07c920d238ecb923539179099b05d7cc97a97c219c	images/default/youtube-1599_jpg.rf.ad1f43f355a1bcf544a94b0a83d8fe17.jpg	train							
A065	f2f71758ce1eaef81fbfef512b6d21255577d87e550e94672a4a91b4babfadbb	images/default/6131023417_409946f54d_b_jpg.rf.2a878bcd045c134942a75758bc2ea9ec.jpg	train							
A066	3dfddc3794a332f521b0f1cffa98be5a2fcb1fa42285604dbd989ff07df72d1d	images/default/OAH-B3246_2019_15_41296.PNG	test							
A067	9d5505d1ff28ff13510d0f5d1757c6c7aa51e5951f9637e9e81c466a0aca7e11	images/default/youtube-222_jpg.rf.80a206eef3d1df9f9e33f8404ef34938.jpg	validation							
A068	8698d037a9f92191d8120f3e3d7268f82f0979cf028271b8a249b7b34ff284af	images/default/youtube-2792_jpg.rf.3d170ad1c6b239461d46844a3e642b53.jpg	validation							
A069	103cb3c8a12d7696e2bb2fcc326d9158a43c97e0e23730bdf52542097a46295f	images/default/MAU-1223_2022_A_19_29999.PNG	validation							
A070	b528db79967224e811ae5148af88d54413a8e1614af2d664f30f8463c2b37970	images/default/104_png_jpg.rf.833e04817650be100d7bb89595e253ff.jpg	train							
A071	8c8e2352ab86238cb542c5df27ce55af29c720dd99f429288edaddaa4d4ecd6c	images/default/Screenshot-1619-_png_jpg.rf.ad0e2e91cfda3df69b1580940f86e81f.jpg	test							
A072	e675483ce9ca66c7705b963a29271ff960e8b5423c44ca4c03264c159801a24d	images/default/LaehouShallow2015IMG_2703_7417.PNG	train							
A073	485c0eb5ccf85a1973fad569471481be8b9126b70bcc40257a54e1cf2f85880d	images/default/MAI-B4037_2019_06_28213.PNG	train							
A074	9aba8339a9927fa384cf9f38bd6adcc38c2ba39149655b612eff1cdd5ab83bb0	images/default/youtube-1721_jpg.rf.a96aca5595b2076f4227d3539b72ec63.jpg	train							
A075	876970eff0e5a9299f6565e855dcf9dddfedbdc767900dab44cec75a58d7bde4	images/default/KUR-B006_2019_02_4190.PNG	train							
A076	93919085a01ade1dbb508eaad30ec70d9cb1f500524d6b62f85c6f78ca759f1e	images/default/154_png_jpg.rf.b49e08144ab732e6e646a82536ca88a4.jpg	train							
A077	7b65b1b40650648558a3425066563dd5763d1523548e36817f88ef86d514eae6	images/default/youtube-379_jpg.rf.4c8f07e57dcc025db4086c2ec27a352f.jpg	train							
A078	f1cfb941bbede59ae3026ab810e11b1e7c67503c8be544293cb7236febf5ac52	images/default/youtube-51_jpg.rf.1363703ae59d28e9b89adc711da55e94.jpg	train							
A079	f0166eb4ff2e61d75aa9f0eb8c68c5b36d33bcdfbe79cb2e89170cb5d39d5f3c	images/default/15135317505_c4d2038feb_o_jpg.rf.fd1b53fc965fc55cb4a69276823bdecc.jpg	train							
A080	196ea11371ec68fbc244f8c90db13268fe23e018f5620480117c381cbc4c4b81	images/default/MAI-B4007_2019_10_21242.PNG	train							
A081	3e57e6182a511334a1c1f5641b08bcc5e881b1c56cfbcf2273f96375681e81c3	images/default/6131023417_409946f54d_b_jpg.rf.288ad2d48920c9603d810752e6956c08.jpg	train							
A082	a9c8ef8083f9473116c0ed96217d4025b09aac5ea0e5240c8f5888c4fe2e9556	images/default/LAN-B1826_2019_06_11330.PNG	test							
A083	4baee2f20af04ad5aa3547c3c3d636b6d845986e551b94268c55a37cb35bca96	images/default/MAI-B2459_2019_18_15130.PNG	test							
A084	c6cdc7db1a4039b698bfca7b9fb6b82aa2e2af3b90ab7f1a2162a43925866ff0	images/default/7006760766_7022c39e4d_b_jpg.rf.93ec668c25b9a38a278c5561c1a04da9.jpg	validation							
A085	8e34c19a1c9f0d949d2a53fe2219067a1884a59c8f639268a36ece7d4f2e4c63	images/default/MAI-B4037_2019_07_28247.PNG	train							
A086	e3a47518b1acccefe8cc090c47af2512f1811d4136bd0544684e40c9da258404	images/default/frame_9840_jpg.rf.eba33c2ab2c9fde20e6daaa99e51d7d1.jpg	train							
A087	72b433ef68f092361d69ebd1516b9b59a4d2808830c3bcd6e6edc6f14ef1c361	images/default/LAN-B1820_2019_20_10193.PNG	train							
A088	a47bfbbe85b36634f060deb4ed9d1800f84fe9466a9eea543a248721cc7a13a7	images/default/youtube-49_jpg.rf.e8e5212ed965f68d39ac0d3ba1af908c.jpg	train							
A089	cd334e4d189fb1fb30e8ef61a7c1a768af8d2549936c0900b70a45d5041fda1b	images/default/OAH-B3022_2019_28_32435.PNG	validation							
A090	f006e40408fe89192d9aea0adf78f0c3eccce7faae993ea8d749c35f6af2dac4	images/default/hc0513_jpg.rf.9f8000c78eb509e244d57ea9e5b198f2.jpg	train							
A091	2a19382f5c19bb01c29d35f26e6e2db6c970d9e66e4ffe1bebc9e6d977f2825a	images/default/LaehouShallow2015IMG_2757_8205.PNG	train							
A092	189d14d05c07793ad9e986965e8a94b9a7b5465e0feac4bb94327a6d7c9de24d	images/default/16904174205_e13633f402_b_0_1530_jpg.rf.97c42dc1a08ee4d3105271f25a48ebd3.jpg	train							
A093	e01f84ed1022b398ce0dbbd457ca10f0e7e2aad7b29070777de257bfea65843a	images/default/69_jpg.rf.99a18c27d4b897f16e0265c02978af8c.jpg	train							
A094	ec92aaf3ee3997ece21c8ae4103c730c82886ade6c07f84287210603823c2c5c	images/default/12_jpg.rf.8f8b0bf6ff5b9703bf714811fccfd88d.jpg	train							
A095	720c9254b9b2e0adfbf0c03865d4d5442a575f7ca111e80b450fe2506c839d7e	images/default/383_jpg.rf.4c5b2994a6b087611093c9ab42840974.jpg	train							
A096	7a92d0230d41169117fd283d5f22058e43d9a46db091eb0c6ccf9faf347b3309	images/default/youtube-59_jpg.rf.2b5b6e996f9b894e7a885f39a1590e52.jpg	train							
A097	fc0d0f6ca03b9bea61a31e49ab82ed92ee18c8a4c010483e1494c7f61132ec61	images/default/15890105980_0df2d8bd6d_o_jpg.rf.0a9243b9c6250d7f7616b440312aa4da.jpg	train							
A098	db0f49f5473cd26849934a1301a63d8835595316105a6ff1e5935a1d9e999dc1	images/default/8357138741_906006f5d2_b_jpg.rf.8de16de27b8b51f28e7f5fc1b3def418.jpg	train							
A099	a2a750d207b1c50e363c3ae8ce603322853364c33abcda6b2d43251f1ee060d0	images/default/LAN-B1800_2019_20_9272.PNG	train							
A100	89ed91bde154cbe26bfb94065a4978f5e7c711a4c3d6a25f7b06d2a6fd99ae78	images/default/OAH-B3078_2019_17_34961.PNG	train							
A101	589e42d54e5e7bd13ac7b83a436d42f7acb6ace05200987b0b92dd7d36127153	images/default/LIS-B012_2019_11_13254.PNG	test							
A102	4a21d369ae329e26a74597d52b689e89da1c34335c512dcea31af007a84f1a6e	images/default/youtube-47_jpg.rf.1f578924b7c591d7d1db8ff5ff968c6b.jpg	train							
A103	6babac25dc7588a22f68736de3e6e8c5836d0f05b46e1621ec86cbc967aea39f	images/default/MAI-B4037_2019_20_28618.PNG	train							
A104	52957a033051b4b41f4bc357d32777dab71311378abd5fc7d3bfd9c12511deaa	images/default/youtube-336_jpg.rf.dba2de7a02b075466c1d4da5afdb2bd3.jpg	test							
A105	1df9ef66debed3c94d4c8283715578d036252021b7b079894f7c933112d7c4b6	images/default/26922708231_80054910b6_o_0_8906_jpg.rf.67a325539a6502f9d272cae23408ee10.jpg	validation							
A106	cae33014f6e99c807a4e260a41f861502e04aaeff8179f192ff47a084b7b71f7	images/default/40303084995_7a76700b29_o_jpg.rf.e4956322ef8c3c053bef4c08972db829.jpg	validation							
A107	1326dce4bb834ec4322e2b3cd7523c85b4a8886993cc101e3b5bc6e28a85f235	images/default/9408998752_c88cbb2388_o_jpg.rf.dce4253bf25b8967acf9e33004f2a5e0.jpg	train							
A108	1eae9ab048409514cf66db4f780731109a1570f15bd10fc73d706aff8b0bebb2	images/default/LIS-B005_2019_25_12802.PNG	train							
A109	e0a4d42b0017791c7462e1876f337524628603e42ad48d597f710709feaf67aa	images/default/KawaihaeShallow2015IMG_5251_2600.PNG	test							
A110	085bca51a6a004d21aef1d47d5991045aa8e9627458a019951f3a2105b3cd86a	images/default/103_png_jpg.rf.29e94e3c84988a45a327abb9ead4d678.jpg	train							
A111	7b5296dc9a1aa8e9374b18b7de39b99d528a1d751c6b25fdf630b71484ff27ae	images/default/7653964088_cd4b425a2f_o_0_8031_jpg.rf.b485ab7ab67827fc98395c062526b426.jpg	validation							
A112	024c36736b3832352caf59609efb8ba96039841299bcd2d120bcb101649c07e6	images/default/youtube-53_jpg.rf.66539d7aeb5f69015fcdba8b9c8168c4.jpg	train							
A113	7465e9cae7fdf1e088f0d7d4a83df21d5ed965995790c0904391eb327cdc1b6b	images/default/Screenshot-1619-_png_jpg.rf.87ac504a95fdf0cb13a8c1a15656cece.jpg	test							
A114	55557d5524a7f60999af130fa4d9fe29b47841fde2c7a9efb4635ddb1c90a60d	images/default/403_png_jpg.rf.62e6ee03b6929a5227a89fa3cb591c1c.jpg	train							
A115	4af295bf6f923c305c6efe0600f48ebdd0f01a75cf6cb0e0f397b4b507443d86	images/default/LAN-B1824_2019_10_10544.PNG	train							
A116	2b59a04b91a86a6ef8a02047a0a0f3ffd13c825c71a889bcd7d34d74a3d329e5	images/default/33872791628_d3fd01a2c3_o_jpg.rf.fdc5ca651177e166e8f300d4169252c7.jpg	test							
A117	28e534a6328d631c5e54f9e4e7aa6c6adddf384a0b41e6b4fe94c110ca4989ac	images/default/609_png_jpg.rf.8bc5ff9dc3872123efa346e39cd4ce74.jpg	test							
A118	d637f7c3ce2990250de24e8a7580b9ffd97c5a5ecaa618b9143d3c6f5bde01db	images/default/youtube-84_jpg.rf.2d2397a38ec0896177aca8cd417f236f.jpg	train							
A119	daeb0a88fd53b333c8163e3cca82215f6cf3250feb25b37cf81fc7767074c9a2	images/default/MAI-B4023_2019_27_25305.PNG	validation							
A120	bfc92e5a4c05d515e3d219305552005388024bd9d18ec8ae865d5e02ae45404d	images/default/youtube-2443_jpg.rf.bbf6d7f6b60e1bc4ffb337d13111b4eb.jpg	validation							
A121	e75aea72f5f73785694e7ce30d65dd3646e0a6559d23e84a501472fa8d2b91f5	images/default/27119208655_78d1206562_b_jpg.rf.227f0f84333163215aaab57cec9a6cb7.jpg	train							
A122	aea349a03489108e7c22e279a9e756c7c55e98dacf8bcdcb2ff9dbabf776eb50	images/default/OAH-B3078_2019_08_34745.PNG	train							
A123	e6e9dcad8d0b8807b9f82ab1f3b9b4e40b343dd01e39a66aad1dddfac4352dda	images/default/thumbnail-7-_jpg.rf.761fffc5d8fb014be48817fe8d50e432.jpg	train							
A124	0ca167b393051c026ede61c8d533a71cdc21050eb518ae786c4bec1f74ec216a	images/default/LaehouShallow2015IMG_2707_7514.PNG	train							
A125	b3788bd11c3e271c748b0bc03e9b049075fcb932f996a3431d756e456d872dee	images/default/tds_JPG_jpg.rf.817a47f2d50e2f4fd4de44042c801de6.jpg	test							
A126	c815367a887f29a56840514d1a4bd1bab08612a2f0160632f625d0971ef4ebc1	images/default/30022664915_53a5dd62cd_o_jpg.rf.0b8e7a9e3dd9bcd08a361c07a4b136b0.jpg	train							
A127	9f8885b19995f6ff5c373115531d7cfa51c13932141fc7930565d839f0bb1a6c	images/default/youtube-315_jpg.rf.4eea168ee086ae411fa9f7e77dddd367.jpg	test							
A128	875f2222ea1c92b8c174b13b4afd41c1e18fa8e69d28f2515b431e3afa0d36b3	images/default/frame_32640_jpg.rf.5f2a616d1dd9db0d08c4f0fb509e6991.jpg	train							
A129	d7ca5ab830dd8f5ec59366bf1362a38df62165f2e69f77d2930ec5d0639a30c5	images/default/frame_4740_jpg.rf.ffaac25f79034c89441b1e0e2bedbf8d.jpg	train							
A130	7efd462c3a3db232090ba110ada0522f86199d932b309fbf15d9e6e1de2b9c69	images/default/sdsdr_jpg.rf.466282b56143972bcce330a54ed45f6b.jpg	train							
A131	505e6b99749a5af1e85d7e3c1c783bee41ca42b5b981442239a3c08a6ac7b9a8	images/default/14953638446_6f93d0ce79_b_jpg.rf.7eea205c252fbd6dc1ae06baafcab061.jpg	train							
A132	cc9de8cfebf88f26efa5e242266be3c573c86a3fe82dcf4fbf3ce0cfb4b194a9	images/default/youtube-92_jpg.rf.a096e70bb7baf08a97dc2989b466ec65.jpg	train							
A133	6e081c01ef19fa0943c32b322306560d401a9971466c414e11f8e9b409b7c2ca	images/default/Screenshot-1504-_png_jpg.rf.908f41a570c01e870f84b49aac106e11.jpg	test							
A134	5e527c771a0e5014a01737214a7df24d31691beb7a8b0cc871967c205fbf6ee3	images/default/184_png_jpg.rf.73481a84c4bf9ba330b179eed7b29384.jpg	train							
A135	fd5fc3d0c21c23f9ab441e8da4190077b044049e4d3f9f325584d179aaa048cc	images/default/youtube-1573_jpg.rf.5ffebc12787df62fcb1f18aa7365a6c4.jpg	test							
A136	41b915fa34a64b914afa1404f9ecec7efff5ac788321e93faebab5ebece88067	images/default/OAH-B3266_2019_02_42333.PNG	train							
A137	08b95db91f46ab17fc8cf05746383e2f39855f88847649e7e004e6b3c44875e8	images/default/59_png_jpg.rf.da69e66e67a349ed28ab5537583060be.jpg	train							
A138	b9440bb9104f91c40388a3208bf2bf7b77e4eb5a3fae0a8caa7cb342e37565e4	images/default/ghhg_JPG_jpg.rf.0b57ca3d4e9ce2e8ff0459d02548a25b.jpg	train							
A139	e75aea72f5f73785694e7ce30d65dd3646e0a6559d23e84a501472fa8d2b91f5	images/default/27119208655_78d1206562_b_jpg.rf.697f0c41e05f6fbb23d056503162bab7.jpg	train							
A140	9fb590d0952e83fb90858ca1f776c31b16c330143e255e0fd1f64bb3ef94b0b0	images/default/31_jpg.rf.6e0a90b0116abb86f8d3ed5197712b9a.jpg	test							
A141	a5d428dad0c5cfe1a5edb33e9b1f78b67a9d221739ab6dfb840ee8c6c846bc0f	images/default/39484207735_06b8e4e2d8_b_jpg.rf.06e067668d0b0d851532ef116bcb0cca.jpg	validation							
A142	a37de22a5aa78036bff68b152383cbf9fdf7baddb47949b6073352cbe194e8f1	images/default/33973839505_218cd7cd11_o_jpg.rf.7a74d0d140ec60166b2d5007ed7c9e77.jpg	validation							
A143	7d086fd923a66b026a1210a38b388a8130f1f23739d54712f6032cbac9dcc527	images/default/155_png_jpg.rf.0d44d280dca4909c0a3a4ccc8e58e77e.jpg	train							
A144	42cd8a2329d03e3056a1764651048acb9e1adf823ef7cf96a919a3415afaf632	images/default/youtube-422_jpg.rf.1e885156782e673b29414e924d52c6ae.jpg	train							
A145	4585e6e9f8fdcd89157e5fd8ea41210a1070d1d77ec2cd8560a1dbafc9a302e1	images/default/LIS-B005_2019_04_12584.PNG	train							
A146	8d66bd2d27cd1be83ce941d77d0131b88b544c72c897ae978be9f1889f063273	images/default/OAH-B005_2019_07_30122.PNG	validation							
A147	b53bcf321330dcccf3e6b742ac105b56a3b5648c177c41f3eac6501cfa24d94b	images/default/MAI-B4013_2019_11_23047.PNG	validation							
A148	c75f1e3a5e2040e35a4005fba307d0faf31c6f380bc58cedd0d07d4b3f76fc44	images/default/63_png_jpg.rf.7b5c2f1043d9a947b824ce170674459a.jpg	train							
A149	3360a15732d69871a1503ffe331e5a0aa340cb48443599b0e8d5a8210f19f7e3	images/default/452_png_jpg.rf.e2dbedc8a4adfad9f76517f0e547a388.jpg	train							
A150	16c183676e197946b7cb5089bbd1a5d29368f7bcef770e633a8d73f294463887	images/default/huyr_jpg.rf.be0b2c4c1a30db27979eafd052d53b7d.jpg	train							
A151	b2cd6a824e5eb9bf26db578305ab4584614700d98b028981ede737dcbd26fc19	images/default/5778352075_1fb28c9883_o_jpg.rf.caa24c048d7a2ad4a94b08f26cb2e9a4.jpg	train							
A152	07a395f20c9aca8cb8e6bf13e1f189d3991b6b8f7f6c7d4cf26ceee06b06dd3a	images/default/LIS-B008_2019_19_13037.PNG	train							
A153	ae07eadfdf9cb90e989f199df95d0848b70027f74fb88a8432f1cb10e421ec00	images/default/Screenshot-1678-_png_jpg.rf.59db9ee88bcf54b3083c2a3d29862745.jpg	test							
A154	1df987e0079901821dd9da394f9fb1d87ee7d57a81faed8b84ea22914797638c	images/default/youtube-1034_jpg.rf.0bdb8ef3d444ce16fa2e0242e2f83cb0.jpg	train							
A155	c89d8bb36e7a962ebd4f1a1553e73495ba802f586850bfb2c274771e660d9023	images/default/youtube-68_jpg.rf.2a2b857d98a19e081e1f1fc49a43f0f5.jpg	train							
A156	bb12ff09dc1f8400a7b570449c1e48fbb84d8ee8328e8d9695a8e1dd723ed688	images/default/images-2-_jpg.rf.f3d4d742e4e9eb3fb61faf6e0f26b897.jpg	train							
A157	a5b9c19534c8caa615d283dded9a48d49f468c863cb10cf306d566f6f9c0bfb9	images/default/MAI-B4039_2019_26_29849.PNG	train							
A158	3e57e6182a511334a1c1f5641b08bcc5e881b1c56cfbcf2273f96375681e81c3	images/default/6131023417_409946f54d_b_jpg.rf.6f21712809810317fa00e3f1b2b090b7.jpg	train							
A159	5a013801ee0e4428282294c3bdf817a11eea530fd970bc42de175b27ece45d4d	images/default/youtube-87_jpg.rf.89970d2d46fd5d46d63069978ae2d3f2.jpg	train							
A160	486863b11f07bd250351c77a9d4868e8826ec008e2c0c52bc485620ad0e47689	images/default/MAI-B4037_2019_10_28351.PNG	train							
A161	3060cb751b1de49a8dee915e3764f5dea72e5a9956c922a4a37b9441fa117abc	images/default/OAH-B3240_2019_11_40364.PNG	train							
A162	b5107d223fb951059b72912e146497fee102aeb501b933a1329ff9928ba4220b	images/default/MAI-B4024_2019_11_25447.PNG	train							
A163	308157918873a2a24e2c1c05b9cfc5c24ea8e9179dc5105012461c60db3ea43e	images/default/youtube-68_jpg.rf.e9973a57710fbe0633ca3a2ac8cddd73.jpg	train							
A164	4ab325bdc7f851f38f9f0a93d29dce25ed297d2cd81a0ccfe2dedb76c91ee7bd	images/default/youtube-48_jpg.rf.c5d09e4590e245033a71a831cc796ac3.jpg	train							
A165	63e9d3c959747c464257fe30902cd73453e54d1b11669163d45cc2ff541cdc0e	images/default/youtube-36_jpg.rf.6b68fe9d7e7faf7f4f0a66a74e41c697.jpg	train							
A166	adcab37afed8fd05c401647b775ba0e88a407e0ae90138c555b5db8285e518fe	images/default/MAI-B4037_2019_03_28126.PNG	train							
A167	246a463fe2c7a50c6d625a998c79275ea84c479585b6be8fd8320cd3cf61c4e5	images/default/5815918114_9a94837b24_o_jpg.rf.b3a387f768528267a790142935912bbb.jpg	test							
A168	7a001c2b4fcfab699a0c807b2ae039420a404efcc4fbad6d6764c7017bae0c00	images/default/youtube-1234_jpg.rf.b2d6291dfe49988e617fe3432124c282.jpg	validation							
A169	6b12e716fb30e8938b617cbbbba02f6064cc509d3be447fcfdea42c469084d36	images/default/MAI-B4002_2019_26_19876.PNG	train							
A170	ec74be7e18477d1e72d353a8d6361dc6b235b6fcec24dd07459e31af6dae1a35	images/default/47_jpg.rf.ba14e18085487e29ccc4d8527e82c686.jpg	train							
A171	09562088f4f777f6c95da9826f37abf923af5fad8c7ad58c2dd4ac29728c712a	images/default/14_png_jpg.rf.2a86783741e11746f3c5052422472250.jpg	train							
A172	64c37ff5f66683ee3e5511516ece18641999d37760c08483f3f11e902e0fd16b	images/default/11531111734_db61a343f5_o_jpg.rf.597162839a3d0e7142dc74615d6e057e.jpg	train							
A173	9bab4ea2801d10d6cd9da9f3ee30be604187e586eba81a79079d74c75651ddf4	images/default/youtube-1332_jpg.rf.ed5374abaf48e4129d4f2c9804a6f5c7.jpg	validation							
A174	fd57d1f3b740e67aa96ad2e11350bae7a0029d40c6465534ae949ea61b398aea	images/default/14820481395_fb79e2d700_o_jpg.rf.2fa7e43a438801dc1b18cf9dd795a2eb.jpg	train							
A175	e7b1a30730ad76929d0d2d27292c591380e919d513c784cf2115133f83920b8d	images/default/hc0170_png.rf.617a4e1960b4508dae75cd41d8329548.jpg	validation							
A176	de6b31b7a14aa67769d0bfacdae6917f555e8279919007222e2027f322f8057d	images/default/pot_75_jpg.rf.360970723168841a0825bd21bca698da.jpg	train							
A177	57b443337067c9bfe3308e9ad0176ae7790bde68a76f1684bbb5d519271b1b9c	images/default/59_png_jpg.rf.9a7322d7ce1d64c307ef453c5f9139b7.jpg	train							
A178	e66cd8000b3d6c0229fc047fe4e9b50eb5386ae14f63c97dd20364a344fffc76	images/default/youtube-181_jpg.rf.a93a72ce4cf95c8e4894eccfe1e3094f.jpg	train							
A179	1e268ce0b1a28a952328330df25cd6ebb8e80b1332d0e67aad36ee99d79faa10	images/default/MAI-B4022_2019_20_24937.PNG	test							
A180	8b021da8a654abf3048c8e5b572c44823ff932527e5f54cebb9740f919694e5f	images/default/MAI-B2488_2019_22_16894.PNG	train							
A181	e1f9beb58b1e85f45d1c3ff8f7de7f596cc1a58291748732dfef7cdc4d0277d2	images/default/MAI-B4034_2019_06_27196.PNG	validation							
A182	c85db597c6d5df704ba693d9230742bd0385ed6d50f5a242906b67a7ad1572d9	images/default/OAH-B3078_2019_25_35165.PNG	train							
A183	a9573ac578b191014618648317050bbaaa526dbd07ab945de342887ec01179c4	images/default/356_png_jpg.rf.6bcb3aeff3d28e3799c07d10c63778a0.jpg	train							
A184	7800a3ba43dce4d3d34e59bda1d2a345a46a43c69241a7b11334754bd2a7b422	images/default/6131023417_409946f54d_b_jpg.rf.3b25dd06b3d968c3bc56dd84cab6e2b2.jpg	train							
A185	5d72b93b10108fda3655d483f94b9a2c3ed3a51e1f2914159f50d3619ddd5aec	images/default/LaehouShallow2015IMG_2722_7809.PNG	train							
A186	a74a6b4bb55c712b922b9d79fa9acf65b7416f0dfe14ef9e000df9b228b41caf	images/default/youtube-602_jpg.rf.303895047083e1b1b7aecc84552bfb67.jpg	validation							
A187	d1e2581986ac6e859a984e79e8fa4e53aeccb3e1d42b6346dc2ed58ca660c1ea	images/default/LaehouShallow2015IMG_2706_7497.PNG	train							
A188	8c072b68ec005706745d033ea1ea5c712d7a76f5a0dc423487f1bf8b3d74d08f	images/default/hc0344_jpg.rf.4ae85c0cbaa5e40340ab2d9498db6089.jpg	test							
A189	cb62c30dd07693f8bae1adb681eec714c2377cac6d9a2d3e83c24922dd47211b	images/default/youtube-73_jpg.rf.194cc529eb4ba120d4c459690d15240d.jpg	train							
A190	7e2e3a471f14c3cd0cc2fe2519d512eef83eac449aeadc7f325edd7e2cba8a88	images/default/47_jpg.rf.27ac5d58b59edd81e17c98c58fea1bfd.jpg	train							
A191	ba49267bb375e3d20f49c5b73179ad2053e977e84d6952c8a3eefc13abde9de4	images/default/25_jpg.rf.b924990d7390251161d4c2f218232f2e.jpg	train							
A192	b9aa2c329197a1c348cc5a83aa73412ed32860c86417c64aa2cca2eba9f095bb	images/default/7_png_jpg.rf.25afc28c39943113f536d0e023b110ec.jpg	train							
A193	d675b28ce43bea438f5294fd4b9dd16030e1617d8d41a1e5f9a03541646ea0f7	images/default/MAI-B4005_2019_28_20820.PNG	train							
A194	42ede59981a563d4583ebbc7c55a2042cbc4858e4cbe145b28945ab876f9ff9c	images/default/145_png_jpg.rf.7b490dc70e9bd7b32eea2a96c7825b86.jpg	train							
A195	d7235dbb535cf356f566d1c0a9f1f823f7ae553a607a730c67638b55ac6983be	images/default/MAI-B4039_2019_25_29802.PNG	train							
A196	b52a3358c5cd6e464c25a4b96c49b417ee7e4efed2fa81ee4897c17318d44eab	images/default/youtube-35_jpg.rf.e498b22f93e5a21f26f235db54e25009.jpg	train							
A197	d5f0c557fdeaf8ae95acf4e3bb5e0592f7eb5f9cc1cf87feee23663fa93f24d6	images/default/4964276472_37e15e68b1_o_jpg.rf.71e6109e06af1244732a64acbca6d395.jpg	validation							
A198	e0d41a9ef006fb9fe626fbc90bc8350f4c269de8d2664c1f7e303ad66eda4d5e	images/default/16795102656_6620f25c87_o_jpg.rf.93eb433fec035e47599308a2150035e6.jpg	train							
A199	cbb15e2fd0d9fc442edb583c36544cc046ec295248250ad932e79635e099f0a5	images/default/youtube-2255_jpg.rf.3e7dea21f2fccfcf4d2b67bd8385b359.jpg	train							
A200	765c0dcae6df1a66a59e1b61870942531efee8d11436343b2e2845436ef979d1	images/default/319_png_jpg.rf.5f0ceda302913391104fdd743f651224.jpg	test							
A201	6c72c2a2d9e4c10eb8bf54ec6ddf123a6bfbefe4663b3afcd95308e89f6815eb	images/default/15258568480_5a8ac65fab_o_0_648_0_113_jpg.rf.55084d1e104a40274c96c7aca995c456.jpg	train							
A202	405507af158ac6fda15bd8f6266bc50e211a2134ba44601ce434edce604bf044	images/default/4862513133_173f51ea63_o_jpg.rf.02f5b874d0270e629b11621b26373900.jpg	test							
A203	8474b98ad141b1ec381903bd4c4d92a7cb48d37268fd9a7e6e1a2d064a479d06	images/default/27436563583_1126863be6_o_jpg.rf.72bd526d5d1bea34d0036033fa10aae6.jpg	train							
A204	b71c162c306194ad73be30ad0e0bb0ff7af8ee262698d2a4844285afd42beec7	images/default/MAI-B4007_2019_10_21243.PNG	train							
A205	fbc897b645e6079724ba5fd41266ddb7a4f4dc8085fa4d1750bb3602bbd7db03	images/default/youtube-202_jpg.rf.98e7533ade842b7524f06d7dfbb01522.jpg	validation							
A206	f3fde86481b03909ed92c16836fc1229c8c056ec320ffce11648f35113e5b374	images/default/frame_6360_jpg.rf.671430e0065e970cb532ce1e68fff96c.jpg	test							
A207	7a874371e01629cf856b56b87c7b763dbd16bb356581c22ec828c3db6eb9f755	images/default/youtube-1205_jpg.rf.c821231758586a0a12fc600559e4f1cd.jpg	train							
A208	e49bce99a853258ae2aa925bf7e31aeca7231606f6a5b68afa2b3e05c7f1bcd7	images/default/5_jpg.rf.3a8546eea60ccdf43176bbc735873bb9.jpg	train							
A209	1d76586ee565276117e7691fd5163852ccad3f11855fc32cbd1e931ed288ab45	images/default/24591750222_3423329a3a_o_jpg.rf.a804c41b407df382d7997086966532da.jpg	validation							
A210	2800eb131af00b5ab20a0a3b12adac4395d15771c7ad1fe788eec04777abb392	images/default/8-2-_jpg.rf.28ee19b83fcf8f4392362671ccbd9071.jpg	test							
A211	2c7e81f2fede15949355b5ecc4e2162b7b4d6d2bf56474872cfb74c965eabbd3	images/default/fire_6_jpg.rf.93881d9228ab2772e82181b197302165.jpg	train							
A212	9f6f0baf6fd8bdde581cbf82f9c9e9b165b69dcb3976db7b549673e6fc3f489a	images/default/youtube-35_jpg.rf.9f4ca5e6a8bb1cfb456eb0965113df4b.jpg	train							
A213	c08ca89281cc626e24b6c712e2eaba9ec7a10f21af5f6d10e5f77821d8102a44	images/default/youtube-1018_jpg.rf.b9859c626114ad0edff8dbc6fd6177a2.jpg	test							
A214	90f03077a6a3f327441141b26f58d6f0ade66e74bd113a8c4b87056606f5718c	images/default/27436563583_1126863be6_o_jpg.rf.12dc8bc8905c3bddc4a25755fd5109fa.jpg	train							
A215	428f7642163d6343e4d0bfc8c5d2a07ecbc2dd33d906d2a37261ca653c423b7f	images/default/MAI-B2482_2019_30_16004.PNG	train							
A216	eb3732ab33a63a23709663d27ab53a5c68ddd2bdc651c8e05ae13a0fb202a1dc	images/default/LAN-B1824_2019_29_10934.PNG	train							
A217	b99d80aee1b77a42eadb278fb4ffff5d2963b55a989c56a09609b3b3a64d8892	images/default/youtube-54_jpg.rf.09527d2a143c78b3a7e1706e9bd2422a.jpg	train							
A218	bd05d5d91b8a891e51f709931ddfd282ed39dd833b65c40f88d97805b20280c9	images/default/MAI-B4037_2019_03_28129.PNG	train							
A219	cda289f3e4c1b9948bc297dea319beccfd773ff0eeea9fc5eaa856728819b378	images/default/MAI-B4039_2019_10_29414.PNG	train							
A220	765fa18d3257190d2283ae5137d61278a0fdddccdc0393394b9784a5dcba679e	images/default/LaehouShallow2015IMG_2715_7682.PNG	train							
A221	e40f64bb8e154eaea2ec99bfc35a891dff68eb1decd2f8575df8fda187a61a5c	images/default/Screenshot-1644-_png_jpg.rf.7a0c9738e5aecf98a7661c9f2265096d.jpg	train							
A222	1d4964dbbe9e55ea32ee7277250f42d0c47c64bd7aef7b77d66aebb6786d0d14	images/default/MAI-B2482_2019_13_15581.PNG	train							
A223	e03144d6185dc504cb202c90bb6b794f172fbdee0c4db8555cfd35f20b0610c6	images/default/14633816529_af934e0aa8_o_jpg.rf.6dc3a0182a8aab595aaf71b0ab7e08e0.jpg	train							
A224	e34598282ab53302e400bb1e68619afa030da0fd2425739672b606e9a64a34d3	images/default/youtube-2800_jpg.rf.553743a92b22931c8ba51811986eebe6.jpg	train							
A225	82e56a81c7f3e630a02c1af962de988268a15a0a1dc277f790bdd408fb0c4d91	images/default/frame_6480_jpg.rf.960a802e01e470be3b8b46242cad6235.jpg	validation							
A226	649d65f68e2d29cf010ad072f51776c13972e934e61a5185e7e26527393828d3	images/default/8-2-_jpg.rf.104318b46364b7916fb83dfae2da172e.jpg	test							
A227	e1d99896f61fb8bb2ba893cbe907eefe296749138dc38c63c39b5ca62f637c77	images/default/10_jpg.rf.d218b3d90c0998256228ccc7b45738d7.jpg	train							
A228	741137b9ce4120dd05758eb525f8833c7bad2652712d93d8a41cd68ec1b810fd	images/default/22682755579_2ae686be2f_o_jpg.rf.6ebd6ce34fc29f9c5ab42ffa1b261816.jpg	train							
A229	dadad9a3366cd3b08fc19437459c9042b061a12ae81d04da99b0f3fe9144de04	images/default/Screenshot-1459-_png_jpg.rf.36eb588b53bf1b4d57763a875a78257b.jpg	validation							
A230	d4cc1dd50e3ff878e2e67e8bab02d96d33f7920546475c1015670a504ad997d4	images/default/Screenshot-1619-_png_jpg.rf.a4a117bb84bc8a6aef1a1dd2e470698f.jpg	test							
A231	6154fe71b0646dfb652a270d7f658d51df69abcd73824261a530960fc5559860	images/default/OAH-B3105_2019_29_37086.PNG	validation							
A232	db9e3461c9e544f0470672ddc100270e78829259a00739c2b9cb8a9dfa331e98	images/default/27436563583_1126863be6_o_jpg.rf.fac05baac158b8a8871f902cf69f99eb.jpg	train							
A233	d08ef19ab8ab4461ad52116b80a1bccc946d5f068f7127e03ab12057ad5d4f3c	images/default/OAH-B3260_2019_16_42172.PNG	validation							
A234	c1bede786f58dd925f0842631e79e0db893afe870c0a043673e7a4ec1da98728	images/default/657_png_jpg.rf.57de1c42e4b29cd27221d2ef1bd685c4.jpg	train							
A235	2c4b68839188925578455bed6e33fb02d3f39a772a08919b122c01c5ce2c5ba4	images/default/33588597750_8e47385004_o_jpg.rf.97bcbd598a85cc26b9e2991996067a86.jpg	train							
A236	f768a9be6b70e8a3c0c64d9f9a406c39fa08aa644f91e3564fc878d45e808ad0	images/default/1_jpg.rf.3a210786b80e3887f5c205f013ad4f8a.jpg	train							
A237	8d6cbb1521e899559d77c17314f40326bedf23b849af0d7550ccb3ca3500bd2c	images/default/4735410240_1c564c987b_o_jpg.rf.e3dadf2b9a912d041c4ac8d6d5dbd051.jpg	test							
A238	8942352ff0618e09f29962648fd9dcfe9b72439ade61dfb6fc1f828f16543527	images/default/images-2-_jpg.rf.03bfe2c1c35b5288c473510c04b6a87b.jpg	train							
A239	7f881e2feeae715645f553c4318d54d2df4d1bad26efbba56e0ffea5e20beb29	images/default/LaehouShallow2015IMG_2749_8021.PNG	train							
A240	1d9b2c762eb4700ecbc9c77242a7c6e691b772c417c19a598e21d519e42a51ff	images/default/htyt_JPG_jpg.rf.d8de68c2aa0ff0c1fa6b18fa026bfde7.jpg	train							
A241	5d77b800c95d57c7e86f28370f4bcd876124fb31ad733d1a2c8ac170ca5c2812	images/default/youtube-34_jpg.rf.d04cb89d1d7b4631fb57f609f73f8e9f.jpg	train							
A242	3490a9f5e7faaeb3776cd035cf25c4c712802d86da59171e512cf0a0380a69cd	images/default/frame_32220_jpg.rf.0878ad6e954b75e3e8a9bec2b5b23bf0.jpg	train							
A243	ad5d7f99f874ee153af5a75ff2026fbb7a07b9973deb43b74495d627fafee73b	images/default/MAI-B4038_2019_01_28850.PNG	train							
A244	1e07b0fd1d2f9390464dac50d4a4cf0f6dbb7adc55a93904b448db3549a3e891	images/default/youtube-575_jpg.rf.01866c6d823a72e682d0d800dad39e1c.jpg	train							
A245	74376de312494aedf6042a25c4c24cd03689a273ebf8a49ee6d0fc7085826536	images/default/2_jpg.rf.254b7b641f51b2553aaa98d405f56fa1.jpg	train							
A246	159c6dad06254e08aa9c327aa6756234eb6ebb36aa4bc0b16da4e884c69f9579	images/default/youtube-9_jpg.rf.a92164ea98c7d6bc447381d32348dde0.jpg	train							
A247	95832685bebec3760ea9e2537f770825d680c36548b1d8fc268d79fa253f5e4d	images/default/youtube-185_jpg.rf.1ae7be8ee21275ef744ae282946f10eb.jpg	train							
A248	f8d25b0c8c4fe85d27fdac7a5f457ba4da096fb8bf6cc64f84bc299848c82946	images/default/youtube-743_jpg.rf.85b1023d24037c0ff92697ebb4c658a8.jpg	train							
A249	974ebb2f9d98df6e8dd0378455b0762fb2bc1e4d6491fbd0a24b6ad3310fce3a	images/default/youtube-128_jpg.rf.22629b3b0e96cb92cd6b881238407391.jpg	train							
A250	e448a1e80dcca83759c134f9e554c9fae0cda5ef678c34009d34a5b9f79180dd	images/default/MAI-B2519_2019_10_17523.PNG	test							
A251	7c6ccff3d1b54cdddf79c53743668d4fad33c12e8af51cedf44870c8405fe586	images/default/MAI-B4025_2019_22_25855.PNG	validation							
A252	a3981af641980ea16e3ccdb73484ee0d059fa6dfdb02cc292733f25885961331	images/default/258220654_d6a0f5c943_b_0_3684_jpg.rf.a10b516407114f49b1dc4637efdc98f7.jpg	train							
A253	d17b2d2f4a17ef2643b4e3d9f95baa41012bddbe8165f0e14b09430f82cfe0e8	images/default/MAI-B4005_2019_22_20723.PNG	train							
A254	dd9a063dfc83b0cec6365266921c925f108e06e04087336515e00aae16d0cd82	images/default/MAI-B4010_2019_23_22266.PNG	test							
A255	68264e656a9b4a131dee499e41f7a08042db1c65c879453fc9d813c2179349f5	images/default/26029050502_5c8f6db02d_o_0_9095_0_5373_jpg.rf.5a99a8fd7b90371e6bdcc7ed629a93e2.jpg	validation							
A256	b43c424ff9c120d6f7b853fc3ea09b790b3211e26ee55e025aed62b21e30c38c	images/default/frame_19800_jpg.rf.ae2559e19b041f32fb329b63dacac4a5.jpg	validation							
A257	7f2a257c41322c3f48caa2700b51fd5620ebb6002676d6e0f5acefd5df0cfff5	images/default/youtube-359_jpg.rf.0c251815267477b064fd704f05eac596.jpg	test							
A258	0a0f5104328f8d734ef2159fa7fd1262b3949eea6e30da6c5906b6254c2efeb3	images/default/4735410240_1c564c987b_o_jpg.rf.bb5fa472b8ec7a3ec8238db1c99237fe.jpg	test							
A259	939ce25b68f68f1a45443c3e96cbf358ae82987a58b209c3443bd38bcac32208	images/default/youtube-22_jpg.rf.1ea725d0ebd41a766ccc43c04c7af190.jpg	train							
A260	a08f1d7accd0dab17f52a1108449d548328aa3cb4f1c9308a70fb4c0ea37f1b7	images/default/28245768540_96e6446e1a_o_jpg.rf.c0e6a194703fef2d07e2af6727e0b2a8.jpg	train							
A261	19f724cb031b11cf1b28498999a3e040daa38af357be151f268ab252d6b05ce3	images/default/frame_4800_jpg.rf.472c2b1a53c51aab983c1aca75cb4eaa.jpg	test							
A262	e1e2189345bf5e9e742fabab1a600ede4d2cf8a13b518d7a9556b2e2d680a701	images/default/67-2-_jpg.rf.28752e16fe2a9b46d3cbe026a3534f79.jpg	train							
A263	d82cba8e52aa6f81643628fdb66f70a9b7874429db96cb3bc1153c1107595dbe	images/default/youtube-34_jpg.rf.60aacd602f64db5b4421aeac0c4b4d2f.jpg	train							
A264	706948e0e255fcaf91e4ace18ce0d5636125ce5d09d2ceb591f49c0279e4421f	images/default/ainsworth2hr-wr_jpg.rf.94abd3c112b0afbbe67208fd6b5736da.jpg	train							
A265	4764c2d1b5678c277b581f03a861713c6d5dd73b648e15178f36064f90c0c48b	images/default/youtube-379_jpg.rf.cffbee6e7d250657ddaef1b8411fab3a.jpg	train							
A266	47966a4a9f6bc1b5edfa94d9e37ffb138f1e800bc3c0d75e23811c10bba271a5	images/default/MAI-B4037_2019_05_28189.PNG	train							
A267	90164cc3ca8a84688bb22b526c8ff69be3d128f4540ea0fdb2d4ad53620b61c8	images/default/LAN-B1796_2019_24_9006.PNG	test							
A268	02bb76243c6199188f3cfabdf25f46d14e6efafcd506ba281ef1c6951c08d9b4	images/default/8676846425_564fd10355_o_jpg.rf.f3ced48fa8182de41435b43f3d0d3213.jpg	validation							
A269	92820f625ca72886fb08e6e97c56701db87caae35acbbbef19ec45e86cb51e9f	images/default/htyt_JPG_jpg.rf.ba406a75f356130e232170143f1244ba.jpg	train							
A270	8fb610b0772995b10049c841efe6f132c43c3d92f11b8fc334afe552f0f1f8be	images/default/MAI-B4037_2019_08_28291.PNG	train							
A271	3d85526b6c50e94ad7d324b31b7a22a82ab8abeddc89b2400b9033eb9c637f2a	images/default/409_png_jpg.rf.3e0f812d4b28bcf6969ba0af4d052d1b.jpg	validation							
A272	720c9254b9b2e0adfbf0c03865d4d5442a575f7ca111e80b450fe2506c839d7e	images/default/383_jpg.rf.60268ed5601d842e9c68f8343573a650.jpg	train							
A273	d95b63efba3458c53e17e946777785c25e2be4e167fa58e1d9a67d803aad58da	images/default/MAI-B4037_2019_20_28594.PNG	train							
A274	18b9ce878373110245fa02cf2912446e45115915d66eee0b916e49973b1e3dc9	images/default/youtube-82_jpg.rf.fdebbb167e839585e697c074273011d2.jpg	train							
A275	682717fb262c9f7a6f8fe3a54283be8c7ed3660168330a1987cb4c1814bcefd2	images/default/youtube-573_jpg.rf.2996b73dca3777b53528b0f39ef65d2b.jpg	train							
A276	846ce864996fe3bdf5fc8680592a1657084fc85dbb5a2bce0e1d4edc778b982e	images/default/383_jpg.rf.b8a336862614a3a3c19920a43c9837ce.jpg	train							
A277	f8b1734682dc8df10991292b6e9eef797efa6cb11627ba1f54fd669d30a702d8	images/default/14953641286_0dfa4ae361_b_jpg.rf.cda03d90e1c9618f10362a074baa418c.jpg	train							
A278	6baa0d417ac415900a10ec1d809b4b3d04568601c56b7214651767d337fb7116	images/default/MAI-B4037_2019_29_28840.PNG	train							
A279	d033200f82c182eb951d6f4b8ae53eb8a86e622f309eed419909c7f97c7e124a	images/default/4964242200_d2be746207_o_jpg.rf.490a7c716cac4384326d1ecda0e4c334.jpg	test							
A280	5b9336d5fe0534018c2acec5a9de1516c6d3bef5f72bc4b2d19ea598144d425d	images/default/29376275703_fc3ea71718_o_jpg.rf.3e26384a2497e399b1885d39e6ca1c09.jpg	train							
A281	ba80a6f90a8571eb6de410bacc1194652502ec335679533697d6580c7dbe929b	images/default/youtube-1712_jpg.rf.e2acd8e9d62c66a6c9e864b3ba74f905.jpg	validation							
A282	b6ce49e4d2bde3bd8b03e983a37f2f55da9259784a587fdda797e8ad5a286592	images/default/6131023417_409946f54d_b_jpg.rf.367556b957d9620e4bc23b9f365a8e14.jpg	train							
A283	194377c204500e4299eecc511a66985926f2dd771281cd2815603719b9f0759b	images/default/27436563583_1126863be6_o_jpg.rf.561ab690ff0450ae1051ca0d63bb69f8.jpg	train							
A284	2918134edc5113bb2307edbaf6deaf46484e09a0d9b1ff0716feb04cc45cdf46	images/default/youtube-11_jpg.rf.60acf5e84026787132df83ececd2200d.jpg	train							
A285	fc91ebd3778b85e720343687cb135c39db2e66d9342331c3920b2765bdba889c	images/default/KawaihaeShallow2015IMG_5205_2341.PNG	test							
A286	0b054940828c78faef986d87660cae5c07def3e18164ee2ab118f106e26d08e2	images/default/stag_36_jpg.rf.7bc5d9f8593fd3e48b134117657c5c94.jpg	validation							
A287	c3bda9719c4d8d964ac4c3835c9913d131f643bfd72520b2fe1d0fade3a97dbc	images/default/7722031606_06142cc386_b_jpg.rf.ad02e805eb5a38a17d580ea5bc99f000.jpg	test							
A288	0f8ff9986366104e72cdf619096b186559d924e666bc6b317c8059dbe36432f5	images/default/frame_10980_jpg.rf.f16681512b50e735e5447fa392090b51.jpg	validation							
A289	5e952933847161ceb4d422d73430bf3d238289075bae0d3a452d323584e405e6	images/default/44044291864_7c29c019d3_b_0_7419_jpg.rf.c470705493f1d48e4d89fd152197a328.jpg	test							
A290	b077a8c4698b2b9e5a0f61242ff9ea6f425914148ee90a82ae9eb5b183bd6117	images/default/OAH-B3078_2019_10_34809.PNG	train							
A291	7559a74c70613d8a1738d85dcd42937ea8c633afac7ce10b0323d5e0bf76e7d4	images/default/youtube-374_jpg.rf.52251b8eb3b71474840b4e416cb4e36a.jpg	train							
A292	0c5203f94e00b57cb93c69c2c734be4372250f52899d706adbfca7d64c88c2b9	images/default/27436563583_1126863be6_o_jpg.rf.6270f1b39a535f28a196e9fdcbc2ee7d.jpg	train							
A293	f28c9e929b4160cc599bee12834f270ef36735bce27a2f138b873795100506cf	images/default/MAI-B4018_2019_26_24102.PNG	train							
A294	79d411de164ceb58ae99bef860116ba93d8bb473ae14723450a0747b90778949	images/default/11246578233_7ed3c3ac60_b_jpg.rf.0a7737a1ea2986550932b70092d52bd2.jpg	train							
A295	5fbde32f49fc1db1c78308e5f3c4acba1541e2aa63d411f2742aa883b1e929a1	images/default/39088184612_3082e80363_b_0_5290_jpg.rf.0441db7de0339cae7b79edd3fe54b88f.jpg	train							
A296	e773a95f245281761d7b0595160367b7f4f4e95999b4d297eba4f15783522f69	images/default/youtube-1513_jpg.rf.9e1b08376493f58e2c6049e5a51475cd.jpg	train							
A297	6ae0722f68d4ab3f785781f89436b5b8be3bb3c9f43c61731fb482b11de8c77e	images/default/OAH-B3078_2019_17_34971.PNG	train							
A298	65f06c6c75b71b672e00da4e0cee382f33d4f109db7313d5a02827a6ba0775dd	images/default/14633816529_af934e0aa8_o_jpg.rf.f4e9ac2ec2eafbcdb058a16bfec83aae.jpg	train							
A299	e6e27f434a3d4b1b7f42115192af0a7bb2baa61fbbe9b7865eb57d39be504cc4	images/default/11_png_jpg.rf.7f046dbe42a236fba07c6929dfea9410.jpg	train							
A300	5cb42db9de1b69dfaf39c3f8b98400ee7cafa5a99ad2b3f399d4e21a9f2f8e42	images/default/981_jpg.rf.4aadd10edd15a772fdf3da22e8b06fc4.jpg	train							
A301	55ae331d9baf253c925cd3c497ec0332b1843a6245805dbc78abce250c2b5004	images/default/youtube-70_jpg.rf.4d2829e367d3c988176d2b370d1f919c.jpg	train							
A302	886c8821b3c3a5e24f8f91bfdf1db2ed2696bcb9e59c1881f2abc043e37d7693	images/default/MAI-B2459_2019_15_15102.PNG	test							
A303	f6ad69c1437e38ce82c79246ffcc360368bb671b8c930ab2c2a6032cb4ccb9ff	images/default/LIS-B008_2019_15_12998.PNG	train							
A304	d17e19b83df7b00ab3039abef8d1ab875d17e0c51f92b8fdda4aa6a9639ed088	images/default/19879911213_a1dde029c3_o_jpg.rf.0e1e0e2ed1a58de6c9efb6b07a932c29.jpg	validation							
A305	b1f1624a47f2b26ba322afcde13c5b4940beac1667ff2d8b3676849a7027741f	images/default/youtube-1495_jpg.rf.c9458d58fc880e0db95975c2a8a3df2e.jpg	validation							
A306	3770992d09a558203cb5aba4e84cca9b5457cf0c8bba732e8ab7bfed4204bc50	images/default/365_jpg.rf.6343ffaf63c3b73f78e97b1a354bb0b4.jpg	train							
A307	a8efd0379864bc2f838e4a48b79c70d12e07a75c6a0df91b073cd6d195a23bd4	images/default/6392922683_52b1c97238_o_0_3025_jpg.rf.76bce9a0ac289f349d13287430b50e26.jpg	train							
A308	405aad8b2127b2b2ccacf5969b5e7e181f1a43aeb8129e7467466c2a64188c8c	images/default/bc0007_png.rf.87e8fdcbb9cf156cfaff8776fe819247.jpg	train							
A309	0e87e0dd08085709ec5482b97243b0030a4e4353efcca3b624cb532e90fb59e6	images/default/MAI-B4002_2019_10_19476.PNG	train							
A310	3b5d3161343b9065438578fb34ecc7fb172ba6f81216f733f9e4195b48c086d2	images/default/LAN-B1824_2019_26_10882.PNG	train							
A311	b4ef25c2ddab38972f1199ecc965633f94ca45d82a74795dc4694ea92d425791	images/default/youtube-20_jpg.rf.977b862400b188986f8d3a24ed9dcb9d.jpg	train							
A312	81ed63d8fb4ad7ac199489cc1853bdf862fd1bf94438c79bd44001f8dac8d3b2	images/default/MAI-B2488_2019_17_16765.PNG	train							
A313	7fda33ddf24f7b8c895ba29b11d5f9191de7d0f882f4f3c186451ca3ecc2e025	images/default/MAU-1112_2022_A_02_29975.PNG	train							
A314	a6e7a00f5eee66159407481be153094d25afb99b1ae99055aada20a3feef2d47	images/default/youtube-303_jpg.rf.f6a2ddb40799c93c04b016fb135841e9.jpg	train							
A315	028d647069871198791135aaeed12ef49213172f7a42832eeff51803701c46e6	images/default/MAI-B2488_2019_30_17123.PNG	train							
A316	10cb63c0fde877a894fc0d554e7050f02662ce3e835bbba5bcefce5af466d8e5	images/default/28050652105_562c80e24c_o_jpg.rf.2349b0861050beab4ce27e6f00142608.jpg	train							
A317	378459511ed8fbdb5a20169af8612baad4598e0677d18492996d40bcd45005c4	images/default/17_jpg.rf.979f76cd3a539db9822c94248e7a4e10.jpg	train							
A318	45b4faa1ca51d6e5b4f2410cac9a75d08e76f372c91889b7e1b21ff52ea36952	images/default/66_jpg.rf.becaca2563340df952c6c5c6e0aa78a2.jpg	train							
A319	60d879713d57abe730e724d89e46a185577ec79e0bc4941dc1b13a273b2c0ea3	images/default/MAI-B4007_2019_17_21307.PNG	train							
A320	d89edb322f438c002be4afd7a85c12216d4cf9c8e184c6b842bd7695a3e686e3	images/default/21736943286_5abc15a6b5_b_jpg.rf.58b6ddddaaa668e9d26081f5b5e2c559.jpg	train							
A321	d033200f82c182eb951d6f4b8ae53eb8a86e622f309eed419909c7f97c7e124a	images/default/4964242200_d2be746207_o_jpg.rf.4173b96ebf3d160212baf3e047f5d9ea.jpg	test							
A322	9e56bc7853a00e5b0a1d95022b5965fe50d23cf36de73a77446e2f4a4ead070c	images/default/youtube-110_jpg.rf.cfc23038d59f578817aae2c07c5e4d1d.jpg	train							
A323	d812d827e7471f1b16d9d32d5b35de00389732c4f435bd00467ab9487bc063f9	images/default/14633937377_cf9902548b_o_jpg.rf.b326fd94f5d8eff36bec99b125500d4c.jpg	train							
A324	95432dac22bf4652269f03e9829b1eb3abc25831a835738012f8521f62b67151	images/default/LAN-B1824_2019_04_10398.PNG	train							
A325	ac7ee0e38c13ed0e1f2563d5dda51ee7e78b377c960c88db9dbd91759951f91b	images/default/12_jpg.rf.4c2af6bc0c5f1ff7f13ce706135c21a5.jpg	train							
A326	08b4f1f1f19f9b64b27a648e83b7fb0ca18280e8d42a639c5d05deb4a1f01726	images/default/MAI-B4002_2019_27_19900.PNG	train							
A327	32407fa9107e2c64333f1430793304fe561fed80f355437b29ccfa330028a745	images/default/4964242200_d2be746207_o_jpg.rf.e58333ed4c02c20125ae01566dcef7b9.jpg	test							
A328	53b96fc005a883f7d96a605cc5f2d1e0af60487fc0387b0149e1b476b4c1c263	images/default/LIS-B008_2019_26_13112.PNG	train							
A329	c5d85efb6d8f2c8a6cea23303017f03711ed4219cd0eeb77ebbe8c03a0f783e5	images/default/4755027246_47b96c64ec_o_jpg.rf.77e36cf0bbb61b578374ad609984b834.jpg	test							
A330	9d6fbc63e54b12b1f0d07bd259502728e319f25aaaad42a1bfadc2109e2b1cdc	images/default/hc0563_jpg.rf.1eefe0fba3043d1a7e9bb554045d7183.jpg	train							
A331	9d819b3c75f790e51854b008dff8343da47342fee4ead017f47cc2786086b5ab	images/default/frame_32100_jpg.rf.a6b025ad0f4c24cfd16fd3a08e4f0f6b.jpg	train							
A332	f7d13eda2890e79b4ab2ef105480caf2a35c5f2cb8585468d268e0e64c078129	images/default/MAI-B4009_2019_16_21901.PNG	validation							
A333	2506dc80d6be83351047115e50d78d5340e15025c3590aa76bdd63f48d18c9a7	images/default/MAI-B2488_2019_13_16672.PNG	train							
A334	3479c7e46ebc4a3a2fbcf9561c9f178820d84933096d7275d00ee46e237ab2c4	images/default/114_png_jpg.rf.5a2a7e3083c1050e6045af38179cd59a.jpg	train							
A335	692318d378eb1c69620c99b088660459f027efa704811d7e16e10d8d0ab71a6d	images/default/14973513881_ae1efe9e2a_b_jpg.rf.03b5f1e8bad61930a14b2d86a788749a.jpg	test							
A336	9121f023f91272b32124852e2bfa9f1e796370473b188aa67cd50ae3583a4590	images/default/388_png_jpg.rf.44f8a38843b4fdf20648fad58cc0b3a8.jpg	train							
A337	218a2224ee0a6910a1f9899d09a5af7b84a9a9920fbe4544c1c2f9e649c0cf08	images/default/LIS-B005_2019_13_12673.PNG	train							
A338	c192fa1b3006cba57c920b3bd081692af1f30d28c4f1e38fdf7c159512e3b031	images/default/22378280290_a8c7489f86_o_jpg.rf.72d6877a12d2915c6fdd0ecfe99fbcec.jpg	train							
A339	8e2fef6473984d446d6240ff02aba67138be7255ca6011d333a91b145550a211	images/default/youtube-284_jpg.rf.624add265f6615a501114ae20de5449b.jpg	test							
A340	0fe9cd20114d9c6c2254f4895f61f6fce32a01c676e15a106191d93226c77c37	images/default/OAH-B3078_2019_04_34645.PNG	train							
A341	2bcc0100092e917367f523ecaf23374228b654945533a805ab0314fded7a129f	images/default/KUR-B006_2019_19_4516.PNG	train							
A342	d033200f82c182eb951d6f4b8ae53eb8a86e622f309eed419909c7f97c7e124a	images/default/4964242200_d2be746207_o_jpg.rf.607b34838e453381e6267bd6a57a93fd.jpg	test							
A343	d1293750f484503843febccfc32a80d7e4673c4696aa7a416cd816ecdc310102	images/default/thumbnail-17-_jpg.rf.3454f545eb6a331aa7764a64ff2b0122.jpg	test							
A344	5fa6b66dea26759301e0af87e28db5434103dbbb65fecb5afc9f0c6fa504c76b	images/default/348_png_jpg.rf.b6c205d5ed7980d5d41062654af28fa4.jpg	validation							
A345	372cb1bd159f8cfbdbfb85705a4281c307ead0cf1ae2865e0062916d22b90826	images/default/youtube-373_jpg.rf.9804b70c6b5bb50adb3166dc3f485be3.jpg	train							
A346	e3ab2fb5c2f09bd7a53d6ed7fe6c2fdec30051ff3f3a1ed307e3802b60bb23fc	images/default/stag_38_jpg.rf.2fb607b97021ed87e6548ec16c75a447.jpg	train							
A347	32407fa9107e2c64333f1430793304fe561fed80f355437b29ccfa330028a745	images/default/4964242200_d2be746207_o_jpg.rf.24dbbc3933fb5725d59e71d07b970433.jpg	test							
A348	2901eb3b3a149891f7f33eb6c21182aa684dbb5309f95a6d6a402816c1fcd7f0	images/default/youtube-3141_jpg.rf.610e174912f2365f5b81de64ee5db744.jpg	train							
A349	0f41a1b6ffaf850ba21c15737041bb7b4070525d5f58d602722ff93af369b5f7	images/default/HOW-1098_2023_A_14_2139.PNG	test							
A350	fc2aa9ec69ed25dd0e9cf923dbd1c5b4acb1018c2fd9ba9b50e2f2aba14afc09	images/default/frame_35280_jpg.rf.a68256d64b4f5ebe74ccd5220cafa196.jpg	test							
A351	2e7116ae21d5aa297f466f7bd796546f65444ed83c3dc336092336fa841d28d2	images/default/frame_5460_jpg.rf.387bf91d8152038218ce1dbcfe616181.jpg	train							
A352	1001b1fe55faf11cd886e36159643fda39b25fbf57954dd56d2a00cbf8a2f0ca	images/default/istockphoto-1077171992-612x612_jpg.rf.b249f5b81f2fc5cd0dd953daf787175a.jpg	train							
A353	387e7b54b9c1fd262c1f3326c251ab626b52ff97e2d20fbe1dfbd8186923d91d	images/default/ssfs_jpg.rf.48c35c7c6d334c5d626236d8b5a26f50.jpg	train							
A354	eedd56736be805b4e4d9e71b4f44f89743eb472af59489c899e8be8cac302d73	images/default/LAN-B1796_2019_25_9014.PNG	test							
A355	dec2ef2b0dcb82ab7627c2688362c7c6d60f1e12ef53dc087f2d891d9f939c6a	images/default/LIS-B013_2019_27_13714.PNG	validation							
A356	5e07678e5a0614186cee408c159c504264bda99d5744ae7b126e15be51de50cd	images/default/20312733630_6f92f3f776_o_0_8281_jpg.rf.4b76ebea96dcc5dc2288dea989246181.jpg	test							
A357	7af924df002d8238c4ad26bd854faee010908aab8842d64ce9b68236533c7d5c	images/default/youtube-106_jpg.rf.aec44be7f999ecff588a235a64f3ca18.jpg	train							
A358	5cd9f1d8a7208dbad9ef49dd20a5b6df7196ebecb78edeb3ed72e777db18e704	images/default/4735410240_1c564c987b_o_jpg.rf.e893bc012870fb8d237a5dd58496e52e.jpg	test							
A359	1b22443d241162e22167146412c72e32b8901c17e3546b6f547d37082373f9f4	images/default/MAI-B4002_2019_26_19859.PNG	train							
A360	93bff4ab83632f395c38356f06eba7d8768dc4dc2bc67f6f53ffe1a716858737	images/default/15048257100_618327846f_b_0_3957_jpg.rf.8811ec4553fc3c6382cadfabb2714da9.jpg	train							
A361	c5691e2485e8ae9102f38aefc6953d3bfbd425957c008dd93c276304424175ad	images/default/7016193851_c8203ff419_o_jpg.rf.f54c7e972d1dd3baa55b71241420f775.jpg	train							
A362	58647dee6791f5b97d84898d10ffa5d5f2e608dc7b37c4cc449fdf3b9032ebf5	images/default/27436563583_1126863be6_o_jpg.rf.1c54ea26a1e0a8ef42e14a57c8e55459.jpg	train							
A363	13bcc6f5f44e0e0f115659820238b62c453cf4087acb1ef6b15bedab74e66d17	images/default/12082131116_5d81a09e1b_b_jpg.rf.50c77e2987c38281230e3807e6a2b191.jpg	validation							
A364	d309dd069c012bf615d4bbedcaab7c09ec4080b4fe383b34d1dcf6617e45e94e	images/default/p1130753_-natural_coral_2_jpg.rf.1a75080ad7355e2c76a79cff731c834a.jpg	train							
A365	07d30d79acd34fa5a6d9ef8dece53c0b493027ca3b7472548744b80c80494d2e	images/default/14789940250_d750cd4a53_b_jpg.rf.3db301ed56456e7d3e209679e40388f8.jpg	train							
A366	1645cab2ff392c11864b831cfccc5fb4e2820584a7027507b525aea2c5e7be18	images/default/OAH-B3232_2019_07_39497.PNG	test							
A367	353db3588fa70e73ee55f8d00ac9935ff4c45d149a1ca2e88015786a0929d653	images/default/9214016858_d7e7930601_o_jpg.rf.d15879fa4749d4ac1ca84362e6d4164d.jpg	validation							
A368	adbac1f92158726a08516f3d6309fc68bb8e61e1c985e9ae68f8dbe6e49c80ac	images/default/youtube-50_jpg.rf.11e34c6eeffad05b9c65cc4d2a4c8464.jpg	train							
A369	e0305931bba879a3b1cfb84e5849a4fb88dee3f08c34ae3ef4877341b02a7579	images/default/MAI-B4037_2019_07_28244.PNG	train							
A370	b6005f540f03242e474e3032f079881713f8f32ff4c5be247a3187b04eba0cd2	images/default/images-7-_jpg.rf.568f3ff22f7b142026b18443578741de.jpg	train							
A371	3b5fa49c815be26aad9e337da762eb36e2562d2c6f1f4389535a4a6a614e9e86	images/default/OAH-B005_2019_25_30310.PNG	validation							
A372	b01babad5837af2a5fadf75212885039ffed4047badcf49813e894a9de307060	images/default/youtube-1531_jpg.rf.e4d5930447c58e7c8487c9d983cd1d82.jpg	train							
A373	d88f57ab2e8fa3eda90ea81b6949af71109642a41a6b5aa1f7216df62a4b2d23	images/default/2728506840_d92ee3778c_b_jpg.rf.d280f1cd09598ed6de6f719e0af7dc50.jpg	train							
A374	c11a22004381a9c8bb4926084146efca589e13ec1860c1300412e39f4285da47	images/default/46_jpg.rf.046b5fd682ef1d4df0384554b20224f0.jpg	validation							
A375	8dc2911136c40b5bd37804ba85fe4329093703f6d0bbe4dd5a4a371bc67a9eb6	images/default/276_png_jpg.rf.9371d8830ad90d6eb1a3e7e65237ade4.jpg	train							
A376	d25162c84e161b97803db24dd8032c04f56fc9be91e7c6c7e841fccf0d719ca2	images/default/295_png_jpg.rf.be154df1cfb77da3a610577262bb1ced.jpg	test							
A377	df552d43e36c1b0cccb93fc779b74cc01cb015911cf791a0da4cc172b39d9feb	images/default/125_png_jpg.rf.99e39ba3e573daa02ea90f02c68f2683.jpg	train							
A378	ce3f3fb82db13bf9e0b3087eea4b1493052999d2dcc82b1c5750c1261f57f0f0	images/default/169_png_jpg.rf.833eccce57a63e8d66f07f4d8b6d0fd4.jpg	train							
A379	b0ff577adb2150e9cf5a64c4153f67239ee185c3e7fbd980135650b2ce98d576	images/default/youtube-1771_jpg.rf.c505e45e5726382612f3ec91cbb3baf4.jpg	test							
A380	0d40c905fc2131c2c809b01f34e95a624c9bfc60620dde99bc3c69f43e4987e6	images/default/youtube-8_jpg.rf.25815deef2a11f03b9955e41032619d6.jpg	train							
A381	fbbff060f5464e5a70a44ce787dc7f2d14c19aa7ef6909a56eafa3c2b724473c	images/default/4956663075_0770bf5b87_o_jpg.rf.ac0562ee14fbed2f1f61c7725c8c7695.jpg	test							
A382	ae8531718f094fc2d28e67793f4a1f5c189ff831e582649f412986295f7447bd	images/default/MAI-B4025_2019_01_25647.PNG	validation							
A383	7b02ea93279c8a59eb63ac2beed87dfbd126efb9ed54aec2c4bcdc5ab44baa7d	images/default/youtube-1954_jpg.rf.abe0fcbfcd90ec5355caead851627737.jpg	train							
A384	44ab8df8dda15a09b348d0ae721b3e841471f95d66d5843de39275ef34ab629f	images/default/frame_8100_jpg.rf.841aa9617482263faddc332581dfadd4.jpg	validation							
A385	ef6c2dc064c293cdd5771b5d7a850da6eab5ff825f9fa6ac6915118109c5c29d	images/default/5_jpg.rf.6ce1f0356a36fed2787e11445b906dd2.jpg	train							
A386	c8e30b63b0e07b8aa212214ea3ebaee08d521f9173e9213f87a339ba3137da2e	images/default/LaehouShallow2015IMG_2718_7733.PNG	train							
A387	23e9223d5eb52f3996f3201bf51fa706aff35c474d8c4579e517138b2257b72b	images/default/1347803447_4834a50509_o_0_6405_jpg.rf.2c1cef1196ab438c6a83a6e3f86e1abb.jpg	test							
A388	707a2749c524956ff0ff3ee92058a8c8e95d6e39df8ba9bc9975736bfec84ec4	images/default/youtube-531_jpg.rf.3b6c19b44bae3cd9cf29499aa6ee3cfe.jpg	train							
A389	a2e651a566965f01ff3ad09770cfeca9fdd0f6e74b6f30ee07ec301af65d9631	images/default/brain_4_jpg.rf.b6fe02bcf6592fea490f4b64070b6ecc.jpg	train							
A390	a2bd60291ddc31053ef0858740559696ea926ba19ff518ee80ec101065876db8	images/default/2662551789_11257f723c_o_jpg.rf.e987f75d2b9bf3ba76af66f3edd19de4.jpg	train							
A391	c53785b746c77c12c31b491d6684ec1ed67ed7cbc892388d729af099b820f2ae	images/default/youtube-119_jpg.rf.b5b45817dc5f4fcbdaebaecee1c835af.jpg	train							
A392	7ff5f2e3fe3f6ae305c73201f22fc6b8703abbc4b90e3db7f277282c2553e75b	images/default/OAH-B3034_2019_15_33524.PNG	validation							
A393	393a74282f149071a744129a8a88dd6b9a9514b0160c37af429c1c46adcc0ea4	images/default/113-45_png.rf.c4bf621a2550e4bd29e5f1954e93141d.jpg	train							
A394	bb58fd1aa89041778c73b133e03825ad55741f8ec3862c752da041034c9649cb	images/default/yyygr_JPG_jpg.rf.7893304773686289766e35f63968d981.jpg	train							
A395	3cc8e3bc4666efafca7303cb5926583c04abe69f79a4dea6e152eb7423e6599b	images/default/youtube-800_jpg.rf.ce311fc7e83d537aa492c05f3122b6b8.jpg	validation							
A396	1581cf6f061e2453db2e66053bc14ab092f1207190ac4f4bbd1ca3096f452053	images/default/83_jpg.rf.97bb9ac9eb4475845592cf2c04844efd.jpg	train							
A397	0c802320bb2bca1ea92d0ab6c99c5a8ae177791cf3277eeb19440e18c1b7cc1d	images/default/youtube-26_jpg.rf.b77f6366a5d7a51142f16b2d94f37a61.jpg	train							
A398	9f64478b19a0edf563fb65377322269f6208ac19e29a5b17b39e8fd6bab454e8	images/default/youtube-70_jpg.rf.f6af14734ef856cb3efbfd8f5d5eec97.jpg	train							
A399	7deb37570529f5dd9d089420cbc52df25c98bf541dedc1fb3121b50ea4ef51a6	images/default/413_png_jpg.rf.d7a9c93e99cd4d4ff9b56de6f00fc408.jpg	test							
A400	937d79ea048d446d2f257cf41b1e5f28a6c69d359522f63de3e78eec63b77014	images/default/youtube-77_jpg.rf.fe1decd3cc1ee46dfcade8e2a33a36fc.jpg	train							
A401	4b5d2a239527b4f13820ab341ee61671f6a6bebfd5abb8492a406a6612387c08	images/default/14789940250_d750cd4a53_b_jpg.rf.f59e0d58463357f1575e2371b9446202.jpg	train							
A402	62b560fcd6bbbb1a6e7cd6f980d896276a9a85ccf97912f4c90505706dbd1538	images/default/364_png_jpg.rf.414561a8934a7338c527f0736de50305.jpg	train							
A403	be5ff5a1107f650566bc831ab84eee1d7951381aa16792fb1cb38b858e0719d6	images/default/4636282459_131e244ea1_o_jpg.rf.7aeaa30dd3d22003b0d320de4cc2e208.jpg	test							
A404	c82439fb61e2777f6ac54d9086b388fa85f38d1d47b925aea1edc18b2c340447	images/default/164_png_jpg.rf.ea6c3c15f666894cdbf4d7d9befda67e.jpg	train							
A405	3b93c9b52277dee2fe44120d9f7d0f51d956bda8064e2d7e16a29ccd86f1ffe0	images/default/311_png_jpg.rf.46a84fb77cfb3627a784ef0ab66e99d7.jpg	train							
A406	4a310d8386a80f00e04dc6dd3705a109c862fbdadfc71f2b442c1b99325374aa	images/default/sf_JPG_jpg.rf.9f0d0c7293a94c49852ff605e44d0196.jpg	train							
A407	cc0250bef7bb7ecace945cffcf046660df2b12798c87c5e9edb10a85882cd766	images/default/MAI-B4025_2019_25_25890.PNG	validation							
A408	8211b8a20515b6f17196f329e32b7ff2419a356f2672464e5222079b1d70b27d	images/default/26393704790_c28f7d0ea5_o_0_2750_jpg.rf.b6d2421bb027c90ad1b2ac263b2ae42d.jpg	validation							
A409	367de41a66694a0fb6c23477390024a5407307244136762176549b52ae02c1c9	images/default/youtube-294_jpg.rf.4f27deb4ac3f4d6db7e5d99146252bc9.jpg	train							
A410	57d0d1880cd689561cd79ecf0467ab45ee24b2daa488f3a74a5fee7e7105089b	images/default/MAI-B2519_2019_16_17587.PNG	test							
A411	2172cb77001c5601ff5179f89592f6fb2e99c6e15f2667e0cc8fd4263122536a	images/default/11531111734_db61a343f5_o_jpg.rf.b6965213082009e4b57aba363f02e0e1.jpg	train							
A412	b21682c22e0db2cc6293c3eba5244c63906c8f58bca6b57dffe2ef01a5505c22	images/default/4_jpg.rf.7c6034cf473d47b9edd8c9812486e279.jpg	train							
A413	0a06ddc2f3af8e8200283d8bf163858e4037bc76b6031a934834cfce9f5267b7	images/default/MAI-B4037_2019_26_28746.PNG	train							
A414	5e34cc674ab8adc7d33baec5baab243ceec159c8af6e0fcd6d957fbe3a3cd50d	images/default/images-2-_jpg.rf.dcdaa44ed8abf8f0573b5f24f95d7094.jpg	train							
A415	3e2805962e9e5c0b655803c818079f4998aa4bf7c7a567f8a13e8b725a46b2dc	images/default/21670405772_4b90f35474_o_0_4821_0_3803_jpg.rf.64ddbd8021944aecce29451cbbf9c254.jpg	test							
A416	458ce25db5b84f35849d0f52db23a712edfca46f398b172c47dc5a397a872b2c	images/default/LaehouShallow2015IMG_2760_8262.PNG	train							
A417	390af29a4749c30245e10a62259f174fbe9e343618e8a0820c9d76b7df94ca15	images/default/KUR-B010_2019_28_5524.PNG	train							
A418	c008ce861733522b68009b149accd56f99e93c165493d0c554a01f704152f8a8	images/default/hc0255_jpg.rf.1e9d77de1d01cb6eec00586ce8db407b.jpg	test							
A419	4c46ffce87beedddb55c363ea5d08db4ee3e9230db21653be41ac00b0889bf9c	images/default/MAI-B4000_2019_07_18692.PNG	test							
A420	c767e223527ccaa5156562e01372a6ccdf1ac38af2fba1bce90fc4b298961f7c	images/default/youtube-5_jpg.rf.7285cf8b53cc52388fc7d8f70caea5fe.jpg	train							
A421	473cfd878b13cc336c0f56b20ed74d8cf70a7e93b01fefbb88b99773e892a82f	images/default/MAI-B2483_2019_26_16277.PNG	validation							
A422	48a62a69c99dc436a2b215ed5f6a3e3902de8f824ee454aab5f9096c5f2246db	images/default/296_png_jpg.rf.df9aac28f8bc0ccb967cdc577f5e906b.jpg	test							
A423	719b6b14461a222ee6695b7963eb3314974632180ea65bfab6bf7de67c4a77b0	images/default/LaehouShallow2015IMG_2747_7980.PNG	train							
A424	0d7cfeb1f7283490f5ac59521a5a0b49ea58e9c2247f4d6dbe37c88716aa17de	images/default/KUR-B010_2019_17_5322.PNG	train							
A425	445e208cf805a4582fc5979c5831560d929f9307e0a7cf01ae13eb1369d95c32	images/default/5612231712_abda896122_o_0_1549_0_5829_jpg.rf.5e373ed3c441417eb179705f20885108.jpg	validation							
A426	602ef200abe7516e1f82a01fdee0b7ca9fdfbbe51fea589e4e5edeed482aeb52	images/default/28050652105_562c80e24c_o_jpg.rf.ec590c7d7325a10930295178930fdd42.jpg	train							
A427	a21c296eb7402fb2e6bf983dda2ab78ec4730fd933edf0e265ad0e20ca6aa41e	images/default/17_jpg.rf.b421cb32fc9f0d11f31cd1f95bd29c5f.jpg	train							
A428	f999923b97c51f68a1ed111d18256df4de8250e701ee34ed6568bd4442b7fe53	images/default/youtube-530_jpg.rf.3aa4a276915a5f86e8af6be8ae6dd577.jpg	validation							
A429	0e60c986a40070026d07393e65f5bc1bdf9c3d156b21dca5b6307a4d3ea5ba41	images/default/LAN-B1796_2019_18_8949.PNG	test							
A430	187748f2a8ffe61e365fdfca748a144dab808b016ed3f6a17131dd2096d4d5cd	images/default/7133436125_83ecba3a00_o_jpg.rf.acee498e393f5bd0a7936d28ef01d4d5.jpg	train							
A431	7d806055df407259926837c8852af06149f8ffd208b6596f321998a3fe2b6272	images/default/youtube-1660_jpg.rf.25a6a008c6302178adfe5e9eb8fea71c.jpg	train							
A432	f8c87252bb0a1496d53da9be5abcec7f8bb667c5e0ce1cc6914dcaaf10e91e4f	images/default/frame_34320_jpg.rf.c24c00d102023040730e3f072ad886ce.jpg	test							
A433	a5d07434ca3e592187712e7c12efd26c1432674b395fade3ff9dc783624a7a46	images/default/LaehouShallow2015IMG_2714_7649.PNG	train							
A434	d4cb23addb7b08dd688ebe2a7c790421950c85e791eb695eabc218472bc28409	images/default/grtyh_JPG_jpg.rf.6306334136f157ca16c67c8088761b62.jpg	train							
A435	d43084717151f3e3b8f7b4b1cd4a15d6a024c828625a7a94c8c87b4de61a6bd2	images/default/frame_20460_jpg.rf.014e901bd43ee30442e082a8898a1234.jpg	validation							
A436	36b2848044a9e4b2301fde00713b29c199e45c3e66c03128280433aa4ff5dab2	images/default/7755589630_4b268c72ac_o_jpg.rf.86de1a471fbf62c22a4240bae08feb11.jpg	validation							
A437	7fe0262f4edce3476adbab245d76c5903a4fdc57edc3a8af6d9d67b6042bc52a	images/default/7152050767_96506223da_b_jpg.rf.9b4512fb8b93702c02d9ea8da2f5ea84.jpg	validation							
A438	8b3f62ed75c270a9153f55bdbb53837724035fe656432c4e23c78c7f7fbe56c9	images/default/MAI-B4004_2019_25_20247.PNG	validation							
A439	9b5312aa92e760c51b221887fe3ce62befe1dd57a4bf96f98ddda04d018302b9	images/default/hc0051_png.rf.c25dc08c7b61df1902bb8d714bd4af5f.jpg	test							
A440	c50fe801497fc399512dcf537bfb87ebf4d8cf81c416eba13e8de3cf6165df6b	images/default/8051298662_3d04161c19_o_jpg.rf.1bf3d88b78af7478a6f44576c481ec25.jpg	train							
A441	83f9100726adf80aa63581e36d9f20802dddbcc93466933fc43d4cdfd954ed4c	images/default/27436563583_1126863be6_o_jpg.rf.b1f0f3db0d9d6ea1f890fc1a139b9d94.jpg	train							
A442	bbcb8106d728b3d8da710d597ddbd9b6ce9c48550e74ad0865a79ce60f17bd7a	images/default/youtube-127_jpg.rf.ee6b81e2ab9b055660ae8f0cf2a5042d.jpg	train							
A443	d1e3838eb05ffa7095d94982689a14b0af86f62f793a25c01ee3fd88843dddb1	images/default/MAI-B2482_2019_05_15370.PNG	train							
A444	417f1670681e58b69c7c6032edb72a372404db479444a1f0ce32e61ba13ea2a0	images/default/28245768540_96e6446e1a_o_jpg.rf.e87da85018c4f9b3ff05709f93e9939c.jpg	train							
A445	9579486ef3b92ed8a4c04b0b122f9a4fe09186e4e4789bdf3ec47afab85d47d0	images/default/frame_34980_jpg.rf.4884e116ab9cc90d3be3e19f192ddb65.jpg	test							
A446	5c8d77399bc2dd941e2214af5c2a1ddfce6d74dc6ab4bff3731c3297cfef23ac	images/default/MAI-B4016_2019_14_23380.PNG	test							
A447	48ae4f4fc31b280bb739ddfa953ef8760839ab8f2bfaf7b1ef4fa13a7ec0acf6	images/default/youtube-1103_jpg.rf.5ae9d9f5f3798d9a2495fa2884c71e72.jpg	train							
A448	0028b0b94dcb1fdb57e5d4f85033d904f58bac735bd39006077cee36aefd7e03	images/default/MAI-B4024_2019_15_25490.PNG	train							
A449	7188eda6bdba1dab4381d7c7a0161599ebf42ce754766b4e701ee695f863d68f	images/default/34_jpg.rf.516c7c8ecebdb04b55d5d802263407bc.jpg	train							
A450	32c46d2cc4b8257f6c9a403a3aa1a133782d810b203673ed9a77cd0e48e2338e	images/default/pot_62_jpg.rf.3e2ba04afdd7da33b54e46bda1d04ccb.jpg	test							
A451	661c2df00c3eb7451df71a2373d8fcc63d461f41db2265c0bb7ae2d820d327aa	images/default/youtube-371_jpg.rf.9488ea4eb46339d07dbe2ca645459e6e.jpg	test							
A452	e0becddaac1b80a7d44f67324c25f5642fab957353d832358ac868f54a8cf3b0	images/default/LaehouShallow2015IMG_2669_6977.PNG	train							
A453	f18733be2e20bf7edaa14f5842c22b782b34ce8a06ef6e399868e14c8982233c	images/default/youtube-30_jpg.rf.d7c8823720925e47f2fb714b3c0e39d9.jpg	train							
A454	a5c9bd1632880c2829063f4b55fa215ca3bb5c4246b2dcc163a2f17f76bd71d8	images/default/Screenshot-1636-_png_jpg.rf.0e567f5cfd7522ad982bc2a34b636291.jpg	validation							
A455	32407fa9107e2c64333f1430793304fe561fed80f355437b29ccfa330028a745	images/default/4964242200_d2be746207_o_jpg.rf.24772aceda805d18adc221ed764d4c60.jpg	test							
A456	2cedac8ad02805bed3fdaa80562ce222ea3a78be7f377dc51bf345e49a42180e	images/default/frame_20400_jpg.rf.10137ce417900a1aa7bc87595bec560c.jpg	validation							
A457	9b136122b934416b36329b812b72bee49aeb2fe9b0e657914d73cf33bb6bb1fc	images/default/646_png_jpg.rf.8fee35432ba057ce5ad783ce94e6bab9.jpg	test							
A458	a65aa23d7fd8b4fafa9bb1998d689f8b15b82509980f76c5fec48e7d6d0cf4ae	images/default/44_jpg.rf.6363bccf52e3bbeb04a0d8413bb157c6.jpg	train							
A459	28188b744de6892699fb257ec806a2bb09fbbbd5d228a128e03a9d8c8bad82c7	images/default/39929886033_26f7679ca1_b_jpg.rf.d9b5f971c6730a950562b8c318407d9a.jpg	test							
A460	7800a3ba43dce4d3d34e59bda1d2a345a46a43c69241a7b11334754bd2a7b422	images/default/6131023417_409946f54d_b_jpg.rf.419dc198dc8572121f099682c60c6ce6.jpg	train							
A461	a19ec7bf17c3202efd4fe992af98483bf707a170a877f5895a62506294491b8e	images/default/5303196640_8248ab50b0_o_jpg.rf.e52233d46a348fb42c7063562cfed8ab.jpg	validation							
A462	9c4caf3b24f1f19ee0b72d69000f84e4d14506d85e68a51292ef16bd013ed48d	images/default/MAI-B4010_2019_29_22332.PNG	test							
A463	c386fc9bbc5c2185c25633a4d8f496269a88d1ddc5c4ac85d785baca151cea44	images/default/4892894895_db7ac36421_o_jpg.rf.842aba67d5a2b45b2c211ba2df82e940.jpg	train							
A464	da51b7aaff663aa591ed0dc8c3032b69116ea1063053e4cfbce51b4dd4f0bc61	images/default/41_png_jpg.rf.d789bf51ef0c63f61bcbe5e741375d99.jpg	train							
A465	a8ccddde221014528256768a78695dc627e9c6e0d9c88e70b9dafa02de578f9f	images/default/43_jpg.rf.f21565321354e215e6484b230611d9f5.jpg	train							
A466	cc3d4a50e9d891f9edd17cd3f5555e22ee728f07bb5ad7026093722facb38a29	images/default/OAH-B3116_2019_08_38315.PNG	test							
A467	c127f4d4b9941d36619be7f32c84f4be8b5e1cb521b9ea3305ceab9e373c07e2	images/default/hc0018_png.rf.3988ec13ae01835c653d4258c07f4745.jpg	train							
A468	910e8885b85133f9b0a1002f459e41a57d503c5f88c333e1faf2699c540d370b	images/default/youtube-2336_jpg.rf.c484ff1b089f98ea35d0de778edf815f.jpg	train							
A469	8291a234230a2318632e4f05a5b5cdddf2e1018df5820835f2a808884067485d	images/default/youtube-450_jpg.rf.052cd789d22f19e3e412b414f8ad9b66.jpg	train							
A470	8f27c117b989732a25f7b9c973e01364a3eca545d569f06f5b670f4b84dc54cd	images/default/youtube-1712_jpg.rf.c3eaa28669f6169fbed5ecd56a590983.jpg	validation							
A471	d5ee919962060ee8270580c2f3bdc5e7bb3d367cfb181a22543f64cf57faf488	images/default/youtube-28_jpg.rf.bd8714ee2bbaab692bbcc10242dd5f0c.jpg	train							
A472	dd8cebb00a4690f45ce8b903df55e775cdd92f6b964a7ea2bef3d2f9d45c63b2	images/default/202_png_jpg.rf.1a9cd64c6dbb7322b3e7c5d1f9a82120.jpg	train							
A473	f70e4156b501579ce1d2248b995cd66a3e8df5081d178f3118269c18993fae19	images/default/youtube-1490_jpg.rf.f5ae132de5d49f7ead6b55c2165a9572.jpg	train							
A474	c2049ec6b4c189600efc1b7abd1db1966b0484a557db04b24bdd50daa76b35d7	images/default/youtube-121_jpg.rf.1ba2ab938361afbdfe4dddcb151441e1.jpg	train							
A475	47f1b24dddd6034a6c06b4862a8f80df40d30572c34dc5ac37205b76af105537	images/default/12_jpg.rf.262b63035362d200178c680757373abc.jpg	train							
A476	abdd94ed359ea929279218bd5191befce7eaaa8fe4325c0289ab27214a32c969	images/default/riok_JPG_jpg.rf.aaf3a4f0c14130026e69536aa3f0f54a.jpg	train							
A477	a23bdd8faf0f8376201ad709e7e8558b79bdd33c1bb2bf85352416d41123f711	images/default/youtube-68_jpg.rf.6e9f93edceae3a6cd0dd7dbcc0e55b6a.jpg	train							
A478	713fb54ded95995b39febda0a8257499dae9af813e8ee25c2e3c8889139179d4	images/default/youtube-1227_jpg.rf.aeb463bc3bcdadafffef6b9ee22ba90c.jpg	train							
A479	08b95db91f46ab17fc8cf05746383e2f39855f88847649e7e004e6b3c44875e8	images/default/59_png_jpg.rf.eb44e3d14c718572ebd1c0199b847ff3.jpg	train							
A480	c2657cd031046fe196627deb2097652bbd310c56b279d4acfa3dc7a553704760	images/default/27119208655_78d1206562_b_jpg.rf.973df1df7cc6103ff82a20e834feaf44.jpg	train							
A481	d298446b1415fa3a4b7ca040e4387876df18965951b0b66cfff9bc883532c13d	images/default/33588071250_5c474b890d_o_jpg.rf.17c56b7e0555d5ecaa4e5fb738ee611b.jpg	validation							
A482	9347cb5536e1d621e61167aa0b063b72a97a7c28c2e05167de25236bdffa45d8	images/default/images-1-_jpg.rf.03bd13033281a19af801dd6f87d475e8.jpg	train							
A483	f0e51f59ed670fc834612bd51c19fc3302a4057509a6787fb94d933d934379c9	images/default/174_png_jpg.rf.833db275518ba2417b137a6eb8730192.jpg	train							
A484	b66cecf37ea4b39835f190b574c1ed6d71da93a3235ad48105b633346e007f2f	images/default/366_png_jpg.rf.b8d83f261520e5feda038ce5ece58398.jpg	test							
A485	87beeb586db8449bfd38fbacdaccf1149fa15913ca71a8c387366bd9ec4851f3	images/default/59_png_jpg.rf.21583c8296082491cfaa1627291aa4bf.jpg	train							
A486	31349f761d2e0470a304c44fc17b5d66b469555b8c93e361edec6f00cfe5c427	images/default/youtube-2798_jpg.rf.87fe58af9ff2dd2d227808a2565680e4.jpg	train							
A487	8069842c1b574a9de6083b717713c81a7c6b395d1cc88bf60b7a39b0ff9e900c	images/default/youtube-2825_jpg.rf.4335e079a4b9bf85e5a2989a4119a91f.jpg	train							
A488	64271ff142450f685acc2888113ad6c17e761abc8466d1624e164876c2c18e67	images/default/107_png_jpg.rf.436800fb18ca5b75d7ab7271966853bb.jpg	train							
A489	3cac44cd0d4620dbe6c6ac47be67378d6fc82d6bde443b97fc987d80081eec6b	images/default/MAI-B4039_2019_07_29329.PNG	train							
A490	7b2109eaea51d312eafe73256a42f6be0cfc40e42e79b32480cc93d66a132946	images/default/youtube-30_jpg.rf.5d81e5469f876e4ac017544669978bc5.jpg	train							
A491	3a667fe978a42ba7e27fa2bba9681285b4f1be5373f4195a687225440b27721a	images/default/opo_JPG_jpg.rf.dec0f7e87c99c6c140c1ea522926d42f.jpg	train							
A492	b619c671f6acc3620ebe91f093792a0d8e827a25894aa592fc71cc4afab64836	images/default/4892894895_db7ac36421_o_jpg.rf.3a898d0d46d5f40c22de28efc9fffcb8.jpg	train							
A493	6ec70228eb30bcd4797630b6e2f2afe8b2b2449163dfdf648630fab27f54d706	images/default/youtube-127_jpg.rf.7004d053fa153e08e7fc86b46c167351.jpg	train							
A494	9b333b1f1d873d94b9f1e59602c3b6598505a695137970a3a9eda06ed4c1f0b6	images/default/youtube-1780_jpg.rf.d4fd0caaac966b706014cb88fc44298c.jpg	train							
A495	0df3105d802fdddc8f6e9727873d3d812062a2141d8c4f5ed546ffbff24429b8	images/default/youtube-935_jpg.rf.932540d91afeb22c6e82160008e1cc46.jpg	test							
A496	ec1b85f5521f46068399c5cbda24837b53b9b7af35f1f6ef627ec1611ac8288b	images/default/MAI-B4005_2019_13_20533.PNG	train							
A497	f3d1277218636debfe6907fa05cea72120f3a86e33c1749dcf1db51021c59170	images/default/15_jpg.rf.0b7d93de6b9de3edcd22b1ea5e2e0e10.jpg	train							
A498	38742e82da1527e301cf47f2f9828bf4222106959d9580be29be5de3bf50def0	images/default/14633816529_af934e0aa8_o_jpg.rf.187db3e3575e7b493112794503ddbf38.jpg	train							
A499	3db201c30d8b016a85b2ee7609acb2587d192b86d687a01c16b3086ed791a989	images/default/371_png_jpg.rf.aefb13ef4b43326e20c1143cabc88a99.jpg	train							
A500	e12f94a89808f5953324864cf2f86f0c4b338649ba5e4aa294fe0c9d55d2d272	images/default/MAI-B4010_2019_29_22331.PNG	test							
